#if defined(LV_LVGL_H_INCLUDE_SIMPLE)
#include "lvgl.h"
#elif defined(LV_BUILD_TEST)
#include "../lvgl.h"
#else
#include "lvgl/lvgl.h"
#endif

#ifndef LV_ATTRIBUTE_MEM_ALIGN
#define LV_ATTRIBUTE_MEM_ALIGN
#endif

static const LV_ATTRIBUTE_MEM_ALIGN LV_ATTRIBUTE_LARGE_CONST uint8_t quantum_watch_startup_logo_220_220_map[] = {
    0xa5,0x08,0xa5,0x08,0xa5,0x08,0xa5,0x08,0xa5,0x08,0xa5,0x08,0xa5,0x08,0xa5,0x08,
    0xa5,0x08,0xa5,0x08,0xa5,0x08,0xa5,0x08,0xa5,0x08,0xa5,0x08,0xa5,0x08,0xa5,0x08,
    0xa5,0x08,0xa5,0x08,0xa5,0x08,0xa5,0x08,0xa5,0x08,0xa5,0x08,0xa5,0x08,0xa5,0x08,
    0xa5,0x08,0xa5,0x08,0xa5,0x08,0xa5,0x08,0xa5,0x08,0xa5,0x08,0xa5,0x08,0xa5,0x08,
    0xa5,0x08,0xa5,0x08,0xa5,0x08,0xa5,0x08,0xa5,0x08,0xa5,0x08,0xa5,0x08,0xa5,0x08,
    0xa5,0x08,0xa5,0x08,0xa5,0x08,0xa5,0x08,0xa5,0x08,0xa5,0x08,0xa5,0x08,0xa5,0x08,
    0xa5,0x08,0xa5,0x08,0xa5,0x08,0xa5,0x08,0xa5,0x08,0xa5,0x08,0xa5,0x08,0xa5,0x08,
    0xa5,0x08,0xa5,0x08,0xa5,0x08,0xa5,0x08,0xa5,0x08,0xa5,0x08,0xa5,0x08,0xa5,0x08,
    0xa5,0x08,0xa5,0x08,0xa5,0x08,0xa5,0x08,0xa5,0x08,0xa5,0x08,0xa5,0x08,0xa5,0x08,
    0xa5,0x08,0xa5,0x08,0xa5,0x08,0xa5,0x08,0xa5,0x08,0xa5,0x08,0xa5,0x08,0xa5,0x08,
    0xa5,0x08,0xa5,0x08,0xa5,0x08,0xa5,0x08,0xa5,0x08,0xa5,0x08,0xa5,0x08,0xa5,0x08,
    0xa5,0x08,0xa5,0x08,0xa5,0x08,0xa5,0x08,0xa5,0x08,0xa5,0x08,0xa5,0x08,0xa5,0x08,
    0xa5,0x08,0xa5,0x08,0xa5,0x08,0xa5,0x08,0xa5,0x08,0xa5,0x08,0xa5,0x08,0xa5,0x08,
    0xa5,0x08,0xa5,0x08,0xa5,0x08,0xa5,0x08,0xa5,0x08,0xa5,0x08,0xa5,0x08,0xa5,0x08,
    0xa5,0x08,0xa5,0x08,0xa5,0x08,0xa5,0x08,0xa5,0x08,0xa5,0x08,0xa5,0x08,0xa5,0x08,
    0xa5,0x08,0xa5,0x08,0xa5,0x08,0xa5,0x08,0xa5,0x08,0xa5,0x08,0xa5,0x08,0xa5,0x08,
    0xa5,0x08,0xa5,0x08,0xa5,0x08,0xa5,0x08,0xa5,0x08,0xa5,0x08,0xa5,0x08,0xa5,0x08,
    0xa5,0x08,0xa5,0x08,0xa5,0x08,0xa5,0x08,0xa5,0x08,0xa5,0x08,0xa5,0x08,0xa5,0x08,
    0xa5,0x08,0xa5,0x08,0xa5,0x08,0xa5,0x08,0xa5,0x08,0xa5,0x08,0xa5,0x08,0xa5,0x08,
    0xa5,0x08,0xa5,0x08,0xa5,0x08,0xa5,0x08,0xa5,0x08,0xa5,0x08,0xa5,0x08,0xa5,0x08,
    0xa5,0x08,0xa5,0x08,0xa5,0x08,0xa5,0x08,0xa5,0x08,0xa5,0x08,0xa5,0x08,0xa5,0x08,
    0xa5,0x08,0xa5,0x08,0xa5,0x08,0xa5,0x08,0xa5,0x08,0xa5,0x08,0xa5,0x08,0xa5,0x08,
    0xa5,0x08,0xa5,0x08,0xa5,0x08,0xa5,0x08,0xa5,0x08,0xa5,0x08,0xa5,0x08,0xa5,0x08,
    0xa5,0x08,0xa5,0x08,0xa5,0x08,0xa5,0x08,0xa5,0x08,0xa5,0x08,0xa5,0x08,0xa5,0x08,
    0xa5,0x08,0xa5,0x08,0xa5,0x08,0xa5,0x08,0xa5,0x08,0xa5,0x08,0xa5,0x08,0xa5,0x08,
    0xa5,0x08,0xa5,0x08,0xa5,0x08,0xa5,0x08,0xa5,0x08,0xa5,0x08,0xa5,0x08,0xa5,0x08,
    0xa5,0x08,0xa5,0x08,0xa5,0x08,0xa5,0x08,0xa5,0x08,0xa5,0x08,0xa5,0x08,0xa5,0x08,
    0xa5,0x08,0xa5,0x08,0xa5,0x08,0xa5,0x08,0xa5,0x08,0xa5,0x08,0xa5,0x08,0xa5,0x08,
    0xa5,0x08,0xa5,0x08,0xa5,0x08,0xa5,0x08,0xa5,0x08,0xa5,0x08,0xa5,0x08,0xa5,0x08,
    0xa5,0x08,0xa5,0x08,0xa5,0x08,0xa5,0x08,0xa5,0x08,0xa5,0x08,0xa5,0x08,0xa5,0x08,
    0xa5,0x08,0xa5,0x08,0xa5,0x08,0xa5,0x08,0xa5,0x08,0xa5,0x08,0xa5,0x08,0xa5,0x08,
    0xa5,0x08,0xa5,0x08,0xa5,0x08,0xa5,0x08,0xa5,0x08,0xa5,0x08,0xa5,0x08,0xa5,0x08,
    0xa5,0x08,0xa5,0x08,0xa5,0x08,0xa5,0x08,0xa5,0x08,0xa5,0x08,0xa5,0x08,0xa5,0x08,
    0xa5,0x08,0xa5,0x08,0xa5,0x08,0xa5,0x08,0xa5,0x08,0xa5,0x08,0xa5,0x08,0xa5,0x08,
    0xa5,0x08,0xa5,0x08,0xa5,0x08,0xa5,0x08,0xa5,0x08,0xa5,0x08,0xa5,0x08,0xa5,0x08,
    0xa5,0x08,0xa5,0x08,0xa5,0x08,0xa5,0x08,0xa5,0x08,0xa5,0x08,0xa5,0x08,0xa5,0x08,
    0xa5,0x08,0xa5,0x08,0xa5,0x08,0xa5,0x08,0xa5,0x08,0xa5,0x08,0xa5,0x08,0xa5,0x08,
    0xa5,0x08,0xa5,0x08,0xa5,0x08,0xa5,0x08,0xa5,0x08,0xa5,0x08,0xa5,0x08,0xa5,0x08,
    0xa5,0x08,0xa5,0x08,0xa5,0x08,0xa5,0x08,0xa5,0x08,0xa5,0x08,0xa5,0x08,0xa5,0x08,
    0xa5,0x08,0xa5,0x08,0xa5,0x08,0xa5,0x08,0xa5,0x08,0xa5,0x08,0xa5,0x08,0xa5,0x08,
    0xa5,0x08,0xa5,0x08,0xa5,0x08,0xa5,0x08,0xa5,0x08,0xa5,0x08,0xa5,0x08,0xa5,0x08,
    0xa5,0x08,0xa5,0x08,0xa5,0x08,0xa5,0x08,0xa5,0x08,0xa5,0x08,0xa5,0x08,0xa5,0x08,
    0xa5,0x08,0xa5,0x08,0xa5,0x08,0xa5,0x08,0xa5,0x08,0xa5,0x08,0xa5,0x08,0xa5,0x08,
    0xa5,0x08,0xa5,0x08,0xa5,0x08,0xa5,0x08,0xa5,0x08,0xa5,0x08,0xa5,0x08,0xa5,0x08,
    0xa5,0x08,0xa5,0x08,0xa5,0x08,0xa5,0x08,0xa5,0x08,0xa5,0x08,0xa5,0x08,0xa5,0x08,
    0xa5,0x08,0xa5,0x08,0xa5,0x08,0xa5,0x08,0xa5,0x08,0xa5,0x08,0xa5,0x08,0xa5,0x08,
    0xa5,0x08,0xa5,0x08,0xa5,0x08,0xa5,0x08,0xa5,0x08,0xa5,0x08,0xa5,0x08,0xa5,0x08,
    0xa5,0x08,0xa5,0x08,0xa5,0x08,0xa5,0x08,0xa5,0x08,0xa5,0x08,0xa5,0x08,0xa5,0x08,
    0xa5,0x08,0xa5,0x08,0xa5,0x08,0xa5,0x08,0xa5,0x08,0xa5,0x08,0xa5,0x08,0xa5,0x08,
    0xa5,0x08,0xa5,0x08,0xa5,0x08,0xa5,0x08,0xa5,0x08,0xa5,0x08,0xa5,0x08,0xa5,0x08,
    0xa5,0x08,0xa5,0x08,0xa5,0x08,0xa5,0x08,0xa5,0x08,0xa5,0x08,0xa5,0x08,0xa5,0x08,
    0xa5,0x08,0xa5,0x08,0xa5,0x08,0xa5,0x08,0xa5,0x08,0xa5,0x08,0xa5,0x08,0xa5,0x08,
    0xa5,0x08,0xa5,0x08,0xa5,0x08,0xa5,0x08,0xa5,0x08,0xa5,0x08,0xa5,0x08,0xa5,0x08,
    0xa5,0x08,0xa5,0x08,0xa5,0x08,0xa5,0x08,0xa5,0x08,0xa5,0x08,0xa5,0x08,0xa5,0x08,
    0xa5,0x08,0xa5,0x08,0xa5,0x08,0xa5,0x08,0xa5,0x08,0xa5,0x08,0xa5,0x08,0xa5,0x08,
    0xa5,0x08,0xa5,0x08,0xa5,0x08,0xa5,0x08,0xa5,0x08,0xa5,0x08,0xa5,0x08,0xa5,0x08,
    0xa5,0x08,0xa5,0x08,0xa5,0x08,0xa5,0x08,0xa5,0x08,0xa5,0x08,0xa5,0x08,0xa5,0x08,
    0xa5,0x08,0xa5,0x08,0xa5,0x08,0xa5,0x08,0xa5,0x08,0xa5,0x08,0xa5,0x08,0xa5,0x08,
    0xa5,0x08,0xa5,0x08,0xa5,0x08,0xa5,0x08,0xa5,0x08,0xa5,0x08,0xa5,0x08,0xa5,0x08,
    0xa5,0x08,0xa5,0x08,0xa5,0x08,0xa5,0x08,0xa5,0x08,0xa5,0x08,0xa5,0x08,0xa5,0x08,
    0xa5,0x08,0xa5,0x08,0xa5,0x08,0xa5,0x08,0xa5,0x08,0xa5,0x08,0xa5,0x08,0xa5,0x08,
    0xa5,0x08,0xa5,0x08,0xa5,0x08,0xa5,0x08,0xa5,0x08,0xa5,0x08,0xa5,0x08,0xa5,0x08,
    0xa5,0x08,0xa5,0x08,0xa5,0x08,0xa5,0x08,0xa5,0x08,0xa5,0x08,0xa5,0x08,0xa5,0x08,
    0xa5,0x08,0xa5,0x08,0xa5,0x08,0xa5,0x08,0xa5,0x08,0xa5,0x08,0xa5,0x08,0xa5,0x08,
    0xa5,0x08,0xa5,0x08,0xa5,0x08,0xa5,0x08,0xa5,0x08,0xa5,0x08,0xa5,0x08,0xa5,0x08,
    0xa5,0x08,0xa5,0x08,0xa5,0x08,0xa5,0x08,0xa5,0x08,0xa5,0x08,0xa5,0x08,0xa5,0x08,
    0xa5,0x08,0xa5,0x08,0xa5,0x08,0xa5,0x08,0xa5,0x08,0xa5,0x08,0xa5,0x08,0xa5,0x08,
    0xa5,0x08,0xa5,0x08,0xa5,0x08,0xa5,0x08,0xa5,0x08,0xa5,0x08,0xa5,0x08,0xa5,0x08,
    0xa5,0x08,0xa5,0x08,0xa5,0x08,0xa5,0x08,0xa5,0x08,0xa5,0x08,0xa5,0x08,0xa5,0x08,
    0xa5,0x08,0xa5,0x08,0xa5,0x08,0xa5,0x08,0xa5,0x08,0xa5,0x08,0xa5,0x08,0xa5,0x08,
    0xa5,0x08,0xa5,0x08,0xa5,0x08,0xa5,0x08,0xa5,0x08,0xa5,0x08,0xa5,0x08,0xa5,0x08,
    0xa5,0x08,0xa5,0x08,0xa5,0x08,0xa5,0x08,0xa5,0x08,0xa5,0x08,0xa5,0x08,0xa5,0x08,
    0xa5,0x08,0xa5,0x08,0xa5,0x08,0xa5,0x08,0xa5,0x08,0xa5,0x08,0xa5,0x08,0xa5,0x08,
    0xa5,0x08,0xa5,0x08,0xa5,0x08,0xa5,0x08,0xa5,0x08,0xa5,0x08,0xa5,0x08,0xa5,0x08,
    0xa5,0x08,0xa5,0x08,0xa5,0x08,0xa5,0x08,0xa5,0x08,0xa5,0x08,0xa5,0x08,0xa5,0x08,
    0xa5,0x08,0xa5,0x08,0xa5,0x08,0xa5,0x08,0xa5,0x08,0xa5,0x08,0xa5,0x08,0xa5,0x08,
    0xa5,0x08,0xa5,0x08,0xa5,0x08,0xa5,0x08,0xa5,0x08,0xa5,0x08,0xa5,0x08,0xa5,0x08,
    0xa5,0x08,0xa5,0x08,0xa5,0x08,0xa5,0x08,0xa5,0x08,0xa5,0x08,0xa5,0x08,0xa5,0x08,
    0xa5,0x08,0xa5,0x08,0xa5,0x08,0xa5,0x08,0xa5,0x08,0xa5,0x08,0xa5,0x08,0xa5,0x08,
    0xa5,0x08,0xa5,0x08,0xa5,0x08,0xa5,0x08,0xa5,0x08,0xa5,0x08,0xa5,0x08,0xa5,0x08,
    0xa5,0x08,0xa5,0x08,0xa5,0x08,0xa5,0x08,0xa5,0x08,0xa5,0x08,0xa5,0x08,0xa5,0x08,
    0xa5,0x08,0xa5,0x08,0xa5,0x08,0xa5,0x08,0xa5,0x08,0xa5,0x08,0xa5,0x08,0xa5,0x08,
    0xa5,0x08,0xa5,0x08,0xa5,0x08,0xa5,0x08,0xa5,0x08,0xa5,0x08,0xa5,0x08,0xa5,0x08,
    0xa5,0x08,0xa5,0x08,0xa5,0x08,0xa5,0x08,0xa5,0x08,0xa5,0x08,0xa5,0x08,0xa5,0x08,
    0xa5,0x08,0xa5,0x08,0xa5,0x08,0xa5,0x08,0xa5,0x08,0xa5,0x08,0xa5,0x08,0xa5,0x08,
    0xa5,0x08,0xa5,0x08,0xa5,0x08,0xa5,0x08,0xa5,0x08,0xa5,0x08,0xa5,0x08,0xa5,0x08,
    0xa5,0x08,0xa5,0x08,0xa5,0x08,0xa5,0x08,0xa5,0x08,0xa5,0x08,0xa5,0x08,0xa5,0x08,
    0xa5,0x08,0xa5,0x08,0xa5,0x08,0xa5,0x08,0xa5,0x08,0xa5,0x08,0xa5,0x08,0xa5,0x08,
    0xa5,0x08,0xa5,0x08,0xa5,0x08,0xa5,0x08,0xa5,0x08,0xa5,0x08,0xa5,0x08,0xa5,0x08,
    0xa5,0x08,0xa5,0x08,0xa5,0x08,0xa5,0x08,0xa5,0x08,0xa5,0x08,0xa5,0x08,0xa5,0x08,
    0xa5,0x08,0xa5,0x08,0xa5,0x08,0xa5,0x08,0xa5,0x08,0xa5,0x08,0xa5,0x08,0xa5,0x08,
    0xa5,0x08,0xa5,0x08,0xa5,0x08,0xa5,0x08,0xa5,0x08,0xa5,0x08,0xa5,0x08,0xa5,0x08,
    0xa5,0x08,0xa5,0x08,0xa5,0x08,0xa5,0x08,0xa5,0x08,0xa5,0x08,0xa5,0x08,0xa5,0x08,
    0xa5,0x08,0xa5,0x08,0xa5,0x08,0xa5,0x08,0xa5,0x08,0xa5,0x08,0xa5,0x08,0xa5,0x08,
    0xa5,0x08,0xa5,0x08,0xa5,0x08,0xa5,0x08,0xa5,0x08,0xa5,0x08,0xa5,0x08,0xa5,0x08,
    0xa5,0x08,0xa5,0x08,0xa5,0x08,0xa5,0x08,0xa5,0x08,0xa5,0x08,0xa5,0x08,0xa5,0x08,
    0xa5,0x08,0xa5,0x08,0xa5,0x08,0xa5,0x08,0xa5,0x08,0xa5,0x08,0xa5,0x08,0xa5,0x08,
    0xa5,0x08,0xa5,0x08,0xa5,0x08,0xa5,0x08,0xa5,0x08,0xa5,0x08,0xa5,0x08,0xa5,0x08,
    0xa5,0x08,0xa5,0x08,0xa5,0x08,0xa5,0x08,0xa5,0x08,0xa5,0x08,0xa5,0x08,0xa5,0x08,
    0xa5,0x08,0xa5,0x08,0xa5,0x08,0xa5,0x08,0xa5,0x08,0xa5,0x08,0xa5,0x08,0xa5,0x08,
    0xa5,0x08,0xa5,0x08,0xa5,0x08,0xa5,0x08,0xa5,0x08,0xa5,0x08,0xa5,0x08,0xa5,0x08,
    0xa5,0x08,0xa5,0x08,0xa5,0x08,0xa5,0x08,0xa5,0x08,0xa5,0x08,0xa5,0x08,0xa5,0x08,
    0xa5,0x08,0xa5,0x08,0xa5,0x08,0xa5,0x08,0xa5,0x08,0xa5,0x08,0xa5,0x08,0xa5,0x08,
    0xa5,0x08,0xa5,0x08,0xa5,0x08,0xa5,0x08,0xa5,0x08,0xa5,0x08,0xa5,0x08,0xa5,0x08,
    0xa5,0x08,0xa5,0x08,0xa5,0x08,0xa5,0x08,0xa5,0x08,0xa5,0x08,0xa5,0x08,0xa5,0x08,
    0xa5,0x08,0xa5,0x08,0xa5,0x08,0xa5,0x08,0xa5,0x08,0xa5,0x08,0xa5,0x08,0xa5,0x08,
    0xa5,0x08,0xa5,0x08,0xa5,0x08,0xa5,0x08,0xa5,0x08,0xa5,0x08,0xa5,0x08,0xa5,0x08,
    0xa5,0x08,0xa5,0x08,0xa5,0x08,0xa5,0x08,0xa5,0x08,0xa5,0x08,0xa5,0x08,0xa5,0x08,
    0xa5,0x08,0xa5,0x08,0xa5,0x08,0xa5,0x08,0xa5,0x08,0xa5,0x08,0xa5,0x08,0xa5,0x08,
    0xa5,0x08,0xa5,0x08,0xa5,0x08,0xa5,0x08,0xa5,0x08,0xa5,0x08,0xa5,0x08,0xa5,0x08,
    0xa5,0x08,0xa5,0x08,0xa5,0x08,0xa5,0x08,0xa5,0x08,0xa5,0x08,0xa5,0x08,0xa5,0x08,
    0xa5,0x08,0xa5,0x08,0xa5,0x08,0xa5,0x08,0xa5,0x08,0xa5,0x08,0xa5,0x08,0xa5,0x08,
    0xa5,0x08,0xa5,0x08,0xa5,0x08,0xa5,0x08,0xa5,0x08,0xa5,0x08,0xa5,0x08,0xa5,0x08,
    0xa5,0x08,0xa5,0x08,0xa5,0x08,0xa5,0x08,0xa5,0x08,0xa5,0x08,0xa5,0x08,0xa5,0x08,
    0xa5,0x08,0xa5,0x08,0xa5,0x08,0xa5,0x08,0xa5,0x08,0xa5,0x08,0xa5,0x08,0xa5,0x08,
    0xa5,0x08,0xa5,0x08,0xa5,0x08,0xa5,0x08,0xa5,0x08,0xa5,0x08,0xa5,0x08,0xa5,0x08,
    0xa5,0x08,0xa5,0x08,0xa5,0x08,0xa5,0x08,0xa5,0x08,0xa5,0x08,0xa5,0x08,0xa5,0x08,
    0xa5,0x08,0xa5,0x08,0xa5,0x08,0xa5,0x08,0xa5,0x08,0xa5,0x08,0xa5,0x08,0xa5,0x08,
    0xa5,0x08,0xa5,0x08,0xa5,0x08,0xa5,0x08,0xa5,0x08,0xa5,0x08,0xa5,0x08,0xa5,0x08,
    0xa5,0x08,0xa5,0x08,0xa5,0x08,0xa5,0x08,0xa5,0x08,0xa5,0x08,0xa5,0x08,0xa5,0x08,
    0xa5,0x08,0xa5,0x08,0xa5,0x08,0xa5,0x08,0xa5,0x08,0xa5,0x08,0xa5,0x08,0xa5,0x08,
    0xa5,0x08,0xa5,0x08,0xa5,0x08,0xa5,0x08,0xa5,0x08,0xa5,0x08,0xa5,0x08,0xa5,0x08,
    0xa5,0x08,0xa5,0x08,0xa5,0x08,0xa5,0x08,0xa5,0x08,0xa5,0x08,0xa5,0x08,0xa5,0x08,
    0xa5,0x08,0xa5,0x08,0xa5,0x08,0xa5,0x08,0xa5,0x08,0xa5,0x08,0xa5,0x08,0xa5,0x08,
    0xa5,0x08,0xa5,0x08,0xa5,0x08,0xa5,0x08,0xa5,0x08,0xa5,0x08,0xa5,0x08,0xa5,0x08,
    0xa5,0x08,0xa5,0x08,0xa5,0x08,0xa5,0x08,0xa5,0x08,0xa5,0x08,0xa5,0x08,0xa5,0x08,
    0xa5,0x08,0xa5,0x08,0xa5,0x08,0xa5,0x08,0xa5,0x08,0xa5,0x08,0xa5,0x08,0xa5,0x08,
    0xa5,0x08,0xa5,0x08,0xa5,0x08,0xa5,0x08,0xa5,0x08,0xa5,0x08,0xa5,0x08,0xa5,0x08,
    0xa5,0x08,0xa5,0x08,0xa5,0x08,0xa5,0x08,0xa5,0x08,0xa5,0x08,0xa5,0x08,0xa5,0x08,
    0xa5,0x08,0xa5,0x08,0xa5,0x08,0xa5,0x08,0xa5,0x08,0xa5,0x08,0xa5,0x08,0xa5,0x08,
    0xa5,0x08,0xa5,0x08,0xa5,0x08,0xa5,0x08,0xa5,0x08,0xa5,0x08,0xa5,0x08,0xa5,0x08,
    0xa5,0x08,0xa5,0x08,0xa5,0x08,0xa5,0x08,0xa5,0x08,0xa5,0x08,0xa5,0x08,0xa5,0x08,
    0xa5,0x08,0xa5,0x08,0xa5,0x08,0xa5,0x08,0xa5,0x08,0xa5,0x08,0xa5,0x08,0xa5,0x08,
    0xa5,0x08,0xa5,0x08,0xa5,0x08,0xa5,0x08,0xa5,0x08,0xa5,0x08,0xa5,0x08,0xa5,0x08,
    0xa5,0x08,0xa5,0x08,0xa5,0x08,0xa5,0x08,0xa5,0x08,0xa5,0x08,0xa5,0x08,0xa5,0x08,
    0xa5,0x08,0xa5,0x08,0xa5,0x08,0xa5,0x08,0xa5,0x08,0xa5,0x08,0xa5,0x08,0xa5,0x08,
    0xa5,0x08,0xa5,0x08,0xa5,0x08,0xa5,0x08,0xa5,0x08,0xa5,0x08,0xa5,0x08,0xa5,0x08,
    0xa5,0x08,0xa5,0x08,0xa5,0x08,0xa5,0x08,0xa5,0x08,0xa5,0x08,0xa5,0x08,0xa5,0x08,
    0xa5,0x08,0xa5,0x08,0xa5,0x08,0xa5,0x08,0xa5,0x08,0xa5,0x08,0xa5,0x08,0xa5,0x08,
    0xa5,0x08,0xa5,0x08,0xa5,0x08,0xa5,0x08,0xa5,0x08,0xa5,0x08,0xa5,0x08,0xa5,0x08,
    0xa5,0x08,0xa5,0x08,0xa5,0x08,0xa5,0x08,0xa5,0x08,0xa5,0x08,0xa5,0x08,0xa5,0x08,
    0xa5,0x08,0xa5,0x08,0xa5,0x08,0xa5,0x08,0xa5,0x08,0xa5,0x08,0xa5,0x08,0xa5,0x08,
    0xa5,0x08,0xa5,0x08,0xa5,0x08,0xa5,0x08,0xa5,0x08,0xa5,0x08,0xa5,0x08,0xa5,0x08,
    0xa5,0x08,0xa5,0x08,0xa5,0x08,0xa5,0x08,0xa5,0x08,0xa5,0x08,0xa5,0x08,0xa5,0x08,
    0xa5,0x08,0xa5,0x08,0xa5,0x08,0xa5,0x08,0xa5,0x08,0xa5,0x08,0xa5,0x08,0xa5,0x08,
    0xa5,0x08,0xa5,0x08,0xa5,0x08,0xa5,0x08,0xa5,0x08,0xa5,0x08,0xa5,0x08,0xa5,0x08,
    0xa5,0x08,0xa5,0x08,0xa5,0x08,0xa5,0x08,0xa5,0x08,0xa5,0x08,0xa5,0x08,0xa5,0x08,
    0xa5,0x08,0xa5,0x08,0xa5,0x08,0xa5,0x08,0xa5,0x08,0xa5,0x08,0xa5,0x08,0xa5,0x08,
    0xa5,0x08,0xa5,0x08,0xa5,0x08,0xa5,0x08,0xa5,0x08,0xa5,0x08,0xa5,0x08,0xa5,0x08,
    0xa5,0x08,0xa5,0x08,0xa5,0x08,0xa5,0x08,0xa5,0x08,0xa5,0x08,0xa5,0x08,0xa5,0x08,
    0xa5,0x08,0xa5,0x08,0xa5,0x08,0xa5,0x08,0xa5,0x08,0xa5,0x08,0xa5,0x08,0xa5,0x08,
    0xa5,0x08,0xa5,0x08,0xa5,0x08,0xa5,0x08,0xa5,0x08,0xa5,0x08,0xa5,0x08,0xa5,0x08,
    0xa5,0x08,0xa5,0x08,0xa5,0x08,0xa5,0x08,0xa5,0x08,0xa5,0x08,0xa5,0x08,0xa5,0x08,
    0xa5,0x08,0xa5,0x08,0xa5,0x08,0xa5,0x08,0xa5,0x08,0xa5,0x08,0xa5,0x08,0xa5,0x08,
    0xa5,0x08,0xa5,0x08,0xa5,0x08,0xa5,0x08,0xa5,0x08,0xa5,0x08,0xa5,0x08,0xa5,0x08,
    0xa5,0x08,0xa5,0x08,0xa5,0x08,0xa5,0x08,0xa5,0x08,0xa5,0x08,0xa5,0x08,0xa5,0x08,
    0xa5,0x08,0xa5,0x08,0xa5,0x08,0xa5,0x08,0xa5,0x08,0xa5,0x08,0xa5,0x08,0xa5,0x08,
    0xa5,0x08,0xa5,0x08,0xa5,0x08,0xa5,0x08,0xa5,0x08,0xa5,0x08,0xa5,0x08,0xa5,0x08,
    0xa5,0x08,0xa5,0x08,0xa5,0x08,0xa5,0x08,0xa5,0x08,0xa5,0x08,0xa5,0x08,0xa5,0x08,
    0xa5,0x08,0xa5,0x08,0xa5,0x08,0xa5,0x08,0xa5,0x08,0xa5,0x08,0xa5,0x08,0xa5,0x08,
    0xa5,0x08,0xa5,0x08,0xa5,0x08,0xa5,0x08,0xa5,0x08,0xa5,0x08,0xa5,0x08,0xa5,0x08,
    0xa5,0x08,0xa5,0x08,0xa5,0x08,0xa5,0x08,0xa5,0x08,0xa5,0x08,0xa5,0x08,0xa5,0x08,
    0xa5,0x08,0xa5,0x08,0xa5,0x08,0xa5,0x08,0xa5,0x08,0xa5,0x08,0xa5,0x08,0xa5,0x08,
    0xa5,0x08,0xa5,0x08,0xa5,0x08,0xa5,0x08,0xa5,0x08,0xa5,0x08,0xa5,0x08,0xa5,0x08,
    0xa5,0x08,0xa5,0x08,0xa5,0x08,0xa5,0x08,0xa5,0x08,0xa5,0x08,0xa5,0x08,0xa5,0x08,
    0xa5,0x08,0xa5,0x08,0xa5,0x08,0xa5,0x08,0xa5,0x08,0xa5,0x08,0xa5,0x08,0xa5,0x08,
    0xa5,0x08,0xa5,0x08,0xa5,0x08,0xa5,0x08,0xa5,0x08,0xa5,0x08,0xa5,0x08,0xa5,0x08,
    0xa5,0x08,0xa5,0x08,0xa5,0x08,0xa5,0x08,0xa5,0x08,0xa5,0x08,0xa5,0x08,0xa5,0x08,
    0xa5,0x08,0xa5,0x08,0xa5,0x08,0xa5,0x08,0xa5,0x08,0xa5,0x08,0xa5,0x08,0xa5,0x08,
    0xa5,0x08,0xa5,0x08,0xa5,0x08,0xa5,0x08,0xa5,0x08,0xa5,0x08,0xa5,0x08,0xa5,0x08,
    0xa5,0x08,0xa5,0x08,0xa5,0x08,0xa5,0x08,0xa5,0x08,0xa5,0x08,0xa5,0x08,0xa5,0x08,
    0xa5,0x08,0xa5,0x08,0xa5,0x08,0xa5,0x08,0xa5,0x08,0xa5,0x08,0xa5,0x08,0xa5,0x08,
    0xa5,0x08,0xa5,0x08,0xa5,0x08,0xa5,0x08,0xa5,0x08,0xa5,0x08,0xa5,0x08,0xa5,0x08,
    0xa5,0x08,0xa5,0x08,0xa5,0x08,0xa5,0x08,0xa5,0x08,0xa5,0x08,0xa5,0x08,0xa5,0x08,
    0xa5,0x08,0xa5,0x08,0xa5,0x08,0xa5,0x08,0xa5,0x08,0xa5,0x08,0xa5,0x08,0xa5,0x08,
    0xa5,0x08,0xa5,0x08,0xa5,0x08,0xa5,0x08,0xa5,0x08,0xa5,0x08,0xa5,0x08,0xa5,0x08,
    0xa5,0x08,0xa5,0x08,0xa5,0x08,0xa5,0x08,0xa5,0x08,0xa5,0x08,0xa5,0x08,0xa5,0x08,
    0xa5,0x08,0xa5,0x08,0xa5,0x08,0xa5,0x08,0xa5,0x08,0xa5,0x08,0xa5,0x08,0xa5,0x08,
    0xa5,0x08,0xa5,0x08,0xa5,0x08,0xa5,0x08,0xa5,0x08,0xa5,0x08,0xa5,0x08,0xa5,0x08,
    0xa5,0x08,0xa5,0x08,0xa5,0x08,0xa5,0x08,0xa5,0x08,0xa5,0x08,0xa5,0x08,0xa5,0x08,
    0xa5,0x08,0xa5,0x08,0xa5,0x08,0xa5,0x08,0xa5,0x08,0xa5,0x08,0xa5,0x08,0xa5,0x08,
    0xa5,0x08,0xa5,0x08,0xa5,0x08,0xa5,0x08,0xa5,0x08,0xa5,0x08,0xa5,0x08,0xa5,0x08,
    0xa5,0x08,0xa5,0x08,0xa5,0x08,0xa5,0x08,0xa5,0x08,0xa5,0x08,0xa5,0x08,0xa5,0x08,
    0xa5,0x08,0xa5,0x08,0xa5,0x08,0xa5,0x08,0xa5,0x08,0xa5,0x08,0xa5,0x08,0xa5,0x08,
    0xa5,0x08,0xa5,0x08,0xa5,0x08,0xa5,0x08,0xa5,0x08,0xa5,0x08,0xa5,0x08,0xa5,0x08,
    0xa5,0x08,0xa5,0x08,0xa5,0x08,0xa5,0x08,0xa5,0x08,0xa5,0x08,0xa5,0x08,0xa5,0x08,
    0xa5,0x08,0xa5,0x08,0xa5,0x08,0xa5,0x08,0xa5,0x08,0xa5,0x08,0xa5,0x08,0xa5,0x08,
    0xa5,0x08,0xa5,0x08,0xa5,0x08,0xa5,0x08,0xa5,0x08,0xa5,0x08,0xa5,0x08,0xa5,0x08,
    0xa5,0x08,0xa5,0x08,0xa5,0x08,0xa5,0x08,0xa5,0x08,0xa5,0x08,0xa5,0x08,0xa5,0x08,
    0xa5,0x08,0xa5,0x08,0xa5,0x08,0xa5,0x08,0xa5,0x08,0xa5,0x08,0xa5,0x08,0xa5,0x08,
    0xa5,0x08,0xa5,0x08,0xa5,0x08,0xa5,0x08,0xa5,0x08,0xa5,0x08,0xa5,0x08,0xa5,0x08,
    0xa5,0x08,0xa5,0x08,0xa5,0x08,0xa5,0x08,0xa5,0x08,0xa5,0x08,0xa5,0x08,0xa5,0x08,
    0xa5,0x08,0xa5,0x08,0xa5,0x08,0xa5,0x08,0xa5,0x08,0xa5,0x08,0xa5,0x08,0xa5,0x08,
    0xa5,0x08,0xa5,0x08,0xa5,0x08,0xa5,0x08,0xa5,0x08,0xa5,0x08,0xa5,0x08,0xa5,0x08,
    0xa5,0x08,0xa5,0x08,0xa5,0x08,0xa5,0x08,0xa5,0x08,0xa5,0x08,0xa5,0x08,0xa5,0x08,
    0xa5,0x08,0xa5,0x08,0xa5,0x08,0xa5,0x08,0xa5,0x08,0xa5,0x08,0xa5,0x08,0xa5,0x08,
    0xa5,0x08,0xa5,0x08,0xa5,0x08,0xa5,0x08,0xa5,0x08,0xa5,0x08,0xa5,0x08,0xa5,0x08,
    0xa5,0x08,0xa5,0x08,0xa5,0x08,0xa5,0x08,0xa5,0x08,0xa5,0x08,0xa5,0x08,0xa5,0x08,
    0xa5,0x08,0xa5,0x08,0xa5,0x08,0xa5,0x08,0xa5,0x08,0xa5,0x08,0xa5,0x08,0xa5,0x08,
    0xa5,0x08,0xa5,0x08,0xa5,0x08,0xa5,0x08,0xa5,0x08,0xa5,0x08,0xa5,0x08,0xa5,0x08,
    0xa5,0x08,0xa5,0x08,0xa5,0x08,0xa5,0x08,0xa5,0x08,0xa5,0x08,0xa5,0x08,0xa5,0x08,
    0xa5,0x08,0xa5,0x08,0xa5,0x08,0xa5,0x08,0xa5,0x08,0xa5,0x08,0xa5,0x08,0xa5,0x08,
    0xa5,0x08,0xa5,0x08,0xa5,0x08,0xa5,0x08,0xa5,0x08,0xa5,0x08,0xa5,0x08,0xa5,0x08,
    0xa5,0x08,0xa5,0x08,0xa5,0x08,0xa5,0x08,0xa5,0x08,0xa5,0x08,0xa5,0x08,0xa5,0x08,
    0xa5,0x08,0xa5,0x08,0xa5,0x08,0xa5,0x08,0xa5,0x08,0xa5,0x08,0xa5,0x08,0xa5,0x08,
    0xa5,0x08,0xa5,0x08,0xa5,0x08,0xa5,0x08,0xa5,0x08,0xa5,0x08,0xa5,0x08,0xa5,0x08,
    0xa5,0x08,0xa5,0x08,0xa5,0x08,0xa5,0x08,0xa5,0x08,0xa5,0x08,0xa5,0x08,0xa5,0x08,
    0xa5,0x08,0xa5,0x08,0xa5,0x08,0xa5,0x08,0xa5,0x08,0xa5,0x08,0xa5,0x08,0xa5,0x08,
    0xa5,0x08,0xa5,0x08,0xa5,0x08,0xa5,0x08,0xa5,0x08,0xa5,0x08,0xa5,0x08,0xa5,0x08,
    0xa5,0x08,0xa5,0x08,0xa5,0x08,0xa5,0x08,0xa5,0x08,0xa5,0x08,0xa5,0x08,0xa5,0x08,
    0xa5,0x08,0xa5,0x08,0xa5,0x08,0xa5,0x08,0xa5,0x08,0xa5,0x08,0xa5,0x08,0xa5,0x08,
    0xa5,0x08,0xa5,0x08,0xa5,0x08,0xa5,0x08,0xa5,0x08,0xa5,0x08,0xa5,0x08,0xa5,0x08,
    0xa5,0x08,0xa5,0x08,0xa5,0x08,0xa5,0x08,0xa5,0x08,0xa5,0x08,0xa5,0x08,0xa5,0x08,
    0xa5,0x08,0xa5,0x08,0xa5,0x08,0xa5,0x08,0xa5,0x08,0xa5,0x08,0xa5,0x08,0xa5,0x08,
    0xa5,0x08,0xa5,0x08,0xa5,0x08,0xa5,0x08,0xa5,0x08,0xa5,0x08,0xa5,0x08,0xa5,0x08,
    0xa5,0x08,0xa5,0x08,0xa5,0x08,0xa5,0x08,0xa5,0x08,0xa5,0x08,0xa5,0x08,0xa5,0x08,
    0xa5,0x08,0xa5,0x08,0xa5,0x08,0xa5,0x08,0xa5,0x08,0xa5,0x08,0xa5,0x08,0xa5,0x08,
    0xa5,0x08,0xa5,0x08,0xa5,0x08,0xa5,0x08,0xa5,0x08,0xa5,0x08,0xa5,0x08,0xa5,0x08,
    0xa5,0x08,0xa5,0x08,0xa5,0x08,0xa5,0x08,0xa5,0x08,0xa5,0x08,0xa5,0x08,0xa5,0x08,
    0xa5,0x08,0xa5,0x08,0xa5,0x08,0xa5,0x08,0xa5,0x08,0xa5,0x08,0xa5,0x08,0xa5,0x08,
    0xa5,0x08,0xa5,0x08,0xa5,0x08,0xa5,0x08,0xa5,0x08,0xa5,0x08,0xa5,0x08,0xa5,0x08,
    0xa5,0x08,0xa5,0x08,0xa5,0x08,0xa5,0x08,0xa5,0x08,0xa5,0x08,0xa5,0x08,0xa5,0x08,
    0xa5,0x08,0xa5,0x08,0xa5,0x08,0xa5,0x08,0xa5,0x08,0xa5,0x08,0xa5,0x08,0xa5,0x08,
    0xa5,0x08,0xa5,0x08,0xa5,0x08,0xa5,0x08,0xa5,0x08,0xa5,0x08,0xa5,0x08,0xa5,0x08,
    0xa5,0x08,0xa5,0x08,0xa5,0x08,0xa5,0x08,0xa5,0x08,0xa5,0x08,0xa5,0x08,0xa5,0x08,
    0xa5,0x08,0xa5,0x08,0xa5,0x08,0xa5,0x08,0xa5,0x08,0xa5,0x08,0xa5,0x08,0xa5,0x08,
    0xa5,0x08,0xa5,0x08,0xa5,0x08,0xa5,0x08,0xa5,0x08,0xa5,0x08,0xa5,0x08,0xa5,0x08,
    0xa5,0x08,0xa5,0x08,0xa5,0x08,0xa5,0x08,0xa5,0x08,0xa5,0x08,0xa5,0x08,0xa5,0x08,
    0xa5,0x08,0xa5,0x08,0xa5,0x08,0xa5,0x08,0xa5,0x08,0xa5,0x08,0xa5,0x08,0xa5,0x08,
    0xa5,0x08,0xa5,0x08,0xa5,0x08,0xa5,0x08,0xa5,0x08,0xa5,0x08,0xa5,0x08,0xa5,0x08,
    0xa5,0x08,0xa5,0x08,0xa5,0x08,0xa5,0x08,0xa5,0x08,0xa5,0x08,0xa5,0x08,0xa5,0x08,
    0xa5,0x08,0xa5,0x08,0xa5,0x08,0xa5,0x08,0xa5,0x08,0xa5,0x08,0xa5,0x08,0xa5,0x08,
    0xa5,0x08,0xa5,0x08,0xa5,0x08,0xa5,0x08,0xa5,0x08,0xa5,0x08,0xa5,0x08,0xa5,0x08,
    0xa5,0x08,0xa5,0x08,0xa5,0x08,0xa5,0x08,0xa5,0x08,0xa5,0x08,0xa5,0x08,0xa5,0x08,
    0xa5,0x08,0xa5,0x08,0xa5,0x08,0xa5,0x08,0xa5,0x08,0xa5,0x08,0xa5,0x08,0xa5,0x08,
    0xa5,0x08,0xa5,0x08,0xa5,0x08,0xa5,0x08,0xa5,0x08,0xa5,0x08,0xa5,0x08,0xa5,0x08,
    0xa5,0x08,0xa5,0x08,0xa5,0x08,0xa5,0x08,0xa5,0x08,0xa5,0x08,0xa5,0x08,0xa5,0x08,
    0xa5,0x08,0xa5,0x08,0xa5,0x08,0xa5,0x08,0xa5,0x08,0xa5,0x08,0xa5,0x08,0xa5,0x08,
    0xa5,0x08,0xa5,0x08,0xa5,0x08,0xa5,0x08,0xa5,0x08,0xa5,0x08,0xa5,0x08,0xa5,0x08,
    0xa5,0x08,0xa5,0x08,0xa5,0x08,0xa5,0x08,0xa5,0x08,0xa5,0x08,0xa5,0x08,0xa5,0x08,
    0xa5,0x08,0xa5,0x08,0xa5,0x08,0xa5,0x08,0xa5,0x08,0xa5,0x08,0xa5,0x08,0xa5,0x08,
    0xa5,0x08,0xa5,0x08,0xa5,0x08,0xa5,0x08,0xa5,0x08,0xa5,0x08,0xa5,0x08,0xa5,0x08,
    0xa5,0x08,0xa5,0x08,0xa5,0x08,0xa5,0x08,0xa5,0x08,0xa5,0x08,0xa5,0x08,0xa5,0x08,
    0xa5,0x08,0xa5,0x08,0xa5,0x08,0xa5,0x08,0xa5,0x08,0xa5,0x08,0xa5,0x08,0xa5,0x08,
    0xa5,0x08,0xa5,0x08,0xa5,0x08,0xa5,0x08,0xa5,0x08,0xa5,0x08,0xa5,0x08,0xa5,0x08,
    0xa5,0x08,0xa5,0x08,0xa5,0x08,0xa5,0x08,0xa5,0x08,0xa5,0x08,0xa5,0x08,0xa5,0x08,
    0xa5,0x08,0xa5,0x08,0xa5,0x08,0xa5,0x08,0xa5,0x08,0xa5,0x08,0xa5,0x08,0xa5,0x08,
    0xa5,0x08,0xa5,0x08,0xa5,0x08,0xa5,0x08,0xa5,0x08,0xa5,0x08,0xa5,0x08,0xa5,0x08,
    0xa5,0x08,0xa5,0x08,0xa5,0x08,0xa5,0x08,0xa5,0x08,0xa5,0x08,0xa5,0x08,0xa5,0x08,
    0xa5,0x08,0xa5,0x08,0xa5,0x08,0xa5,0x08,0xa5,0x08,0xa5,0x08,0xa5,0x08,0xa5,0x08,
    0xa5,0x08,0xa5,0x08,0xa5,0x08,0xa5,0x08,0xa5,0x08,0xa5,0x08,0xa5,0x08,0xa5,0x08,
    0xa5,0x08,0xa5,0x08,0xa5,0x08,0xa5,0x08,0xa5,0x08,0xa5,0x08,0xa5,0x08,0xa5,0x08,
    0xa5,0x08,0xa5,0x08,0xa5,0x08,0xa5,0x08,0xa5,0x08,0xa5,0x08,0xa5,0x08,0xa5,0x08,
    0xa5,0x08,0xa5,0x08,0xa5,0x08,0xa5,0x08,0xa5,0x08,0xa5,0x08,0xa5,0x08,0xa5,0x08,
    0xa5,0x08,0xa5,0x08,0xa5,0x08,0xa5,0x08,0xa5,0x08,0xa5,0x08,0xa5,0x08,0xa5,0x08,
    0xa5,0x08,0xa5,0x08,0xa5,0x08,0xa5,0x08,0xa5,0x08,0xa5,0x08,0xa5,0x08,0xa5,0x08,
    0xa5,0x08,0xa5,0x08,0xa5,0x08,0xa5,0x08,0xa5,0x08,0xa5,0x08,0xa5,0x08,0xa5,0x08,
    0xa5,0x08,0xa5,0x08,0xa5,0x08,0xa5,0x08,0xa5,0x08,0xa5,0x08,0xa5,0x08,0xa5,0x08,
    0xa5,0x08,0xa5,0x08,0xa5,0x08,0xa5,0x08,0xa5,0x08,0xa5,0x08,0xa5,0x08,0xa5,0x08,
    0xa5,0x08,0xa5,0x08,0xa5,0x08,0xa5,0x08,0xa5,0x08,0xa5,0x08,0xa5,0x08,0xa5,0x08,
    0xa5,0x08,0xa5,0x08,0xa5,0x08,0xa5,0x08,0xa5,0x08,0xa5,0x08,0xa5,0x08,0xa5,0x08,
    0xa5,0x08,0xa5,0x08,0xa5,0x08,0xa5,0x08,0xa5,0x08,0xa5,0x08,0xa5,0x08,0xa5,0x08,
    0xa5,0x08,0xa5,0x08,0xa5,0x08,0xa5,0x08,0xa5,0x08,0xa5,0x08,0xa5,0x08,0xa5,0x08,
    0xa5,0x08,0xa5,0x08,0xa5,0x08,0xa5,0x08,0xa5,0x08,0xa5,0x08,0xa5,0x08,0xa5,0x08,
    0xa5,0x08,0xa5,0x08,0xa5,0x08,0xa5,0x08,0xa5,0x08,0xa5,0x08,0xa5,0x08,0xa5,0x08,
    0xa5,0x08,0xa5,0x08,0xa5,0x08,0xa5,0x08,0xa5,0x08,0xa5,0x08,0xa5,0x08,0xa5,0x08,
    0xa5,0x08,0xa5,0x08,0xa5,0x08,0xa5,0x08,0xa5,0x08,0xa5,0x08,0xa5,0x08,0xa5,0x08,
    0xa5,0x08,0xa5,0x08,0xa5,0x08,0xa5,0x08,0xa5,0x08,0xa5,0x08,0xa5,0x08,0xa5,0x08,
    0xa5,0x08,0xa5,0x08,0xa5,0x08,0xa5,0x08,0xa5,0x08,0xa5,0x08,0xa5,0x08,0xa5,0x08,
    0xa5,0x08,0xa5,0x08,0xa5,0x08,0xa5,0x08,0xa5,0x08,0xa5,0x08,0xa5,0x08,0xa5,0x08,
    0xa5,0x08,0xa5,0x08,0xa5,0x08,0xa5,0x08,0xa5,0x08,0xa5,0x08,0xa5,0x08,0xa5,0x08,
    0xa5,0x08,0xa5,0x08,0xa5,0x08,0xa5,0x08,0xa5,0x08,0xa5,0x08,0xa5,0x08,0xa5,0x08,
    0xa5,0x08,0xa5,0x08,0xa5,0x08,0xa5,0x08,0xa5,0x08,0xa5,0x08,0xa5,0x08,0xa5,0x08,
    0xa5,0x08,0xa5,0x08,0xa5,0x08,0xa5,0x08,0xa5,0x08,0xa5,0x08,0xa5,0x08,0xa5,0x08,
    0xa5,0x08,0xa5,0x08,0xa5,0x08,0xa5,0x08,0xa5,0x08,0xa5,0x08,0xa5,0x08,0xa5,0x08,
    0xa5,0x08,0xa5,0x08,0xa5,0x08,0xa5,0x08,0xa5,0x08,0xa5,0x08,0xa5,0x08,0xa5,0x08,
    0xa5,0x08,0xa5,0x08,0xa5,0x08,0xa5,0x08,0xa5,0x08,0xa5,0x08,0xa5,0x08,0xa5,0x08,
    0xa5,0x08,0xa5,0x08,0xa5,0x08,0xa5,0x08,0xa5,0x08,0xa5,0x08,0xa5,0x08,0xa5,0x08,
    0xa5,0x08,0xa5,0x08,0xa5,0x08,0xa5,0x08,0xa5,0x08,0xa5,0x08,0xa5,0x08,0xa5,0x08,
    0xa5,0x08,0xa5,0x08,0xa5,0x08,0xa5,0x08,0xa5,0x08,0xa5,0x08,0xa5,0x08,0xa5,0x08,
    0xa5,0x08,0xa5,0x08,0xa5,0x08,0xa5,0x08,0xa5,0x08,0xa5,0x08,0xa5,0x08,0xa5,0x08,
    0xa5,0x08,0xa5,0x08,0xa5,0x08,0xa5,0x08,0xa5,0x08,0xa5,0x08,0xa5,0x08,0xa5,0x08,
    0xa5,0x08,0xa5,0x08,0xa5,0x08,0xa5,0x08,0xa5,0x08,0xa5,0x08,0xa5,0x08,0xa5,0x08,
    0xa5,0x08,0xa5,0x08,0xa5,0x08,0xa5,0x08,0xa5,0x08,0xa5,0x08,0xa5,0x08,0xa5,0x08,
    0xa5,0x08,0xa5,0x08,0xa5,0x08,0xa5,0x08,0xa5,0x08,0xa5,0x08,0xa5,0x08,0xa5,0x08,
    0xa5,0x08,0xa5,0x08,0xa5,0x08,0xa5,0x08,0xa5,0x08,0xa5,0x08,0xa5,0x08,0xa5,0x08,
    0xa5,0x08,0xa5,0x08,0xa5,0x08,0xa5,0x08,0xa5,0x08,0xa5,0x08,0xa5,0x08,0xa5,0x08,
    0xa5,0x08,0xa5,0x08,0xa5,0x08,0xa5,0x08,0xa5,0x08,0xa5,0x08,0xa5,0x08,0xa5,0x08,
    0xa5,0x08,0xa5,0x08,0xa5,0x08,0xa5,0x08,0xa5,0x08,0xa5,0x08,0xa5,0x08,0xa5,0x08,
    0xa5,0x08,0xa5,0x08,0xa5,0x08,0xa5,0x08,0xa5,0x08,0xa5,0x08,0xa5,0x08,0xa5,0x08,
    0xa5,0x08,0xa5,0x08,0xa5,0x08,0xa5,0x08,0xa5,0x08,0xa5,0x08,0xa5,0x08,0xa5,0x08,
    0xa5,0x08,0xa5,0x08,0xa5,0x08,0xa5,0x08,0xa5,0x08,0xa5,0x08,0xa5,0x08,0xa5,0x08,
    0xa5,0x08,0xa5,0x08,0xa5,0x08,0xa5,0x08,0xa5,0x08,0xa5,0x08,0xa5,0x08,0xa5,0x08,
    0xa5,0x08,0xa5,0x08,0xa5,0x08,0xa5,0x08,0xa5,0x08,0xa5,0x08,0xa5,0x08,0xa5,0x08,
    0xa5,0x08,0xa5,0x08,0xa5,0x08,0xa5,0x08,0xa5,0x08,0xa5,0x08,0xa5,0x08,0xa5,0x08,
    0xa5,0x08,0xa5,0x08,0xa5,0x08,0xa5,0x08,0xa5,0x08,0xa5,0x08,0xa5,0x08,0xa5,0x08,
    0xa5,0x08,0xa5,0x08,0xa5,0x08,0xa5,0x08,0xa5,0x08,0xa5,0x08,0xa5,0x08,0xa5,0x08,
    0xa5,0x08,0xa5,0x08,0xa5,0x08,0xa5,0x08,0xa5,0x08,0xa5,0x08,0xa5,0x08,0xa5,0x08,
    0xa5,0x08,0xa5,0x08,0xa5,0x08,0xa5,0x08,0xa5,0x08,0xa5,0x08,0xa5,0x08,0xa5,0x08,
    0xa5,0x08,0xa5,0x08,0xa5,0x08,0xa5,0x08,0xa5,0x08,0xa5,0x08,0xa5,0x08,0xa5,0x08,
    0xa5,0x08,0xa5,0x08,0xa5,0x08,0xa5,0x08,0xa5,0x08,0xa5,0x08,0xa5,0x08,0xa5,0x08,
    0xa5,0x08,0xa5,0x08,0xa5,0x08,0xa5,0x08,0xa5,0x08,0xa5,0x08,0xa5,0x08,0xa5,0x08,
    0xa5,0x08,0xa5,0x08,0xa5,0x08,0xa5,0x08,0xa5,0x08,0xa5,0x08,0xa5,0x08,0xa5,0x08,
    0xa5,0x08,0xa5,0x08,0xa5,0x08,0xa5,0x08,0xa5,0x08,0xa5,0x08,0xa5,0x08,0xa5,0x08,
    0xa5,0x08,0xa5,0x08,0xa5,0x08,0xa5,0x08,0xa5,0x08,0xa5,0x08,0xa5,0x08,0xa5,0x08,
    0xa5,0x08,0xa5,0x08,0xa5,0x08,0xa5,0x08,0xa5,0x08,0xa5,0x08,0xa5,0x08,0xa5,0x08,
    0xa5,0x08,0xa5,0x08,0xa5,0x08,0xa5,0x08,0xa5,0x08,0xa5,0x08,0xa5,0x08,0xa5,0x08,
    0xa5,0x08,0xa5,0x08,0xa5,0x08,0xa5,0x08,0xa5,0x08,0xa5,0x08,0xa5,0x08,0xa5,0x08,
    0xa5,0x08,0xa5,0x08,0xa5,0x08,0xa5,0x08,0xa5,0x08,0xa5,0x08,0xa5,0x08,0xa5,0x08,
    0xa5,0x08,0xa5,0x08,0xa5,0x08,0xa5,0x08,0xa5,0x08,0xa5,0x08,0xa5,0x08,0xa5,0x08,
    0xa5,0x08,0xa5,0x08,0xa5,0x08,0xa5,0x08,0xa5,0x08,0xa5,0x08,0xa5,0x08,0xa5,0x08,
    0xa5,0x08,0xa5,0x08,0xa5,0x08,0xa5,0x08,0xa5,0x08,0xa5,0x08,0xa5,0x08,0xa5,0x08,
    0xa5,0x08,0xa5,0x08,0xa5,0x08,0xa5,0x08,0xa5,0x08,0xa5,0x08,0xa5,0x08,0xa5,0x08,
    0xa5,0x08,0xa5,0x08,0xa5,0x08,0xa5,0x08,0xa5,0x08,0xa5,0x08,0xa5,0x08,0xa5,0x08,
    0xa5,0x08,0xa5,0x08,0xa5,0x08,0xa5,0x08,0xa5,0x08,0xa5,0x08,0xa5,0x08,0xa5,0x08,
    0xa5,0x08,0xa5,0x08,0xa5,0x08,0xa5,0x08,0xa5,0x08,0xa5,0x08,0xa5,0x08,0xa5,0x08,
    0xa5,0x08,0xa5,0x08,0xa5,0x08,0xa5,0x08,0xa5,0x08,0xa5,0x08,0xa5,0x08,0xa5,0x08,
    0xa5,0x08,0xa5,0x08,0xa5,0x08,0xa5,0x08,0xa5,0x08,0xa5,0x08,0xa5,0x08,0xa5,0x08,
    0xa5,0x08,0xa5,0x08,0xa5,0x08,0xa5,0x08,0xa5,0x08,0xa5,0x08,0xa5,0x08,0xa5,0x08,
    0xa5,0x08,0xa5,0x08,0xa5,0x08,0xa5,0x08,0xa5,0x08,0xa5,0x08,0xa5,0x08,0xa5,0x08,
    0xa5,0x08,0xa5,0x08,0xa5,0x08,0xa5,0x08,0xa5,0x08,0xa5,0x08,0xa5,0x08,0xa5,0x08,
    0xa5,0x08,0xa5,0x08,0xa5,0x08,0xa5,0x08,0xa5,0x08,0xa5,0x08,0xa5,0x08,0xa5,0x08,
    0xa5,0x08,0xa5,0x08,0xa5,0x08,0xa5,0x08,0xa5,0x08,0xa5,0x08,0xa5,0x08,0xa5,0x08,
    0xa5,0x08,0xa5,0x08,0xa5,0x08,0xa5,0x08,0xa5,0x08,0xa5,0x08,0xa5,0x08,0xa5,0x08,
    0xa5,0x08,0xa5,0x08,0xa5,0x08,0xa5,0x08,0xa5,0x08,0xa5,0x08,0xa5,0x08,0xa5,0x08,
    0xa5,0x08,0xa5,0x08,0xa5,0x08,0xa5,0x08,0xa5,0x08,0xa5,0x08,0xa5,0x08,0xa5,0x08,
    0xa5,0x08,0xa5,0x08,0xa5,0x08,0xa5,0x08,0xa5,0x08,0xa5,0x08,0xa5,0x08,0xa5,0x08,
    0xa5,0x08,0xa5,0x08,0xa5,0x08,0xa5,0x08,0xa5,0x08,0xa5,0x08,0xa5,0x08,0xa5,0x08,
    0xa5,0x08,0xa5,0x08,0xa5,0x08,0xa5,0x08,0xa5,0x08,0xa5,0x08,0xa5,0x08,0xa5,0x08,
    0xa5,0x08,0xa5,0x08,0xa5,0x08,0xa5,0x08,0xa5,0x08,0xa5,0x08,0xa5,0x08,0xa5,0x08,
    0xa5,0x08,0xa5,0x08,0xa5,0x08,0xa5,0x08,0xa5,0x08,0xa5,0x08,0xa5,0x08,0xa5,0x08,
    0xa5,0x08,0xa5,0x08,0xa5,0x08,0xa5,0x08,0xa5,0x08,0xa5,0x08,0xa5,0x08,0xa5,0x08,
    0xa5,0x08,0xa5,0x08,0xa5,0x08,0xa5,0x08,0xa5,0x08,0xa5,0x08,0xa5,0x08,0xa5,0x08,
    0xa5,0x08,0xa5,0x08,0xa5,0x08,0xa5,0x08,0xa5,0x08,0xa5,0x08,0xa5,0x08,0xa5,0x08,
    0xa5,0x08,0xa5,0x08,0xa5,0x08,0xa5,0x08,0xa5,0x08,0xa5,0x08,0xa5,0x08,0xa5,0x08,
    0xa5,0x08,0xa5,0x08,0xa5,0x08,0xa5,0x08,0xa5,0x08,0xa5,0x08,0xa5,0x08,0xa5,0x08,
    0xa5,0x08,0xa5,0x08,0xa5,0x08,0xa5,0x08,0xa5,0x08,0xa5,0x08,0xa5,0x08,0xa5,0x08,
    0xa5,0x08,0xa5,0x08,0xa5,0x08,0xa5,0x08,0xa5,0x08,0xa5,0x08,0xa5,0x08,0xa5,0x08,
    0xa5,0x08,0xa5,0x08,0xa5,0x08,0xa5,0x08,0xa5,0x08,0xa5,0x08,0xa5,0x08,0xa5,0x08,
    0xa5,0x08,0xa5,0x08,0xa5,0x08,0xa5,0x08,0xa5,0x08,0xa5,0x08,0xa5,0x08,0xa5,0x08,
    0xa5,0x08,0xa5,0x08,0xa5,0x08,0xa5,0x08,0xa5,0x08,0xa5,0x08,0xa5,0x08,0xa5,0x08,
    0xa5,0x08,0xa5,0x08,0xa5,0x08,0xa5,0x08,0xa5,0x08,0xa5,0x08,0xa5,0x08,0xa5,0x08,
    0xa5,0x08,0xa5,0x08,0xa5,0x08,0xa5,0x08,0xa5,0x08,0xa5,0x08,0xa5,0x08,0xa5,0x08,
    0xa5,0x08,0xa5,0x08,0xa5,0x08,0xa5,0x08,0xa5,0x08,0xa5,0x08,0xa5,0x08,0xa5,0x08,
    0xa5,0x08,0xa5,0x08,0xa5,0x08,0xa5,0x08,0xa5,0x08,0xa5,0x08,0xa5,0x08,0xa5,0x08,
    0xa5,0x08,0xa5,0x08,0xa5,0x08,0xa5,0x08,0xa5,0x08,0xa5,0x08,0xa5,0x08,0xa5,0x08,
    0xa5,0x08,0xa5,0x08,0xa5,0x08,0xa5,0x08,0xa5,0x08,0xa5,0x08,0xa5,0x08,0xa5,0x08,
    0xa5,0x08,0xa5,0x08,0xa5,0x08,0xa5,0x08,0xa5,0x08,0xa5,0x08,0xa5,0x08,0xa5,0x08,
    0xa5,0x08,0xa5,0x08,0xa5,0x08,0xa5,0x08,0xa5,0x08,0xa5,0x08,0xa5,0x08,0xa5,0x08,
    0xa5,0x08,0xa5,0x08,0xa5,0x08,0xa5,0x08,0xa5,0x08,0xa5,0x08,0xa5,0x08,0xa5,0x08,
    0xa5,0x08,0xa5,0x08,0xa5,0x08,0xa5,0x08,0xa5,0x08,0xa5,0x08,0xa5,0x08,0xa5,0x08,
    0xa5,0x08,0xa5,0x08,0xa5,0x08,0xa5,0x08,0xa5,0x08,0xa5,0x08,0xa5,0x08,0xa5,0x08,
    0xa5,0x08,0xa5,0x08,0xa5,0x08,0xa5,0x08,0xa5,0x08,0xa5,0x08,0xa5,0x08,0xa5,0x08,
    0xa5,0x08,0xa5,0x08,0xa5,0x08,0xa5,0x08,0xa5,0x08,0xa5,0x08,0xa5,0x08,0xa5,0x08,
    0xa5,0x08,0xa5,0x08,0xa5,0x08,0xa5,0x08,0xa5,0x08,0xa5,0x08,0xa5,0x08,0xa5,0x08,
    0xa5,0x08,0xa5,0x08,0xa5,0x08,0xa5,0x08,0xa5,0x08,0xa5,0x08,0xa5,0x08,0xa5,0x08,
    0xa5,0x08,0xa5,0x08,0xa5,0x08,0xa5,0x08,0xa5,0x08,0xa5,0x08,0xa5,0x08,0xa5,0x08,
    0xa5,0x08,0xa5,0x08,0xa5,0x08,0xa5,0x08,0xa5,0x08,0xa5,0x08,0xa5,0x08,0xa5,0x08,
    0xa5,0x08,0xa5,0x08,0xa5,0x08,0xa5,0x08,0xa5,0x08,0xa5,0x08,0xa5,0x08,0xa5,0x08,
    0xa5,0x08,0xa5,0x08,0xa5,0x08,0xa5,0x08,0xa5,0x08,0xa5,0x08,0xa5,0x08,0xa5,0x08,
    0xa5,0x08,0xa5,0x08,0xa5,0x08,0xa5,0x08,0xa5,0x08,0xa5,0x08,0xa5,0x08,0xa5,0x08,
    0xa5,0x08,0xa5,0x08,0xa5,0x08,0xa5,0x08,0xa5,0x08,0xa5,0x08,0xa5,0x08,0xa5,0x08,
    0xa5,0x08,0xa5,0x08,0xa5,0x08,0xa5,0x08,0xa5,0x08,0xa5,0x08,0xa5,0x08,0xa5,0x08,
    0xa5,0x08,0xa5,0x08,0xa5,0x08,0xa5,0x08,0xa5,0x08,0xa5,0x08,0xa5,0x08,0xa5,0x08,
    0xa5,0x08,0xa5,0x08,0xa5,0x08,0xa5,0x08,0xa5,0x08,0xa5,0x08,0xa5,0x08,0xa5,0x08,
    0xa5,0x08,0xa5,0x08,0xa5,0x08,0xa5,0x08,0xa5,0x08,0xa5,0x08,0xa5,0x08,0xa5,0x08,
    0xa5,0x08,0xa5,0x08,0xa5,0x08,0xa5,0x08,0xa5,0x08,0xa5,0x08,0xa5,0x08,0xa5,0x08,
    0xa5,0x08,0xa5,0x08,0xa5,0x08,0xa5,0x08,0xa5,0x08,0xa5,0x08,0xa5,0x08,0xa5,0x08,
    0xa5,0x08,0xa5,0x08,0xa5,0x08,0xa5,0x08,0xa5,0x08,0xa5,0x08,0xa5,0x08,0xa5,0x08,
    0xa5,0x08,0xa5,0x08,0xa5,0x08,0xa5,0x08,0xa5,0x08,0xa5,0x08,0xa5,0x08,0xa5,0x08,
    0xa5,0x08,0xa5,0x08,0xa5,0x08,0xa5,0x08,0xa5,0x08,0xa5,0x08,0xa5,0x08,0xa5,0x08,
    0xa5,0x08,0xa5,0x08,0xa5,0x08,0xa5,0x08,0xa5,0x08,0xa5,0x08,0xa5,0x08,0xa5,0x08,
    0xa5,0x08,0xa5,0x08,0xa5,0x08,0xa5,0x08,0xa5,0x08,0xa5,0x08,0xa5,0x08,0xa5,0x08,
    0xa5,0x08,0xa5,0x08,0xa5,0x08,0xa5,0x08,0xa5,0x08,0xa5,0x08,0xa5,0x08,0xa5,0x08,
    0xa5,0x08,0xa5,0x08,0xa5,0x08,0xa5,0x08,0xa5,0x08,0xa5,0x08,0xa5,0x08,0xa5,0x08,
    0xa5,0x08,0xa5,0x08,0xa5,0x08,0xa5,0x08,0xa5,0x08,0xa5,0x08,0xa5,0x08,0xa5,0x08,
    0xa5,0x08,0xa5,0x08,0xa5,0x08,0xa5,0x08,0xa5,0x08,0xa5,0x08,0xa5,0x08,0xa5,0x08,
    0xa5,0x08,0xa5,0x08,0xa5,0x08,0xa5,0x08,0xa5,0x08,0xa5,0x08,0xa5,0x08,0xa5,0x08,
    0xa5,0x08,0xa5,0x08,0xa5,0x08,0xa5,0x08,0xa5,0x08,0xa5,0x08,0xa5,0x08,0xa5,0x08,
    0xa5,0x08,0xa5,0x08,0xa5,0x08,0xa5,0x08,0xa5,0x08,0xa5,0x08,0xa5,0x08,0xa5,0x08,
    0xa5,0x08,0xa5,0x08,0xa5,0x08,0xa5,0x08,0xa5,0x08,0xa5,0x08,0xa5,0x08,0xa5,0x08,
    0xa5,0x08,0xa5,0x08,0xa5,0x08,0xa5,0x08,0xa5,0x08,0xa5,0x08,0xa5,0x08,0xa5,0x08,
    0xa5,0x08,0xa5,0x08,0xa5,0x08,0xa5,0x08,0xa5,0x08,0xa5,0x08,0xa5,0x08,0xa5,0x08,
    0xa5,0x08,0xa5,0x08,0xa5,0x08,0xa5,0x08,0xa5,0x08,0xa5,0x08,0xa5,0x08,0xa5,0x08,
    0xa5,0x08,0xa5,0x08,0xa5,0x08,0xa5,0x08,0xa5,0x08,0xa5,0x08,0xa5,0x08,0xa5,0x08,
    0xa5,0x08,0xa5,0x08,0xa5,0x08,0xa5,0x08,0xa5,0x08,0xa5,0x08,0xa5,0x08,0xa5,0x08,
    0xa5,0x08,0xa5,0x08,0xa5,0x08,0xa5,0x08,0xa5,0x08,0xa5,0x08,0xa5,0x08,0xa5,0x08,
    0xa5,0x08,0xa5,0x08,0xa5,0x08,0xa5,0x08,0xa5,0x08,0xa5,0x08,0xa5,0x08,0xa5,0x08,
    0xa5,0x08,0xa5,0x08,0xa5,0x08,0xa5,0x08,0xa5,0x08,0xa5,0x08,0xa5,0x08,0xa5,0x08,
    0xa5,0x08,0xa5,0x08,0xa5,0x08,0xa5,0x08,0xa5,0x08,0xa5,0x08,0xa5,0x08,0xa5,0x08,
    0xa5,0x08,0xa5,0x08,0xa5,0x08,0xa5,0x08,0xa5,0x08,0xa5,0x08,0xa5,0x08,0xa5,0x08,
    0xa5,0x08,0xa5,0x08,0xa5,0x08,0xa5,0x08,0xa5,0x08,0xa5,0x08,0xa5,0x08,0xa5,0x08,
    0xa5,0x08,0xa5,0x08,0xa5,0x08,0xa5,0x08,0xa5,0x08,0xa5,0x08,0xa5,0x08,0xa5,0x08,
    0xa5,0x08,0xa5,0x08,0xa5,0x08,0xa5,0x08,0xa5,0x08,0xa5,0x08,0xa5,0x08,0xa5,0x08,
    0xa5,0x08,0xa5,0x08,0xa5,0x08,0xa5,0x08,0xa5,0x08,0xa5,0x08,0xa5,0x08,0xa5,0x08,
    0xa5,0x08,0xa5,0x08,0xa5,0x08,0xa5,0x08,0xa5,0x08,0xa5,0x08,0xa5,0x08,0xa5,0x08,
    0xa5,0x08,0xa5,0x08,0xa5,0x08,0xa5,0x08,0xa5,0x08,0xa5,0x08,0xa5,0x08,0xa5,0x08,
    0xa5,0x08,0xa5,0x08,0xa5,0x08,0xa5,0x08,0xa5,0x08,0xa5,0x08,0xa5,0x08,0xa5,0x08,
    0xa5,0x08,0xa5,0x08,0xa5,0x08,0xa5,0x08,0xa5,0x08,0xa5,0x08,0xa5,0x08,0xa5,0x08,
    0xa5,0x08,0xa5,0x08,0xa5,0x08,0xa5,0x08,0xa5,0x08,0xa5,0x08,0xa5,0x08,0xa5,0x08,
    0xa5,0x08,0xa5,0x08,0xa5,0x08,0xa5,0x08,0xa5,0x08,0xa5,0x08,0xa5,0x08,0xa5,0x08,
    0xa5,0x08,0xa5,0x08,0xa5,0x08,0xa5,0x08,0xa5,0x08,0xa5,0x08,0xa5,0x08,0xa5,0x08,
    0xa5,0x08,0xa5,0x08,0xa5,0x08,0xa5,0x08,0xa5,0x08,0xa5,0x08,0xa5,0x08,0xa5,0x08,
    0xa5,0x08,0xa5,0x08,0xa5,0x08,0xa5,0x08,0xa5,0x08,0xa5,0x08,0xa5,0x08,0xa5,0x08,
    0xa5,0x08,0xa5,0x08,0xa5,0x08,0xa5,0x08,0xa5,0x08,0xa5,0x08,0xa5,0x08,0xa5,0x08,
    0xa5,0x08,0xa5,0x08,0xa5,0x08,0xa5,0x08,0xa5,0x08,0xa5,0x08,0xa5,0x08,0xa5,0x08,
    0xa5,0x08,0xa5,0x08,0xa5,0x08,0xa5,0x08,0xa5,0x08,0xa5,0x08,0xa5,0x08,0xa5,0x08,
    0xa5,0x08,0xa5,0x08,0xa5,0x08,0xa5,0x08,0xa5,0x08,0xa5,0x08,0xa5,0x08,0xa5,0x08,
    0xa5,0x08,0xa5,0x08,0xa5,0x08,0xa5,0x08,0xa5,0x08,0xa5,0x08,0xa5,0x08,0xa5,0x08,
    0xa5,0x08,0xa5,0x08,0xa5,0x08,0xa5,0x08,0xa5,0x08,0xa5,0x08,0xa5,0x08,0xa5,0x08,
    0xa5,0x08,0xa5,0x08,0xa5,0x08,0xa5,0x08,0xa5,0x08,0xa5,0x08,0xa5,0x08,0xa5,0x08,
    0xa5,0x08,0xa5,0x08,0xa5,0x08,0xa5,0x08,0xa5,0x08,0xa5,0x08,0xa5,0x08,0xa5,0x08,
    0xa5,0x08,0xa5,0x08,0xa5,0x08,0xa5,0x08,0xa5,0x08,0xa5,0x08,0xa5,0x08,0xa5,0x08,
    0xa5,0x08,0xa5,0x08,0xa5,0x08,0xa5,0x08,0xa5,0x08,0xa5,0x08,0xa5,0x08,0xa5,0x08,
    0xa5,0x08,0xa5,0x08,0xa5,0x08,0xa5,0x08,0xa5,0x08,0xa5,0x08,0xa5,0x08,0xa5,0x08,
    0xa5,0x08,0xa5,0x08,0xa5,0x08,0xa5,0x08,0xa5,0x08,0xa5,0x08,0xa5,0x08,0xa5,0x08,
    0xa5,0x08,0xa5,0x08,0xa5,0x08,0xa5,0x08,0xa5,0x08,0xa5,0x08,0xa5,0x08,0xa5,0x08,
    0xa5,0x08,0xa5,0x08,0xa5,0x08,0xa5,0x08,0xa5,0x08,0xa5,0x08,0xa5,0x08,0xa5,0x08,
    0xa5,0x08,0xa5,0x08,0xa5,0x08,0xa5,0x08,0xa5,0x08,0xa5,0x08,0xa5,0x08,0xa5,0x08,
    0xa5,0x08,0xa5,0x08,0xa5,0x08,0xa5,0x08,0xa5,0x08,0xa5,0x08,0xa5,0x08,0xa5,0x08,
    0xa5,0x08,0xa5,0x08,0xa5,0x08,0xa5,0x08,0xa5,0x08,0xa5,0x08,0xa5,0x08,0xa5,0x08,
    0xa5,0x08,0xa5,0x08,0xa5,0x08,0xa5,0x08,0xa5,0x08,0xa5,0x08,0xa5,0x08,0xa5,0x08,
    0xa5,0x08,0xa5,0x08,0xa5,0x08,0xa5,0x08,0xa5,0x08,0xa5,0x08,0xa5,0x08,0xa5,0x08,
    0xa5,0x08,0xa5,0x08,0xa5,0x08,0xa5,0x08,0xa5,0x08,0xa5,0x08,0xa5,0x08,0xa5,0x08,
    0xa5,0x08,0xa5,0x08,0xa5,0x08,0xa5,0x08,0xa5,0x08,0xa5,0x08,0xa5,0x08,0xa5,0x08,
    0xa5,0x08,0xa5,0x08,0xa5,0x08,0xa5,0x08,0xa5,0x08,0xa5,0x08,0xa5,0x08,0xa5,0x08,
    0xa5,0x08,0xa5,0x08,0xa5,0x08,0xa5,0x08,0xa5,0x08,0xa5,0x08,0xa5,0x08,0xa5,0x08,
    0xa5,0x08,0xa5,0x08,0xa5,0x08,0xa5,0x08,0xa5,0x08,0xa5,0x08,0xa5,0x08,0xa5,0x08,
    0xa5,0x08,0xa5,0x08,0xa5,0x08,0xa5,0x08,0xa5,0x08,0xa5,0x08,0xa5,0x08,0xa5,0x08,
    0xa5,0x08,0xa5,0x08,0xa5,0x08,0xa5,0x08,0xa5,0x08,0xa5,0x08,0xa5,0x08,0xa5,0x08,
    0xa5,0x08,0xa5,0x08,0xa5,0x08,0xa5,0x08,0xa5,0x08,0xa5,0x08,0xa5,0x08,0xa5,0x08,
    0xa5,0x08,0xa5,0x08,0xa5,0x08,0xa5,0x08,0xa5,0x08,0xa5,0x08,0xa5,0x08,0xa5,0x08,
    0xa5,0x08,0xa5,0x08,0xa5,0x08,0xa5,0x08,0xa5,0x08,0xa5,0x08,0xa5,0x08,0xa5,0x08,
    0xa5,0x08,0xa5,0x08,0xa5,0x08,0xa5,0x08,0xa5,0x08,0xa5,0x08,0xa5,0x08,0xa5,0x08,
    0xa5,0x08,0xa5,0x08,0xa5,0x08,0xa5,0x08,0xa5,0x08,0xa5,0x08,0xa5,0x08,0xa5,0x08,
    0xa5,0x08,0xa5,0x08,0xa5,0x08,0xa5,0x08,0xa5,0x08,0xa5,0x08,0xa5,0x08,0xa5,0x08,
    0xa5,0x08,0xa5,0x08,0xa5,0x08,0xa5,0x08,0xa5,0x08,0xa5,0x08,0xa5,0x08,0xa5,0x08,
    0xa5,0x08,0xa5,0x08,0xa5,0x08,0xa5,0x08,0xa5,0x08,0xa5,0x08,0xa5,0x08,0xa5,0x08,
    0xa5,0x08,0xa5,0x08,0xa5,0x08,0xa5,0x08,0xa5,0x08,0xa5,0x08,0xa5,0x08,0xa5,0x08,
    0xa5,0x08,0xa5,0x08,0xa5,0x08,0xa5,0x08,0xa5,0x08,0xa5,0x08,0xa5,0x08,0xa5,0x08,
    0xa5,0x08,0xa5,0x08,0xa5,0x08,0xa5,0x08,0xa5,0x08,0xa5,0x08,0xa5,0x08,0xa5,0x08,
    0xa5,0x08,0xa5,0x08,0xa5,0x08,0xa5,0x08,0xa5,0x08,0xa5,0x08,0xa5,0x08,0xa5,0x08,
    0xa5,0x08,0xa5,0x08,0xa5,0x08,0xa5,0x08,0xa5,0x08,0xa5,0x08,0xa5,0x08,0xa5,0x08,
    0xa5,0x08,0xa5,0x08,0xa5,0x08,0xa5,0x08,0xa5,0x08,0xa5,0x08,0xa5,0x08,0xa5,0x08,
    0xa5,0x08,0xa5,0x08,0xa5,0x08,0xa5,0x08,0xa5,0x08,0xa5,0x08,0xa5,0x08,0xa5,0x08,
    0xa5,0x08,0xa5,0x08,0xa5,0x08,0xa5,0x08,0xa5,0x08,0xa5,0x08,0xa5,0x08,0xa5,0x08,
    0xa5,0x08,0xa5,0x08,0xa5,0x08,0xa5,0x08,0xa5,0x08,0xa5,0x08,0xa5,0x08,0xa5,0x08,
    0xa5,0x08,0xa5,0x08,0xa5,0x08,0xa5,0x08,0xa5,0x08,0xa5,0x08,0xa5,0x08,0xa5,0x08,
    0xa5,0x08,0xa5,0x08,0xa5,0x08,0xa5,0x08,0xa5,0x08,0xa5,0x08,0xa5,0x08,0xa5,0x08,
    0xa5,0x08,0xa5,0x08,0xa5,0x08,0xa5,0x08,0xa5,0x08,0xa5,0x08,0xa5,0x08,0xa5,0x08,
    0xa5,0x08,0xa5,0x08,0xa5,0x08,0xa5,0x08,0xa5,0x08,0xa5,0x08,0xa5,0x08,0xa5,0x08,
    0xa5,0x08,0xa5,0x08,0xa5,0x08,0xa5,0x08,0xa5,0x08,0xa5,0x08,0xa5,0x08,0xa5,0x08,
    0xa5,0x08,0xa5,0x08,0xa5,0x08,0xa5,0x08,0xa5,0x08,0xa5,0x08,0xa5,0x08,0xa5,0x08,
    0xa5,0x08,0xa5,0x08,0xa5,0x08,0xa5,0x08,0xa5,0x08,0xa5,0x08,0xa5,0x08,0xa5,0x08,
    0xa5,0x08,0xa5,0x08,0xa5,0x08,0xa5,0x08,0xa5,0x08,0xa5,0x08,0xa5,0x08,0xa5,0x08,
    0xa5,0x08,0xa5,0x08,0xa5,0x08,0xa5,0x08,0xa5,0x08,0xa5,0x08,0xa5,0x08,0xa5,0x08,
    0xa5,0x08,0xa5,0x08,0xa5,0x08,0xa5,0x08,0xa5,0x08,0xa5,0x08,0xa5,0x08,0xa5,0x08,
    0xa5,0x08,0xa5,0x08,0xa5,0x08,0xa5,0x08,0xa5,0x08,0xa5,0x08,0xa5,0x08,0xa5,0x08,
    0xa5,0x08,0xa5,0x08,0xa5,0x08,0xa5,0x08,0xa5,0x08,0xa5,0x08,0xa5,0x08,0xa5,0x08,
    0xa5,0x08,0xa5,0x08,0xa5,0x08,0xa5,0x08,0xa5,0x08,0xa5,0x08,0xa5,0x08,0xa5,0x08,
    0xa5,0x08,0xa5,0x08,0xa5,0x08,0xa5,0x08,0xa5,0x08,0xa5,0x08,0xa5,0x08,0xa5,0x08,
    0xa5,0x08,0xa5,0x08,0xa5,0x08,0xa5,0x08,0xa5,0x08,0xa5,0x08,0xa5,0x08,0xa5,0x08,
    0xa5,0x08,0xa5,0x08,0xa5,0x08,0xa5,0x08,0xa5,0x08,0xa5,0x08,0xa5,0x08,0xa5,0x08,
    0xa5,0x08,0xa5,0x08,0xa5,0x08,0xa5,0x08,0xa5,0x08,0xa5,0x08,0xa5,0x08,0xa5,0x08,
    0xa5,0x08,0xa5,0x08,0xa5,0x08,0xa5,0x08,0xa5,0x08,0xa5,0x08,0xa5,0x08,0xa5,0x08,
    0xa5,0x08,0xa5,0x08,0xa5,0x08,0xa5,0x08,0xa5,0x08,0xa5,0x08,0xa5,0x08,0xa5,0x08,
    0xa5,0x08,0xa5,0x08,0xa5,0x08,0xa5,0x08,0xa5,0x08,0xa5,0x08,0xa5,0x08,0xa5,0x08,
    0xa5,0x08,0xa5,0x08,0xa5,0x08,0xa5,0x08,0xa5,0x08,0xa5,0x08,0xa5,0x08,0xa5,0x08,
    0xa5,0x08,0xa5,0x08,0xa5,0x08,0xa5,0x08,0xa5,0x08,0xa5,0x08,0xa5,0x08,0xa5,0x08,
    0xa5,0x08,0xa5,0x08,0xa5,0x08,0xa5,0x08,0xa5,0x08,0xa5,0x08,0xa5,0x08,0xa5,0x08,
    0xa5,0x08,0xa5,0x08,0xa5,0x08,0xa5,0x08,0xa5,0x08,0xa5,0x08,0xa5,0x08,0xa5,0x08,
    0xa5,0x08,0xa5,0x08,0xa5,0x08,0xa5,0x08,0xa5,0x08,0xa5,0x08,0xa5,0x08,0xa5,0x08,
    0xa5,0x08,0xa5,0x08,0xa5,0x08,0xa5,0x08,0xa5,0x08,0xa5,0x08,0xa5,0x08,0xa5,0x08,
    0xa5,0x08,0xa5,0x08,0xa5,0x08,0xa5,0x08,0xa5,0x08,0xa5,0x08,0xa5,0x08,0xa5,0x08,
    0xa5,0x08,0xa5,0x08,0xa5,0x08,0xa5,0x08,0xa5,0x08,0xa5,0x08,0xa5,0x08,0xa5,0x08,
    0xa5,0x08,0xa5,0x08,0xa5,0x08,0xa5,0x08,0xa5,0x08,0xa5,0x08,0xa5,0x08,0xa5,0x08,
    0xa5,0x08,0xa5,0x08,0xa5,0x08,0xa5,0x08,0xa5,0x08,0xa5,0x08,0xa5,0x08,0xa5,0x08,
    0xa5,0x08,0xa5,0x08,0xa5,0x08,0xa5,0x08,0xa5,0x08,0xa5,0x08,0xa5,0x08,0xa5,0x08,
    0xa5,0x08,0xa5,0x08,0xa5,0x08,0xa5,0x08,0xa5,0x08,0xa5,0x08,0xa5,0x08,0xa5,0x08,
    0xa5,0x08,0xa5,0x08,0xa5,0x08,0xa5,0x08,0xa5,0x08,0xa5,0x08,0xa5,0x08,0xa5,0x08,
    0xa5,0x08,0xa5,0x08,0xa5,0x08,0xa5,0x08,0xa5,0x08,0xa5,0x08,0xa5,0x08,0xa5,0x08,
    0xa5,0x08,0xa5,0x08,0xa5,0x08,0xa5,0x08,0xa5,0x08,0xa5,0x08,0xa5,0x08,0xa5,0x08,
    0xa5,0x08,0xa5,0x08,0xa5,0x08,0xa5,0x08,0xa5,0x08,0xa5,0x08,0xa5,0x08,0xa5,0x08,
    0xa5,0x08,0xa5,0x08,0xa5,0x08,0xa5,0x08,0xa5,0x08,0xa5,0x08,0xa5,0x08,0xa5,0x08,
    0xa5,0x08,0xa5,0x08,0xa5,0x08,0xa5,0x08,0xa5,0x08,0xa5,0x08,0xa5,0x08,0xa5,0x08,
    0xa5,0x08,0xa5,0x08,0xa5,0x08,0xa5,0x08,0xa5,0x08,0xa5,0x08,0xa5,0x08,0xa5,0x08,
    0xa5,0x08,0xa5,0x08,0xa5,0x08,0xa5,0x08,0xa5,0x08,0xa5,0x08,0xa5,0x08,0xa5,0x08,
    0xa5,0x08,0xa5,0x08,0xa5,0x08,0xa5,0x08,0xa5,0x08,0xa5,0x08,0xa5,0x08,0xa5,0x08,
    0xa5,0x08,0xa5,0x08,0xa5,0x08,0xa5,0x08,0xa5,0x08,0xa5,0x08,0xa5,0x08,0xa5,0x08,
    0xa5,0x08,0xa5,0x08,0xa5,0x08,0xa5,0x08,0xa5,0x08,0xa5,0x08,0xa5,0x08,0xa5,0x08,
    0xa5,0x08,0xa5,0x08,0xa5,0x08,0xa5,0x08,0xa5,0x08,0xa5,0x08,0xa5,0x08,0xa5,0x08,
    0xa5,0x08,0xa5,0x08,0xa5,0x08,0xa5,0x08,0xa5,0x08,0xa5,0x08,0xa5,0x08,0xa5,0x08,
    0xa5,0x08,0xa5,0x08,0xa5,0x08,0xa5,0x08,0xa5,0x08,0xa5,0x08,0xa5,0x08,0xa5,0x08,
    0xa5,0x08,0xa5,0x08,0xa5,0x08,0xa5,0x08,0xa5,0x08,0xa5,0x08,0xa5,0x08,0xa5,0x08,
    0xa5,0x08,0xa5,0x08,0xa5,0x08,0xa5,0x08,0xa5,0x08,0xa5,0x08,0xa5,0x08,0xa5,0x08,
    0xa5,0x08,0xa5,0x08,0xa5,0x08,0xa5,0x08,0xa5,0x08,0xa5,0x08,0xa5,0x08,0xa5,0x08,
    0xa5,0x08,0xa5,0x08,0xa5,0x08,0xa5,0x08,0xa5,0x08,0xa5,0x08,0xa5,0x08,0xa5,0x08,
    0xa5,0x08,0xa5,0x08,0xa5,0x08,0xa5,0x08,0xa5,0x08,0xa5,0x08,0xa5,0x08,0xa5,0x08,
    0xa5,0x08,0xa5,0x08,0xa5,0x08,0xa5,0x08,0xa5,0x08,0xa5,0x08,0xa5,0x08,0xa5,0x08,
    0xa5,0x08,0xa5,0x08,0xa5,0x08,0xa5,0x08,0xa5,0x08,0xa5,0x08,0xa5,0x08,0xa5,0x08,
    0xa5,0x08,0xa5,0x08,0xa5,0x08,0xa5,0x08,0xa5,0x08,0xa5,0x08,0xa5,0x08,0xa5,0x08,
    0xa5,0x08,0xa5,0x08,0xa5,0x08,0xa5,0x08,0xa5,0x08,0xa5,0x08,0xa5,0x08,0xa5,0x08,
    0xa5,0x08,0xa5,0x08,0xa5,0x08,0xa5,0x08,0xa5,0x08,0xa5,0x08,0xa5,0x08,0xa5,0x08,
    0xa5,0x08,0xa5,0x08,0xa5,0x08,0xa5,0x08,0xa5,0x08,0xa5,0x08,0xa5,0x08,0xa5,0x08,
    0xa5,0x08,0xa5,0x08,0xa5,0x08,0xa5,0x08,0xa5,0x08,0xa5,0x08,0xa5,0x08,0xa5,0x08,
    0xa5,0x08,0xa5,0x08,0xa5,0x08,0xa5,0x08,0xa5,0x08,0xa5,0x08,0xa5,0x08,0xa5,0x08,
    0xa5,0x08,0xa5,0x08,0xa5,0x08,0xa5,0x08,0xa5,0x08,0xa5,0x08,0xa5,0x08,0xa5,0x08,
    0xa5,0x08,0xa5,0x08,0xa5,0x08,0xa5,0x08,0xa5,0x08,0xa5,0x08,0xa5,0x08,0xa5,0x08,
    0xa5,0x08,0xa5,0x08,0xa5,0x08,0xa5,0x08,0xa5,0x08,0xa5,0x08,0xa5,0x08,0xa5,0x08,
    0xa5,0x08,0xa5,0x08,0xa5,0x08,0xa5,0x08,0xa5,0x08,0xa5,0x08,0xa5,0x08,0xa5,0x08,
    0xa5,0x08,0xa5,0x08,0xa5,0x08,0xa5,0x08,0xa5,0x08,0xa5,0x08,0xa5,0x08,0xa5,0x08,
    0xa5,0x08,0xa5,0x08,0xa5,0x08,0xa5,0x08,0xa5,0x08,0xa5,0x08,0xa5,0x08,0xa5,0x08,
    0xa5,0x08,0xa5,0x08,0xa5,0x08,0xa5,0x08,0xa5,0x08,0xa5,0x08,0xa5,0x08,0xa5,0x08,
    0xa5,0x08,0xa5,0x08,0xa5,0x08,0xa5,0x08,0xa5,0x08,0xa5,0x08,0xa5,0x08,0xa5,0x08,
    0xa5,0x08,0xa5,0x08,0xa5,0x08,0xa5,0x08,0xa5,0x08,0xa5,0x08,0xa5,0x08,0xa5,0x08,
    0xa5,0x08,0xa5,0x08,0xa5,0x08,0xa5,0x08,0xa5,0x08,0xa5,0x08,0xa5,0x08,0xa5,0x08,
    0xa5,0x08,0xa5,0x08,0xa5,0x08,0xa5,0x08,0xa5,0x08,0xa5,0x08,0xa5,0x08,0xa5,0x08,
    0xa5,0x08,0xa5,0x08,0xa5,0x08,0xa5,0x08,0xa5,0x08,0xa5,0x08,0xa5,0x08,0xa5,0x08,
    0xa5,0x08,0xa5,0x08,0xa5,0x08,0xa5,0x08,0xa5,0x08,0xa5,0x08,0xa5,0x08,0xa5,0x08,
    0xa5,0x08,0xa5,0x08,0xa5,0x08,0xa5,0x08,0xa5,0x08,0xa5,0x08,0xa5,0x08,0xa5,0x08,
    0xa5,0x08,0xa5,0x08,0xa5,0x08,0xa5,0x08,0xa5,0x08,0xa5,0x08,0xa5,0x08,0xa5,0x08,
    0xa5,0x08,0xa5,0x08,0xa5,0x08,0xa5,0x08,0xa5,0x08,0xa5,0x08,0xa5,0x08,0xa5,0x08,
    0xa5,0x08,0xa5,0x08,0xa5,0x08,0xa5,0x08,0xa5,0x08,0xa5,0x08,0xa5,0x08,0xa5,0x08,
    0xa5,0x08,0xa5,0x08,0xa5,0x08,0xa5,0x08,0xa5,0x08,0xa5,0x08,0xa5,0x08,0xa5,0x08,
    0xa5,0x08,0xa5,0x08,0xa5,0x08,0xa5,0x08,0xa5,0x08,0xa5,0x08,0xa5,0x08,0xa5,0x08,
    0xa5,0x08,0xa5,0x08,0xa5,0x08,0xa5,0x08,0xa5,0x08,0xa5,0x08,0xa5,0x08,0xa5,0x08,
    0xa5,0x08,0xa5,0x08,0xa5,0x08,0xa5,0x08,0xa5,0x08,0xa5,0x08,0xa5,0x08,0xa5,0x08,
    0xa5,0x08,0xa5,0x08,0xa5,0x08,0xa5,0x08,0xa5,0x08,0xa5,0x08,0xa5,0x08,0xa5,0x08,
    0xa5,0x08,0xa5,0x08,0xa5,0x08,0xa5,0x08,0xa5,0x08,0xa5,0x08,0xa5,0x08,0xa5,0x08,
    0xa5,0x08,0xa5,0x08,0xa5,0x08,0xa5,0x08,0xa5,0x08,0xa5,0x08,0xa5,0x08,0xa5,0x08,
    0xa5,0x08,0xa5,0x08,0xa5,0x08,0xa5,0x08,0xa5,0x08,0xa5,0x08,0xa5,0x08,0xa5,0x08,
    0xa5,0x08,0xa5,0x08,0xa5,0x08,0xa5,0x08,0xa5,0x08,0xa5,0x08,0xa5,0x08,0xa5,0x08,
    0xa5,0x08,0xa5,0x08,0xa5,0x08,0xa5,0x08,0xa5,0x08,0xa5,0x08,0xa5,0x08,0xa5,0x08,
    0xa5,0x08,0xa5,0x08,0xa5,0x08,0xa5,0x08,0xa5,0x08,0xa5,0x08,0xa5,0x08,0xa5,0x08,
    0xa5,0x08,0xa5,0x08,0xa5,0x08,0xa5,0x08,0xa5,0x08,0xa5,0x08,0xa5,0x08,0xa5,0x08,
    0xa5,0x08,0xa5,0x08,0xa5,0x08,0xa5,0x08,0xa5,0x08,0xa5,0x08,0xa5,0x08,0xa5,0x08,
    0xa5,0x08,0xa5,0x08,0xa5,0x08,0xa5,0x08,0xa5,0x08,0xa5,0x08,0xa5,0x08,0xa5,0x08,
    0xa5,0x08,0xa5,0x08,0xa5,0x08,0xa5,0x08,0xa5,0x08,0xa5,0x08,0xa5,0x08,0xa5,0x08,
    0xa5,0x08,0xa5,0x08,0xa5,0x08,0xa5,0x08,0xa5,0x08,0xa5,0x08,0xa5,0x08,0xa5,0x08,
    0xa5,0x08,0xa5,0x08,0xa5,0x08,0xa5,0x08,0xa5,0x08,0xa5,0x08,0xa5,0x08,0xa5,0x08,
    0xa5,0x08,0xa5,0x08,0xa5,0x08,0xa5,0x08,0xa5,0x08,0xa5,0x08,0xa5,0x08,0xa5,0x08,
    0xa5,0x08,0xa5,0x08,0xa5,0x08,0xa5,0x08,0xa5,0x08,0xa5,0x08,0xa5,0x08,0xa5,0x08,
    0xa5,0x08,0xa5,0x08,0xa5,0x08,0xa5,0x08,0xa5,0x08,0xa5,0x08,0xa5,0x08,0xa5,0x08,
    0xa5,0x08,0xa5,0x08,0xa5,0x08,0xa5,0x08,0xa5,0x08,0xa5,0x08,0xa5,0x08,0xa5,0x08,
    0xa5,0x08,0xa5,0x08,0xa5,0x08,0xa5,0x08,0xa5,0x08,0xa5,0x08,0xa5,0x08,0xa5,0x08,
    0xa5,0x08,0xa5,0x08,0xa5,0x08,0xa5,0x08,0xa5,0x08,0xa5,0x08,0xa5,0x08,0xa5,0x08,
    0xa5,0x08,0xa5,0x08,0xa5,0x08,0xa5,0x08,0xa5,0x08,0xa5,0x08,0xa5,0x08,0xa5,0x08,
    0xa5,0x08,0xa5,0x08,0xa5,0x08,0xa5,0x08,0xa5,0x08,0xa5,0x08,0xa5,0x08,0xa5,0x08,
    0xa5,0x08,0xa5,0x08,0xa5,0x08,0xa5,0x08,0xa5,0x08,0xa5,0x08,0xa5,0x08,0xa5,0x08,
    0xa5,0x08,0xa5,0x08,0xa5,0x08,0xa5,0x08,0xa5,0x08,0xa5,0x08,0xa5,0x08,0xa5,0x08,
    0xa5,0x08,0xa5,0x08,0xa5,0x08,0xa5,0x08,0xa5,0x08,0xa5,0x08,0xa5,0x08,0xa5,0x08,
    0xa5,0x08,0xa5,0x08,0xa5,0x08,0xa5,0x08,0xa5,0x08,0xa5,0x08,0xa5,0x08,0xa5,0x08,
    0xa5,0x08,0xa5,0x08,0xa5,0x08,0xa5,0x08,0xa5,0x08,0xa5,0x08,0xa5,0x08,0xa5,0x08,
    0xa5,0x08,0xa5,0x08,0xa5,0x08,0xa5,0x08,0xa5,0x08,0xa5,0x08,0xa5,0x08,0xa5,0x08,
    0xa5,0x08,0xa5,0x08,0xa5,0x08,0xa5,0x08,0xa5,0x08,0xa5,0x08,0xa5,0x08,0xa5,0x08,
    0xa5,0x08,0xa5,0x08,0xa5,0x08,0xa5,0x08,0xa5,0x08,0xa5,0x08,0xa5,0x08,0xa5,0x08,
    0xa5,0x08,0xa5,0x08,0xa5,0x08,0xa5,0x08,0xa5,0x08,0xa5,0x08,0xa5,0x08,0xa5,0x08,
    0xa5,0x08,0xa5,0x08,0xa5,0x08,0xa5,0x08,0xa5,0x08,0xa5,0x08,0xa5,0x08,0xa5,0x08,
    0xa5,0x08,0xa5,0x08,0xa5,0x08,0xa5,0x08,0xa5,0x08,0xa5,0x08,0xa5,0x08,0xa5,0x08,
    0xa5,0x08,0xa5,0x08,0xa5,0x08,0xa5,0x08,0xa5,0x08,0xa5,0x08,0xa5,0x08,0xa5,0x08,
    0xa5,0x08,0xa5,0x08,0xa5,0x08,0xa5,0x08,0xa5,0x08,0xa5,0x08,0xa5,0x08,0xa5,0x08,
    0xa5,0x08,0xa5,0x08,0xa5,0x08,0xa5,0x08,0xa5,0x08,0xa5,0x08,0xa5,0x08,0xa5,0x08,
    0xa5,0x08,0xa5,0x08,0xa5,0x08,0xa5,0x08,0xa5,0x08,0xa5,0x08,0xa5,0x08,0xa5,0x08,
    0xa5,0x08,0xa5,0x08,0xa5,0x08,0xa5,0x08,0xa5,0x08,0xa5,0x08,0xa5,0x08,0xa5,0x08,
    0xa5,0x08,0xa5,0x08,0xa5,0x08,0xa5,0x08,0xa5,0x08,0xa5,0x08,0xa5,0x08,0xa5,0x08,
    0xa5,0x08,0xa5,0x08,0xa5,0x08,0xa5,0x08,0xa5,0x08,0xa5,0x08,0xa5,0x08,0xa5,0x08,
    0xa5,0x08,0xa5,0x08,0xa5,0x08,0xa5,0x08,0xa5,0x08,0xa5,0x08,0xa5,0x08,0xa5,0x08,
    0xa5,0x08,0xa5,0x08,0xa5,0x08,0xa5,0x08,0xa5,0x08,0xa5,0x08,0xa5,0x08,0xa5,0x08,
    0xa5,0x08,0xa5,0x08,0xa5,0x08,0xa5,0x08,0xa5,0x08,0xa5,0x08,0xa5,0x08,0xa5,0x08,
    0xa5,0x08,0xa5,0x08,0xa5,0x08,0xa5,0x08,0xa5,0x08,0xa5,0x08,0xa5,0x08,0xa5,0x08,
    0xa5,0x08,0xa5,0x08,0xa5,0x08,0xa5,0x08,0xa5,0x08,0xa5,0x08,0xa5,0x08,0xa5,0x08,
    0xa5,0x08,0xa5,0x08,0xa5,0x08,0xa5,0x08,0xa5,0x08,0xa5,0x08,0xa5,0x08,0xa5,0x08,
    0xa5,0x08,0xa5,0x08,0xa5,0x08,0xa5,0x08,0xa5,0x08,0xa5,0x08,0xa5,0x08,0xa5,0x08,
    0xa5,0x08,0xa5,0x08,0xa5,0x08,0xa5,0x08,0xa5,0x08,0xa5,0x08,0xa5,0x08,0xa5,0x08,
    0xa5,0x08,0xa5,0x08,0xa5,0x08,0xa5,0x08,0xa5,0x08,0xa5,0x08,0xa5,0x08,0xa5,0x08,
    0xa5,0x08,0xa5,0x08,0xa5,0x08,0xa5,0x08,0xa5,0x08,0xa5,0x08,0xa5,0x08,0xa5,0x08,
    0xa5,0x08,0xa5,0x08,0xa5,0x08,0xa5,0x08,0xa5,0x08,0xa5,0x08,0xa5,0x08,0xa5,0x08,
    0xa5,0x08,0xa5,0x08,0xa5,0x08,0xa5,0x08,0xa5,0x08,0xa5,0x08,0xa5,0x08,0xa5,0x08,
    0xa5,0x08,0xa5,0x08,0xa5,0x08,0xa5,0x08,0xa5,0x08,0xa5,0x08,0xa5,0x08,0xa5,0x08,
    0xa5,0x08,0xa5,0x08,0xa5,0x08,0xa5,0x08,0xa5,0x08,0xa5,0x08,0xa5,0x08,0xa5,0x08,
    0xa5,0x08,0xa5,0x08,0xa5,0x08,0xa5,0x08,0xa5,0x08,0xa5,0x08,0xa5,0x08,0xa5,0x08,
    0xa5,0x08,0xa5,0x08,0xa5,0x08,0xa5,0x08,0xa5,0x08,0xa5,0x08,0xa5,0x08,0xa5,0x08,
    0xa5,0x08,0xa5,0x08,0xa5,0x08,0xa5,0x08,0xa5,0x08,0xa5,0x08,0xa5,0x08,0xa5,0x08,
    0xa5,0x08,0xa5,0x08,0xa5,0x08,0xa5,0x08,0xa5,0x08,0xa5,0x08,0xa5,0x08,0xa5,0x08,
    0xa5,0x08,0xa5,0x08,0xa5,0x08,0xa5,0x08,0xa5,0x08,0xa5,0x08,0xa5,0x08,0xa5,0x08,
    0xa5,0x08,0xa5,0x08,0xa5,0x08,0xa5,0x08,0xa5,0x08,0xa5,0x08,0xa5,0x08,0xa5,0x08,
    0xa5,0x08,0xa5,0x08,0xa5,0x08,0xa5,0x08,0xa5,0x08,0xa5,0x08,0xa5,0x08,0xa5,0x08,
    0xa5,0x08,0xa5,0x08,0xa5,0x08,0xa5,0x08,0xa5,0x08,0xa5,0x08,0xa5,0x08,0xa5,0x08,
    0xa5,0x08,0xa5,0x08,0xa5,0x08,0xa5,0x08,0xa5,0x08,0xa5,0x08,0xa5,0x08,0xa5,0x08,
    0xa5,0x08,0xa5,0x08,0xa5,0x08,0xa5,0x08,0xa5,0x08,0xa5,0x08,0xa5,0x08,0xa5,0x08,
    0xa5,0x08,0xa5,0x08,0xa5,0x08,0xa5,0x08,0xa5,0x08,0xa5,0x08,0xa5,0x08,0xa5,0x08,
    0xa5,0x08,0xa5,0x08,0xa5,0x08,0xa5,0x08,0xa5,0x08,0xa5,0x08,0xa5,0x08,0xa5,0x08,
    0xa5,0x08,0xa5,0x08,0xa5,0x08,0xa5,0x08,0xa5,0x08,0xa5,0x08,0xa5,0x08,0xa5,0x08,
    0xa5,0x08,0xa5,0x08,0xa5,0x08,0xa5,0x08,0xa5,0x08,0xa5,0x08,0xa5,0x08,0xa5,0x08,
    0xa5,0x08,0xa5,0x08,0xa5,0x08,0xa5,0x08,0xa5,0x08,0xa5,0x08,0xa5,0x08,0xa5,0x08,
    0xa5,0x08,0xa5,0x08,0xa5,0x08,0xa5,0x08,0xa5,0x08,0xa5,0x08,0xa5,0x08,0xa5,0x08,
    0xa5,0x08,0xa5,0x08,0xa5,0x08,0xa5,0x08,0xa5,0x08,0xa5,0x08,0xa5,0x08,0xa5,0x08,
    0xa5,0x08,0xa5,0x08,0xa5,0x08,0xa5,0x08,0xa5,0x08,0xa5,0x08,0xa5,0x08,0xa5,0x08,
    0xa5,0x08,0xa5,0x08,0xa5,0x08,0xa5,0x08,0xa5,0x08,0xa5,0x08,0xa5,0x08,0xa5,0x08,
    0xa5,0x08,0xa5,0x08,0xa5,0x08,0xa5,0x08,0xa5,0x08,0xa5,0x08,0xa5,0x08,0xa5,0x08,
    0xa5,0x08,0xa5,0x08,0xa5,0x08,0xa5,0x08,0xa5,0x08,0xa5,0x08,0xa5,0x08,0xa5,0x08,
    0xa5,0x08,0xa5,0x08,0xa5,0x08,0xa5,0x08,0xa5,0x08,0xa5,0x08,0xa5,0x08,0xa5,0x08,
    0xa5,0x08,0xa5,0x08,0xa5,0x08,0xa5,0x08,0xa5,0x08,0xa5,0x08,0xa5,0x08,0xa5,0x08,
    0xa5,0x08,0xa5,0x08,0xa5,0x08,0xa5,0x08,0xa5,0x08,0xa5,0x08,0xa5,0x08,0xa5,0x08,
    0xa5,0x08,0xa5,0x08,0xa5,0x08,0xa5,0x08,0xa5,0x08,0xa5,0x08,0xa5,0x08,0xa5,0x08,
    0xa5,0x08,0xa5,0x08,0xa5,0x08,0xa5,0x08,0xa5,0x08,0xa5,0x08,0xa5,0x08,0xa5,0x08,
    0xa5,0x08,0xa5,0x08,0xa5,0x08,0xa5,0x08,0xa5,0x08,0xa5,0x08,0xa5,0x08,0xa5,0x08,
    0xa5,0x08,0xa5,0x08,0xa5,0x08,0xa5,0x08,0xa5,0x08,0xa5,0x08,0xa5,0x08,0xa5,0x08,
    0xa5,0x08,0xa5,0x08,0xa5,0x08,0xa5,0x08,0xa5,0x08,0xa5,0x08,0xa5,0x08,0xa5,0x08,
    0xa5,0x08,0xa5,0x08,0xa5,0x08,0xa5,0x08,0xa5,0x08,0xa5,0x08,0xa5,0x08,0xa5,0x08,
    0xa5,0x08,0xa5,0x08,0xa5,0x08,0xa5,0x08,0xa5,0x08,0xa5,0x08,0xa5,0x08,0xa5,0x08,
    0xa5,0x08,0xa5,0x08,0xa5,0x08,0xa5,0x08,0xa5,0x08,0xa5,0x08,0xa5,0x08,0xa5,0x08,
    0xa5,0x08,0xa5,0x08,0xa5,0x08,0xa5,0x08,0xa5,0x08,0xa5,0x08,0xa5,0x08,0xa5,0x08,
    0xa5,0x08,0xa5,0x08,0xa5,0x08,0xa5,0x08,0xa5,0x08,0xa5,0x08,0xa5,0x08,0xa5,0x08,
    0xa5,0x08,0xa5,0x08,0xa5,0x08,0xa5,0x08,0xa5,0x08,0xa5,0x08,0xa5,0x08,0xa5,0x08,
    0xa5,0x08,0xa5,0x08,0xa5,0x08,0xa5,0x08,0xa5,0x08,0xa5,0x08,0xa5,0x08,0xa5,0x08,
    0xa5,0x08,0xa5,0x08,0xa5,0x08,0xa5,0x08,0xa5,0x08,0xa5,0x08,0xa5,0x08,0xa5,0x08,
    0xa5,0x08,0xa5,0x08,0xa5,0x08,0xa5,0x08,0xa5,0x08,0xa5,0x08,0xa5,0x08,0xa5,0x08,
    0xa5,0x08,0xa5,0x08,0xa5,0x08,0xa5,0x08,0xa5,0x08,0xa5,0x08,0xa5,0x08,0xa5,0x08,
    0xa5,0x08,0xa5,0x08,0xa5,0x08,0xa5,0x08,0xa5,0x08,0xa5,0x08,0xa5,0x08,0xa5,0x08,
    0xa5,0x08,0xa5,0x08,0xa5,0x08,0xa5,0x08,0xa5,0x08,0xa5,0x08,0xa5,0x08,0xa5,0x08,
    0xa5,0x08,0xa5,0x08,0xa5,0x08,0xa5,0x08,0xa5,0x08,0xa5,0x08,0xa5,0x08,0xa5,0x08,
    0xa5,0x08,0xa5,0x08,0xa5,0x08,0xa5,0x08,0xa5,0x08,0xa5,0x08,0xa5,0x08,0xa5,0x08,
    0xa5,0x08,0xa5,0x08,0xa5,0x08,0xa5,0x08,0xa5,0x08,0xa5,0x08,0xa5,0x08,0xa5,0x08,
    0xa5,0x08,0xa5,0x08,0xa5,0x08,0xa5,0x08,0xa5,0x08,0xa5,0x08,0xa5,0x08,0xa5,0x08,
    0xa5,0x08,0xa5,0x08,0xa5,0x08,0xa5,0x08,0xa5,0x08,0xa5,0x08,0xa5,0x08,0xa5,0x08,
    0xa5,0x08,0xa5,0x08,0xa5,0x08,0xa5,0x08,0xa5,0x08,0xa5,0x08,0xa5,0x08,0xa5,0x08,
    0xa5,0x08,0xa5,0x08,0xa5,0x08,0xa5,0x08,0xa5,0x08,0xa5,0x08,0xa5,0x08,0xa5,0x08,
    0xa5,0x08,0xa5,0x08,0xa5,0x08,0xa5,0x08,0xa5,0x08,0xa5,0x08,0xa5,0x08,0xa5,0x08,
    0xa5,0x08,0xa5,0x08,0xa5,0x08,0xa5,0x08,0xa5,0x08,0xa5,0x08,0xa5,0x08,0xa5,0x08,
    0xa5,0x08,0xa5,0x08,0xa5,0x08,0xa5,0x08,0xa5,0x08,0xa5,0x08,0xa5,0x08,0xa5,0x08,
    0xa5,0x08,0xa5,0x08,0xa5,0x08,0xa5,0x08,0xa5,0x08,0xa5,0x08,0xa5,0x08,0xa5,0x08,
    0xa5,0x08,0xa5,0x08,0xa5,0x08,0xa5,0x08,0xa5,0x08,0xa5,0x08,0xa5,0x08,0xa5,0x08,
    0xa5,0x08,0xa5,0x08,0xa5,0x08,0xa5,0x08,0xa5,0x08,0xa5,0x08,0xa5,0x08,0xa5,0x08,
    0xa5,0x08,0xa5,0x08,0xa5,0x08,0xa5,0x08,0xa5,0x08,0xa5,0x08,0xa5,0x08,0xa5,0x08,
    0xa5,0x08,0xa5,0x08,0xa5,0x08,0xa5,0x08,0xa5,0x08,0xa5,0x08,0xa5,0x08,0xa5,0x08,
    0xa5,0x08,0xa5,0x08,0xa5,0x08,0xa5,0x08,0xa5,0x08,0xa5,0x08,0xa5,0x08,0xa5,0x08,
    0xa5,0x08,0xa5,0x08,0xa5,0x08,0xa5,0x08,0xa5,0x08,0xa5,0x08,0xa5,0x08,0xa5,0x08,
    0xa5,0x08,0xa5,0x08,0xa5,0x08,0xa5,0x08,0xa5,0x08,0xa5,0x08,0xa5,0x08,0xa5,0x08,
    0xa5,0x08,0xa5,0x08,0xa5,0x08,0xa5,0x08,0xa5,0x08,0xa5,0x08,0xa5,0x08,0xa5,0x08,
    0xa5,0x08,0xa5,0x08,0xa5,0x08,0xa5,0x08,0xa5,0x08,0xa5,0x08,0xa5,0x08,0xa5,0x08,
    0xa5,0x08,0xa5,0x08,0xa5,0x08,0xa5,0x08,0xa5,0x08,0xa5,0x08,0xa5,0x08,0xa5,0x08,
    0xa5,0x08,0xa5,0x08,0xa5,0x08,0xa5,0x08,0xa5,0x08,0xa5,0x08,0xa5,0x08,0xa5,0x08,
    0xa5,0x08,0xa5,0x08,0xa5,0x08,0xa5,0x08,0xa5,0x08,0xa5,0x08,0xa5,0x08,0xa5,0x08,
    0xa5,0x08,0xa5,0x08,0xa5,0x08,0xa5,0x08,0xa5,0x08,0xa5,0x08,0xa5,0x08,0xa5,0x08,
    0xa5,0x08,0xa5,0x08,0xa5,0x08,0xa5,0x08,0xa5,0x08,0xa5,0x08,0xa5,0x08,0xa5,0x08,
    0xa5,0x08,0xa5,0x08,0xa5,0x08,0xa5,0x08,0xa5,0x08,0xa5,0x08,0xa5,0x08,0xa5,0x08,
    0xa5,0x08,0xa5,0x08,0xa5,0x08,0xa5,0x08,0xa5,0x08,0xa5,0x08,0xa5,0x08,0xa5,0x08,
    0xa5,0x08,0xa5,0x08,0xa5,0x08,0xa5,0x08,0xa5,0x08,0xa5,0x08,0xa5,0x08,0xa5,0x08,
    0xa5,0x08,0xa5,0x08,0xa5,0x08,0xa5,0x08,0xa5,0x08,0xa5,0x08,0xa5,0x08,0xa5,0x08,
    0xa5,0x08,0xa5,0x08,0xa5,0x08,0xa5,0x08,0xa5,0x08,0xa5,0x08,0xa5,0x08,0xa5,0x08,
    0xa5,0x08,0xa5,0x08,0xa5,0x08,0xa5,0x08,0xa5,0x08,0xa5,0x08,0xa5,0x08,0xa5,0x08,
    0xa5,0x08,0xa5,0x08,0xa5,0x08,0xa5,0x08,0xa5,0x08,0xa5,0x08,0xa5,0x08,0xa5,0x08,
    0xa5,0x08,0xa5,0x08,0xa5,0x08,0xa5,0x08,0xa5,0x08,0xa5,0x08,0xa5,0x08,0xa5,0x08,
    0xa5,0x08,0xa5,0x08,0xa5,0x08,0xa5,0x08,0xa5,0x08,0xa5,0x08,0xa5,0x08,0xa5,0x08,
    0xa5,0x08,0xa5,0x08,0xa5,0x08,0xa5,0x08,0xa5,0x08,0xa5,0x08,0xa5,0x08,0xa5,0x08,
    0xa5,0x08,0xa5,0x08,0xa5,0x08,0xa5,0x08,0xa5,0x08,0xa5,0x08,0xa5,0x08,0xa5,0x08,
    0xa5,0x08,0xa5,0x08,0xa5,0x08,0xa5,0x08,0xa5,0x08,0xa5,0x08,0xa5,0x08,0xa5,0x08,
    0xa5,0x08,0xa5,0x08,0xa5,0x08,0xa5,0x08,0xa5,0x08,0xa5,0x08,0xa5,0x08,0xa5,0x08,
    0xa5,0x08,0xa5,0x08,0xa5,0x08,0xa5,0x08,0xa5,0x08,0xa5,0x08,0xa5,0x08,0xa5,0x08,
    0xa5,0x08,0xa5,0x08,0xa5,0x08,0xa5,0x08,0xa5,0x08,0xa5,0x08,0xa5,0x08,0xa5,0x08,
    0xa5,0x08,0xa5,0x08,0xa5,0x08,0xa5,0x08,0xa5,0x08,0xa5,0x08,0xa5,0x08,0xa5,0x08,
    0xa5,0x08,0xa5,0x08,0xa5,0x08,0xa5,0x08,0xa5,0x08,0xa5,0x08,0xa5,0x08,0xa5,0x08,
    0xa5,0x08,0xa5,0x08,0xa5,0x08,0xa5,0x08,0xa5,0x08,0xa5,0x08,0xa5,0x08,0xa5,0x08,
    0xa5,0x08,0xa5,0x08,0xa5,0x08,0xa5,0x08,0xa5,0x08,0xa5,0x08,0xa5,0x08,0xa5,0x08,
    0xa5,0x08,0xa5,0x08,0xa5,0x08,0xa5,0x08,0xa5,0x08,0xa5,0x08,0xa5,0x08,0xa5,0x08,
    0xa5,0x08,0xa5,0x08,0xa5,0x08,0xa5,0x08,0xa5,0x08,0xa5,0x08,0xa5,0x08,0xa5,0x08,
    0xa5,0x08,0xa5,0x08,0xa5,0x08,0xa5,0x08,0xa5,0x08,0xa5,0x08,0xa5,0x08,0xa5,0x08,
    0xa5,0x08,0xa5,0x08,0xa5,0x08,0xa5,0x08,0xa5,0x08,0xa5,0x08,0xa5,0x08,0xa5,0x08,
    0xa5,0x08,0xa5,0x08,0xa5,0x08,0xa5,0x08,0xa5,0x08,0xa5,0x08,0xa5,0x08,0xa5,0x08,
    0xa5,0x08,0xa5,0x08,0xa5,0x08,0xa5,0x08,0xa5,0x08,0xa5,0x08,0xa5,0x08,0xa5,0x08,
    0xa5,0x08,0xa5,0x08,0xa5,0x08,0xa5,0x08,0xa5,0x08,0xa5,0x08,0xa5,0x08,0xa5,0x08,
    0xa5,0x08,0xa5,0x08,0xa5,0x08,0xa5,0x08,0xa5,0x08,0xa5,0x08,0xa5,0x08,0xa5,0x08,
    0xa5,0x08,0xa5,0x08,0xa5,0x08,0xa5,0x08,0xa5,0x08,0xa5,0x08,0xa5,0x08,0xa5,0x08,
    0xa5,0x08,0xa5,0x08,0xa5,0x08,0xa5,0x08,0xa5,0x08,0xa5,0x08,0xa5,0x08,0xa5,0x08,
    0xa5,0x08,0xa5,0x08,0xa5,0x08,0xa5,0x08,0xa5,0x08,0xa5,0x08,0xa5,0x08,0xa5,0x08,
    0xa5,0x08,0xa5,0x08,0xa5,0x08,0xa5,0x08,0xa5,0x08,0xa5,0x08,0xa5,0x08,0xa5,0x08,
    0xa5,0x08,0xa5,0x08,0xa5,0x08,0xa5,0x08,0xa5,0x08,0xa5,0x08,0xa5,0x08,0xa5,0x08,
    0xa5,0x08,0xa5,0x08,0xa5,0x08,0xa5,0x08,0xa5,0x08,0xa5,0x08,0xa5,0x08,0xa5,0x08,
    0xa5,0x08,0xa5,0x08,0xa5,0x08,0xa5,0x08,0xa5,0x08,0xa5,0x08,0xa5,0x08,0xa5,0x08,
    0xa5,0x08,0xa5,0x08,0xa5,0x08,0xa5,0x08,0xa5,0x08,0xa5,0x08,0xa5,0x08,0xa5,0x08,
    0xa5,0x08,0xa5,0x08,0xa5,0x08,0xa5,0x08,0xa5,0x08,0xa5,0x08,0xa5,0x08,0xa5,0x08,
    0xa5,0x08,0xa5,0x08,0xa5,0x08,0xa5,0x08,0xa5,0x08,0xa5,0x08,0xa5,0x08,0xa5,0x08,
    0xa5,0x08,0xa5,0x08,0xa5,0x08,0xa5,0x08,0xa5,0x08,0xa5,0x08,0xa5,0x08,0xa5,0x08,
    0xa5,0x08,0xa5,0x08,0xa5,0x08,0xa5,0x08,0xa5,0x08,0xa5,0x08,0xa5,0x08,0xa5,0x08,
    0xa5,0x08,0xa5,0x08,0xa5,0x08,0xa5,0x08,0xa5,0x08,0xa5,0x08,0xa5,0x08,0xa5,0x08,
    0xa5,0x08,0xa5,0x08,0xa5,0x08,0xa5,0x08,0xa5,0x08,0xa5,0x08,0xa5,0x08,0xa5,0x08,
    0xa5,0x08,0xa5,0x08,0xa5,0x08,0xa5,0x08,0xa5,0x08,0xa5,0x08,0xa5,0x08,0xa5,0x08,
    0xa5,0x08,0xa5,0x08,0xa5,0x08,0xa5,0x08,0xa5,0x08,0xa5,0x08,0xa5,0x08,0xa5,0x08,
    0xa5,0x08,0xa5,0x08,0xa5,0x08,0xa5,0x08,0xa5,0x08,0xa5,0x08,0xa5,0x08,0xa5,0x08,
    0xa5,0x08,0xa5,0x08,0xa5,0x08,0xa5,0x08,0xa5,0x08,0xa5,0x08,0xa5,0x08,0xa5,0x08,
    0xa5,0x08,0xa5,0x08,0xa5,0x08,0xa5,0x08,0xa5,0x08,0xa5,0x08,0xa5,0x08,0xa5,0x08,
    0xa5,0x08,0xa5,0x08,0xa5,0x08,0xa5,0x08,0xa5,0x08,0xa5,0x08,0xa5,0x08,0xa5,0x08,
    0xa5,0x08,0xa5,0x08,0xa5,0x08,0xa5,0x08,0xa5,0x08,0xa5,0x08,0xa5,0x08,0xa5,0x08,
    0xa5,0x08,0xa5,0x08,0xa5,0x08,0xa5,0x08,0xa5,0x08,0xa5,0x08,0xa5,0x08,0xa5,0x08,
    0xa5,0x08,0xa5,0x08,0xa5,0x08,0xa5,0x08,0xa5,0x08,0xa5,0x08,0xa5,0x08,0xa5,0x08,
    0xa5,0x08,0xa5,0x08,0xa5,0x08,0xa5,0x08,0xa5,0x08,0xa5,0x08,0xa5,0x08,0xa5,0x08,
    0xa5,0x08,0xa5,0x08,0xa5,0x08,0xa5,0x08,0xa5,0x08,0xa5,0x08,0xa5,0x08,0xa5,0x08,
    0xa5,0x08,0xa5,0x08,0xa5,0x08,0xa5,0x08,0xa5,0x08,0xa5,0x08,0xa5,0x08,0xa5,0x08,
    0xa5,0x08,0xa5,0x08,0xa5,0x08,0xa5,0x08,0xa5,0x08,0xa5,0x08,0xa5,0x08,0xa5,0x08,
    0xa5,0x08,0xa5,0x08,0xa5,0x08,0xa5,0x08,0xa5,0x08,0xa5,0x08,0xa5,0x08,0xa5,0x08,
    0xa5,0x08,0xa5,0x08,0xa5,0x08,0xa5,0x08,0xa5,0x08,0xa5,0x08,0xa5,0x08,0xa5,0x08,
    0xa5,0x08,0xa5,0x08,0xa5,0x08,0xa5,0x08,0xa5,0x08,0xa5,0x08,0xa5,0x08,0xa5,0x08,
    0xa5,0x08,0xa5,0x08,0xa5,0x08,0xa5,0x08,0xa5,0x08,0xa5,0x08,0xa5,0x08,0xa5,0x08,
    0xa5,0x08,0xa5,0x08,0xa5,0x08,0xa5,0x08,0xa5,0x08,0xa5,0x08,0xa5,0x08,0xa5,0x08,
    0xa5,0x08,0xa5,0x08,0xa5,0x08,0xa5,0x08,0xa5,0x08,0xa5,0x08,0xa5,0x08,0xa5,0x08,
    0xa5,0x08,0xa5,0x08,0xa5,0x08,0xa5,0x08,0xa5,0x08,0xa5,0x08,0xa5,0x08,0xa5,0x08,
    0xa5,0x08,0xa5,0x08,0xa5,0x08,0xa5,0x08,0xa5,0x08,0xa5,0x08,0xa5,0x08,0xa5,0x08,
    0xa5,0x08,0xa5,0x08,0xa5,0x08,0xa5,0x08,0xa5,0x08,0xa5,0x08,0xa5,0x08,0xa5,0x08,
    0xa5,0x08,0xa5,0x08,0xa5,0x08,0xa5,0x08,0xa5,0x08,0xa5,0x08,0xa5,0x08,0xa5,0x08,
    0xa5,0x08,0xa5,0x08,0xa5,0x08,0xa5,0x08,0xa5,0x08,0xa5,0x08,0xa5,0x08,0xa5,0x08,
    0xa5,0x08,0xa5,0x08,0xa5,0x08,0xa5,0x08,0xa5,0x08,0xa5,0x08,0xa5,0x08,0xa5,0x08,
    0xa5,0x08,0xa5,0x08,0xa5,0x08,0xa5,0x08,0xa5,0x08,0xa5,0x08,0xa5,0x08,0xa5,0x08,
    0xa5,0x08,0xa5,0x08,0xa5,0x08,0xa5,0x08,0xa5,0x08,0xa5,0x08,0xa5,0x08,0xa5,0x08,
    0xa5,0x08,0xa5,0x08,0xa5,0x08,0xa5,0x08,0xa5,0x08,0xa5,0x08,0xa5,0x08,0xa5,0x08,
    0xa5,0x08,0xa5,0x08,0xa5,0x08,0xa5,0x08,0xa5,0x08,0xa5,0x08,0xa5,0x08,0xa5,0x08,
    0xa5,0x08,0xa5,0x08,0xa5,0x08,0xa5,0x08,0xa5,0x08,0xa5,0x08,0xa5,0x08,0xa5,0x08,
    0xa5,0x08,0xa5,0x08,0xa5,0x08,0xa5,0x08,0xa5,0x08,0xa5,0x08,0xa5,0x08,0xa5,0x08,
    0xa5,0x08,0xa5,0x08,0xa5,0x08,0xa5,0x08,0xa5,0x08,0xa5,0x08,0xa5,0x08,0xa5,0x08,
    0xa5,0x08,0xa5,0x08,0xa5,0x08,0xa5,0x08,0xa5,0x08,0xa5,0x08,0xa5,0x08,0xa5,0x08,
    0xa5,0x08,0xa5,0x08,0xa5,0x08,0xa5,0x08,0xa5,0x08,0xa5,0x08,0xa5,0x08,0xa5,0x08,
    0xa5,0x08,0xa5,0x08,0xa5,0x08,0xa5,0x08,0xa5,0x08,0xa5,0x08,0xa5,0x08,0xa5,0x08,
    0xa5,0x08,0xa5,0x08,0xa5,0x08,0xa5,0x08,0xa5,0x08,0xa5,0x08,0xa5,0x08,0xa5,0x08,
    0xa5,0x08,0xa5,0x08,0xa5,0x08,0xa5,0x08,0xa5,0x08,0xa5,0x08,0xa5,0x08,0xa5,0x08,
    0xa5,0x08,0xa5,0x08,0xa5,0x08,0xa5,0x08,0xa5,0x08,0xa5,0x08,0xa5,0x08,0xa5,0x08,
    0xa5,0x08,0xa5,0x08,0xa5,0x08,0xa5,0x08,0xa5,0x08,0xa5,0x08,0xa5,0x08,0xa5,0x08,
    0xa5,0x08,0xa5,0x08,0xa5,0x08,0xa5,0x08,0xa5,0x08,0xa5,0x08,0xa5,0x08,0xa5,0x08,
    0xa5,0x08,0xa5,0x08,0xa5,0x08,0xa5,0x08,0xa5,0x08,0xa5,0x08,0xa5,0x08,0xa5,0x08,
    0xa5,0x08,0xa5,0x08,0xa5,0x08,0xa5,0x08,0xa5,0x08,0xa5,0x08,0xa5,0x08,0xa5,0x08,
    0xa5,0x08,0xa5,0x08,0xa5,0x08,0xa5,0x08,0xa5,0x08,0xa5,0x08,0xa5,0x08,0xa5,0x08,
    0xa5,0x08,0xa5,0x08,0xa5,0x08,0xa5,0x08,0xa5,0x08,0xa5,0x08,0xa5,0x08,0xa5,0x08,
    0xa5,0x08,0xa5,0x08,0xa5,0x08,0xa5,0x08,0xa5,0x08,0xa5,0x08,0xa5,0x08,0xa5,0x08,
    0xa5,0x08,0xa5,0x08,0xa5,0x08,0xa5,0x08,0xa5,0x08,0xa5,0x08,0xa5,0x08,0xa5,0x08,
    0xa5,0x08,0xa5,0x08,0xa5,0x08,0xa5,0x08,0xa5,0x08,0xa5,0x08,0xa5,0x08,0xa5,0x08,
    0xa5,0x08,0xa5,0x08,0xa5,0x08,0xa5,0x08,0xa5,0x08,0xa5,0x08,0xa5,0x08,0xa5,0x08,
    0xa5,0x08,0xa5,0x08,0xa5,0x08,0xa5,0x08,0xa5,0x08,0xa5,0x08,0xa5,0x08,0xa5,0x08,
    0xa5,0x08,0xa5,0x08,0xa5,0x08,0xa5,0x08,0xa5,0x08,0xa5,0x08,0xa5,0x08,0xa5,0x08,
    0xa5,0x08,0xa5,0x08,0xa5,0x08,0xa5,0x08,0xa5,0x08,0xa5,0x08,0xa5,0x08,0xa5,0x08,
    0xa5,0x08,0xa5,0x08,0xa5,0x08,0xa5,0x08,0xa5,0x08,0xa5,0x08,0xa5,0x08,0xa5,0x08,
    0xa5,0x08,0xa5,0x08,0xa5,0x08,0xa5,0x08,0xa5,0x08,0xa5,0x08,0xa5,0x08,0xa5,0x08,
    0xa5,0x08,0xa5,0x08,0xa5,0x08,0xa5,0x08,0xa5,0x08,0xa5,0x08,0xa5,0x08,0xa5,0x08,
    0xa5,0x08,0xa5,0x08,0xa5,0x08,0xa5,0x08,0xa5,0x08,0xa5,0x08,0xa5,0x08,0xa5,0x08,
    0xa5,0x08,0xa5,0x08,0xa5,0x08,0xa5,0x08,0xa5,0x08,0xa5,0x08,0xa5,0x08,0xa5,0x08,
    0xa5,0x08,0xa5,0x08,0xa5,0x08,0xa5,0x08,0xa5,0x08,0xa5,0x08,0xa5,0x08,0xa5,0x08,
    0xa5,0x08,0xa5,0x08,0xa5,0x08,0xa5,0x08,0xa5,0x08,0xa5,0x08,0xa5,0x08,0xa5,0x08,
    0xa5,0x08,0xa5,0x08,0xa5,0x08,0xa5,0x08,0xa5,0x08,0xa5,0x08,0xa5,0x08,0xa5,0x08,
    0xa5,0x08,0xa5,0x08,0xa5,0x08,0xa5,0x08,0xa5,0x08,0xa5,0x08,0xa5,0x08,0xa5,0x08,
    0xa5,0x08,0xa5,0x08,0xa5,0x08,0xa5,0x08,0xa5,0x08,0xa5,0x08,0xa5,0x08,0xa5,0x08,
    0xa5,0x08,0xa5,0x08,0xa5,0x08,0xa5,0x08,0xa5,0x08,0xa5,0x08,0xa5,0x08,0xa5,0x08,
    0xa5,0x08,0xa5,0x08,0xa5,0x08,0xa5,0x08,0xa5,0x08,0xa5,0x08,0xa5,0x08,0xa5,0x08,
    0xa5,0x08,0xa5,0x08,0xa5,0x08,0xa5,0x08,0xa5,0x08,0xa5,0x08,0xa5,0x08,0xa5,0x08,
    0xa5,0x08,0xa5,0x08,0xa5,0x08,0xa5,0x08,0xa5,0x08,0xa5,0x08,0xa5,0x08,0xa5,0x08,
    0xa5,0x08,0xa5,0x08,0xa5,0x08,0xa5,0x08,0xa5,0x08,0xa5,0x08,0xa5,0x08,0xa5,0x08,
    0xa5,0x08,0xa5,0x08,0xa5,0x08,0xa5,0x08,0xa5,0x08,0xa5,0x08,0xa5,0x08,0xa5,0x08,
    0xa5,0x08,0xa5,0x08,0xa5,0x08,0xa5,0x08,0xa5,0x08,0xa5,0x08,0xa5,0x08,0xa5,0x08,
    0xa5,0x08,0xa5,0x08,0xa5,0x08,0xa5,0x08,0xa5,0x08,0xa5,0x08,0xa5,0x08,0xc5,0x10,
    0xc5,0x10,0xc5,0x10,0xc5,0x10,0xc5,0x10,0xc5,0x10,0xc5,0x10,0xc5,0x10,0xc5,0x10,
    0xc5,0x10,0xc5,0x10,0xc5,0x10,0xc5,0x10,0xc5,0x10,0xa5,0x08,0xa5,0x08,0xa5,0x08,
    0xa5,0x08,0xa5,0x08,0xa5,0x08,0xa5,0x08,0xa5,0x08,0xa5,0x08,0xa5,0x08,0xa5,0x08,
    0xa5,0x08,0xa5,0x08,0xa5,0x08,0xa5,0x08,0xa5,0x08,0xa5,0x08,0xa5,0x08,0xa5,0x08,
    0xa5,0x08,0xa5,0x08,0xa5,0x08,0xa5,0x08,0xa5,0x08,0xa5,0x08,0xa5,0x08,0xa5,0x08,
    0xa5,0x08,0xa5,0x08,0xa5,0x08,0xa5,0x08,0xa5,0x08,0xa5,0x08,0xa5,0x08,0xa5,0x08,
    0xa5,0x08,0xa5,0x08,0xa5,0x08,0xa5,0x08,0xa5,0x08,0xa5,0x08,0xa5,0x08,0xa5,0x08,
    0xa5,0x08,0xa5,0x08,0xa5,0x08,0xa5,0x08,0xa5,0x08,0xa5,0x08,0xa5,0x08,0xa5,0x08,
    0xa5,0x08,0xa5,0x08,0xa5,0x08,0xa5,0x08,0xa5,0x08,0xa5,0x08,0xa5,0x08,0xa5,0x08,
    0xa5,0x08,0xa5,0x08,0xa5,0x08,0xa5,0x08,0xa5,0x08,0xa5,0x08,0xa5,0x08,0xa5,0x08,
    0xa5,0x08,0xa5,0x08,0xa5,0x08,0xa5,0x08,0xa5,0x08,0xa5,0x08,0xa5,0x08,0xa5,0x08,
    0xa5,0x08,0xa5,0x08,0xa5,0x08,0xa5,0x08,0xa5,0x08,0xa5,0x08,0xa5,0x08,0xa5,0x08,
    0xa5,0x08,0xa5,0x08,0xa5,0x08,0xa5,0x08,0xa5,0x08,0xa5,0x08,0xa5,0x08,0xa5,0x08,
    0xa5,0x08,0xa5,0x08,0xa5,0x08,0xa5,0x08,0xa5,0x08,0xa5,0x08,0xa5,0x08,0xa5,0x08,
    0xa5,0x08,0xa5,0x08,0xa5,0x08,0xa5,0x08,0xa5,0x08,0xa5,0x08,0xa5,0x08,0xa5,0x08,
    0xa5,0x08,0xa5,0x08,0xa5,0x08,0xa5,0x08,0xa5,0x08,0xa5,0x08,0xa5,0x08,0xa5,0x08,
    0xa5,0x08,0xa5,0x08,0xa5,0x08,0xa5,0x08,0xa5,0x08,0xa5,0x08,0xa5,0x08,0xa5,0x08,
    0xa5,0x08,0xa5,0x08,0xa5,0x08,0xa5,0x08,0xa5,0x08,0xa5,0x08,0xa5,0x08,0xa5,0x08,
    0xa5,0x08,0xa5,0x08,0xa5,0x08,0xa5,0x08,0xa5,0x08,0xa5,0x08,0xa5,0x08,0xa5,0x08,
    0xa5,0x08,0xa5,0x08,0xa5,0x08,0xa5,0x08,0xa5,0x08,0xa5,0x08,0xa5,0x08,0xa5,0x08,
    0xa5,0x08,0xa5,0x08,0xa5,0x08,0xa5,0x08,0xa5,0x08,0xa5,0x08,0xa5,0x08,0xa5,0x08,
    0xa5,0x08,0xa5,0x08,0xa5,0x08,0xa5,0x08,0xa5,0x08,0xa5,0x08,0xa5,0x08,0xa5,0x08,
    0xa5,0x08,0xa5,0x08,0xa5,0x08,0xa5,0x08,0xa5,0x08,0xa5,0x08,0xa5,0x08,0xa5,0x08,
    0xa5,0x08,0xa5,0x08,0xa5,0x08,0xa5,0x08,0xa5,0x08,0xa5,0x08,0xa5,0x08,0xa5,0x08,
    0xa5,0x08,0xa5,0x08,0xa5,0x08,0xa5,0x08,0xa5,0x08,0xa5,0x08,0xa5,0x08,0xa5,0x08,
    0xa5,0x08,0xa5,0x08,0xa5,0x08,0xa5,0x08,0xa5,0x08,0xa5,0x08,0xa5,0x08,0xa5,0x08,
    0xa5,0x08,0xa5,0x08,0xa5,0x08,0xa5,0x08,0xa5,0x08,0xa5,0x08,0xa5,0x08,0xa5,0x08,
    0xa5,0x08,0xa5,0x08,0xc5,0x10,0xa5,0x08,0x65,0x00,0x85,0x00,0x85,0x00,0x85,0x00,
    0x85,0x00,0x85,0x00,0x85,0x00,0x65,0x00,0x65,0x00,0x85,0x00,0x85,0x00,0xa5,0x08,
    0xa5,0x08,0xa5,0x08,0xc5,0x10,0xc5,0x10,0xc5,0x10,0xa5,0x08,0xa5,0x08,0xa5,0x08,
    0xa5,0x08,0xa5,0x08,0xa5,0x08,0xa5,0x08,0xa5,0x08,0xa5,0x08,0xa5,0x08,0xa5,0x08,
    0xa5,0x08,0xa5,0x08,0xa5,0x08,0xa5,0x08,0xa5,0x08,0xa5,0x08,0xa5,0x08,0xa5,0x08,
    0xa5,0x08,0xa5,0x08,0xa5,0x08,0xa5,0x08,0xa5,0x08,0xa5,0x08,0xa5,0x08,0xa5,0x08,
    0xa5,0x08,0xa5,0x08,0xa5,0x08,0xa5,0x08,0xa5,0x08,0xa5,0x08,0xa5,0x08,0xa5,0x08,
    0xa5,0x08,0xa5,0x08,0xa5,0x08,0xa5,0x08,0xa5,0x08,0xa5,0x08,0xa5,0x08,0xa5,0x08,
    0xa5,0x08,0xa5,0x08,0xa5,0x08,0xa5,0x08,0xa5,0x08,0xa5,0x08,0xa5,0x08,0xa5,0x08,
    0xa5,0x08,0xa5,0x08,0xa5,0x08,0xa5,0x08,0xa5,0x08,0xa5,0x08,0xa5,0x08,0xa5,0x08,
    0xa5,0x08,0xa5,0x08,0xa5,0x08,0xa5,0x08,0xa5,0x08,0xa5,0x08,0xa5,0x08,0xa5,0x08,
    0xa5,0x08,0xa5,0x08,0xa5,0x08,0xa5,0x08,0xa5,0x08,0xa5,0x08,0xa5,0x08,0xa5,0x08,
    0xa5,0x08,0xa5,0x08,0xa5,0x08,0xa5,0x08,0xa5,0x08,0xa5,0x08,0xa5,0x08,0xa5,0x08,
    0xa5,0x08,0xa5,0x08,0xa5,0x08,0xa5,0x08,0xa5,0x08,0xa5,0x08,0xa5,0x08,0xa5,0x08,
    0xa5,0x08,0xa5,0x08,0xa5,0x08,0xa5,0x08,0xa5,0x08,0xa5,0x08,0xa5,0x08,0xa5,0x08,
    0xa5,0x08,0xa5,0x08,0xa5,0x08,0xa5,0x08,0xa5,0x08,0xa5,0x08,0xa5,0x08,0xa5,0x08,
    0xa5,0x08,0xa5,0x08,0xa5,0x08,0xa5,0x08,0xa5,0x08,0xa5,0x08,0xa5,0x08,0xa5,0x08,
    0xa5,0x08,0xa5,0x08,0xa5,0x08,0xa5,0x08,0xa5,0x08,0xa5,0x08,0xa5,0x08,0xa5,0x08,
    0xa5,0x08,0xa5,0x08,0xa5,0x08,0xa5,0x08,0xa5,0x08,0xa5,0x08,0xa5,0x08,0xa5,0x08,
    0xa5,0x08,0xa5,0x08,0xa5,0x08,0xa5,0x08,0xa5,0x08,0xa5,0x08,0xa5,0x08,0xa5,0x08,
    0xa5,0x08,0xa5,0x08,0xa5,0x08,0xa5,0x08,0xa5,0x08,0xa5,0x08,0xa5,0x08,0xa5,0x08,
    0xa5,0x08,0xa5,0x08,0xa5,0x08,0xa5,0x08,0xa5,0x08,0xa5,0x08,0xa5,0x08,0xa5,0x08,
    0xa5,0x08,0xa5,0x08,0xa5,0x08,0xa5,0x08,0xa5,0x08,0xa5,0x08,0xa5,0x08,0xa5,0x08,
    0xa5,0x08,0xa5,0x08,0xa5,0x08,0xa5,0x08,0xa5,0x08,0xa5,0x08,0xa5,0x08,0xa5,0x08,
    0xa5,0x08,0xa5,0x08,0xa5,0x08,0xa5,0x08,0xa5,0x08,0xa5,0x08,0xa5,0x08,0xa5,0x08,
    0xa5,0x08,0xa5,0x08,0xa5,0x08,0xa5,0x08,0xa5,0x08,0xa5,0x08,0xa5,0x08,0xa5,0x08,
    0xa5,0x08,0xa5,0x08,0xa5,0x08,0xa5,0x08,0xa5,0x08,0xa5,0x08,0xa5,0x08,0xa5,0x08,
    0xa5,0x08,0xa5,0x08,0xa5,0x08,0xa5,0x08,0xa5,0x08,0xc5,0x10,0x85,0x00,0xe5,0x18,
    0xa3,0x7a,0xc2,0xbb,0xc2,0xbb,0xc2,0xbb,0xc2,0xbb,0xc2,0xbb,0xc2,0xbb,0x03,0x93,
    0xa3,0x82,0x04,0x5a,0xa4,0x49,0x24,0x29,0xe5,0x18,0xa5,0x08,0x65,0x00,0x65,0x00,
    0xa5,0x08,0xa5,0x10,0xc5,0x10,0xc5,0x10,0xc5,0x10,0xa5,0x08,0xa5,0x08,0xa5,0x08,
    0xa5,0x08,0xa5,0x08,0xa5,0x08,0xa5,0x08,0xa5,0x08,0xa5,0x08,0xa5,0x08,0xa5,0x08,
    0xa5,0x08,0xa5,0x08,0xa5,0x08,0xa5,0x08,0xa5,0x08,0xa5,0x08,0xa5,0x08,0xa5,0x08,
    0xa5,0x08,0xa5,0x08,0xa5,0x08,0xa5,0x08,0xa5,0x08,0xa5,0x08,0xa5,0x08,0xa5,0x08,
    0xa5,0x08,0xa5,0x08,0xa5,0x08,0xa5,0x08,0xa5,0x08,0xa5,0x08,0xa5,0x08,0xa5,0x08,
    0xa5,0x08,0xa5,0x08,0xa5,0x08,0xa5,0x08,0xa5,0x08,0xa5,0x08,0xa5,0x08,0xa5,0x08,
    0xa5,0x08,0xa5,0x08,0xa5,0x08,0xa5,0x08,0xa5,0x08,0xa5,0x08,0xa5,0x08,0xa5,0x08,
    0xa5,0x08,0xa5,0x08,0xa5,0x08,0xa5,0x08,0xa5,0x08,0xa5,0x08,0xa5,0x08,0xa5,0x08,
    0xa5,0x08,0xa5,0x08,0xa5,0x08,0xa5,0x08,0xa5,0x08,0xa5,0x08,0xa5,0x08,0xa5,0x08,
    0xa5,0x08,0xa5,0x08,0xa5,0x08,0xa5,0x08,0xa5,0x08,0xa5,0x08,0xa5,0x08,0xa5,0x08,
    0xa5,0x08,0xa5,0x08,0xa5,0x08,0xa5,0x08,0xa5,0x08,0xa5,0x08,0xa5,0x08,0xa5,0x08,
    0xa5,0x08,0xa5,0x08,0xa5,0x08,0xa5,0x08,0xa5,0x08,0xa5,0x08,0xa5,0x08,0xa5,0x08,
    0xa5,0x08,0xa5,0x08,0xa5,0x08,0xa5,0x08,0xa5,0x08,0xa5,0x08,0xa5,0x08,0xa5,0x08,
    0xa5,0x08,0xa5,0x08,0xa5,0x08,0xa5,0x08,0xa5,0x08,0xa5,0x08,0xa5,0x08,0xa5,0x08,
    0xa5,0x08,0xa5,0x08,0xa5,0x08,0xa5,0x08,0xa5,0x08,0xa5,0x08,0xa5,0x08,0xa5,0x08,
    0xa5,0x08,0xa5,0x08,0xa5,0x08,0xa5,0x08,0xa5,0x08,0xa5,0x08,0xa5,0x08,0xa5,0x08,
    0xa5,0x08,0xa5,0x08,0xa5,0x08,0xa5,0x08,0xa5,0x08,0xa5,0x08,0xa5,0x08,0xa5,0x08,
    0xa5,0x08,0xa5,0x08,0xa5,0x08,0xa5,0x08,0xa5,0x08,0xa5,0x08,0xa5,0x08,0xa5,0x08,
    0xa5,0x08,0xa5,0x08,0xa5,0x08,0xa5,0x08,0xa5,0x08,0xa5,0x08,0xa5,0x08,0xa5,0x08,
    0xa5,0x08,0xa5,0x08,0xa5,0x08,0xa5,0x08,0xa5,0x08,0xa5,0x08,0xa5,0x08,0xa5,0x08,
    0xa5,0x08,0xa5,0x08,0xa5,0x08,0xa5,0x08,0xa5,0x08,0xa5,0x08,0xa5,0x08,0xa5,0x08,
    0xa5,0x08,0xa5,0x08,0xa5,0x08,0xa5,0x08,0xa5,0x08,0xa5,0x08,0xa5,0x08,0xa5,0x08,
    0xa5,0x08,0xa5,0x08,0xa5,0x08,0xa5,0x08,0xa5,0x08,0xa5,0x08,0xa5,0x08,0xa5,0x08,
    0xa5,0x08,0xa5,0x08,0xa5,0x08,0xa5,0x08,0xa5,0x08,0xa5,0x08,0xa5,0x08,0xa5,0x08,
    0xa5,0x08,0xa5,0x08,0xa5,0x08,0xa5,0x08,0xa5,0x08,0xa5,0x08,0xa5,0x08,0xa5,0x08,
    0xc5,0x10,0x85,0x00,0x84,0x39,0x61,0xdc,0x41,0xfd,0x01,0xfd,0x01,0xfd,0x01,0xfd,
    0x01,0xfd,0xe1,0xfc,0xe1,0xfc,0x01,0xfd,0x01,0xfd,0xe1,0xfc,0xc2,0xfc,0x82,0xec,
    0x62,0xe4,0xc2,0xc3,0xe3,0x92,0xe4,0x51,0x24,0x29,0xa5,0x08,0x65,0x00,0x85,0x00,
    0xa5,0x08,0xa5,0x10,0xc5,0x10,0xc5,0x10,0xa5,0x08,0xa5,0x08,0xa5,0x08,0xa5,0x08,
    0xa5,0x08,0xa5,0x08,0xa5,0x08,0xa5,0x08,0xa5,0x08,0xa5,0x08,0xa5,0x08,0xa5,0x08,
    0xa5,0x08,0xa5,0x08,0xa5,0x08,0xa5,0x08,0xa5,0x08,0xa5,0x08,0xa5,0x08,0xa5,0x08,
    0xa5,0x08,0xa5,0x08,0xa5,0x08,0xa5,0x08,0xa5,0x08,0xa5,0x08,0xa5,0x08,0xa5,0x08,
    0xa5,0x08,0xa5,0x08,0xa5,0x08,0xa5,0x08,0xa5,0x08,0xa5,0x08,0xa5,0x08,0xa5,0x08,
    0xa5,0x08,0xa5,0x08,0xa5,0x08,0xa5,0x08,0xa5,0x08,0xa5,0x08,0xa5,0x08,0xa5,0x08,
    0xa5,0x08,0xa5,0x08,0xa5,0x08,0xa5,0x08,0xa5,0x08,0xa5,0x08,0xa5,0x08,0xa5,0x08,
    0xa5,0x08,0xa5,0x08,0xa5,0x08,0xa5,0x08,0xa5,0x08,0xa5,0x08,0xa5,0x08,0xa5,0x08,
    0xa5,0x08,0xa5,0x08,0xa5,0x08,0xa5,0x08,0xa5,0x08,0xa5,0x08,0xa5,0x08,0xa5,0x08,
    0xa5,0x08,0xa5,0x08,0xa5,0x08,0xa5,0x08,0xa5,0x08,0xa5,0x08,0xa5,0x08,0xa5,0x08,
    0xa5,0x08,0xa5,0x08,0xa5,0x08,0xa5,0x08,0xa5,0x08,0xa5,0x08,0xa5,0x08,0xa5,0x08,
    0xa5,0x08,0xa5,0x08,0xa5,0x08,0xa5,0x08,0xa5,0x08,0xa5,0x08,0xa5,0x08,0xa5,0x08,
    0xa5,0x08,0xa5,0x08,0xa5,0x08,0xa5,0x08,0xa5,0x08,0xa5,0x08,0xa5,0x08,0xa5,0x08,
    0xa5,0x08,0xa5,0x08,0xa5,0x08,0xa5,0x08,0xa5,0x08,0xa5,0x08,0xa5,0x08,0xa5,0x08,
    0xa5,0x08,0xa5,0x08,0xa5,0x08,0xa5,0x08,0xa5,0x08,0xa5,0x08,0xa5,0x08,0xa5,0x08,
    0xa5,0x08,0xa5,0x08,0xa5,0x08,0xa5,0x08,0xa5,0x08,0xa5,0x08,0xa5,0x08,0xa5,0x08,
    0xa5,0x08,0xa5,0x08,0xa5,0x08,0xa5,0x08,0xa5,0x08,0xa5,0x08,0xa5,0x08,0xa5,0x08,
    0xa5,0x08,0xa5,0x08,0xa5,0x08,0xa5,0x08,0xa5,0x08,0xa5,0x08,0xa5,0x08,0xa5,0x08,
    0xa5,0x08,0xa5,0x08,0xa5,0x08,0xa5,0x08,0xa5,0x08,0xa5,0x08,0xa5,0x08,0xa5,0x08,
    0xa5,0x08,0xa5,0x08,0xa5,0x08,0xa5,0x08,0xa5,0x08,0xa5,0x08,0xa5,0x08,0xa5,0x08,
    0xa5,0x08,0xa5,0x08,0xa5,0x08,0xa5,0x08,0xa5,0x08,0xa5,0x08,0xa5,0x08,0xa5,0x08,
    0xa5,0x08,0xa5,0x08,0xa5,0x08,0xa5,0x08,0xa5,0x08,0xa5,0x08,0xa5,0x08,0xa5,0x08,
    0xa5,0x08,0xa5,0x08,0xa5,0x08,0xa5,0x08,0xa5,0x08,0xa5,0x08,0xa5,0x08,0xa5,0x08,
    0xa5,0x08,0xa5,0x08,0xa5,0x08,0xa5,0x08,0xa5,0x08,0xa5,0x08,0xa5,0x08,0xa5,0x08,
    0xa5,0x08,0xa5,0x08,0xa5,0x08,0xc5,0x10,0xa5,0x08,0xe5,0x18,0x61,0xdc,0x21,0xfd,
    0xc1,0xec,0xc1,0xf4,0xc1,0xf4,0xc1,0xf4,0xa1,0xf4,0xa1,0xf4,0xa2,0xf4,0xa2,0xf4,
    0x82,0xf4,0x82,0xf4,0x82,0xf4,0xa2,0xf4,0xa2,0xfc,0xa2,0xfc,0xc2,0xfc,0xc2,0xfc,
    0x62,0xec,0xa3,0xc3,0xc3,0x92,0xe4,0x51,0x25,0x29,0xa5,0x08,0x65,0x00,0x85,0x00,
    0xc5,0x10,0xc5,0x10,0xa5,0x10,0xa5,0x08,0xa5,0x08,0xa5,0x08,0xa5,0x08,0xa5,0x08,
    0xa5,0x08,0xa5,0x08,0xa5,0x08,0xa5,0x08,0xa5,0x08,0xa5,0x08,0xa5,0x08,0xa5,0x08,
    0xa5,0x08,0xa5,0x08,0xa5,0x08,0xa5,0x08,0xa5,0x08,0xa5,0x08,0xa5,0x08,0xa5,0x08,
    0xa5,0x08,0xa5,0x08,0xa5,0x08,0xa5,0x08,0xa5,0x08,0xa5,0x08,0xa5,0x08,0xa5,0x08,
    0xa5,0x08,0xa5,0x08,0xa5,0x08,0xa5,0x08,0xa5,0x08,0xa5,0x08,0xa5,0x08,0xa5,0x08,
    0xa5,0x08,0xa5,0x08,0xa5,0x08,0xa5,0x08,0xa5,0x08,0xa5,0x08,0xa5,0x08,0xa5,0x08,
    0xa5,0x08,0xa5,0x08,0xa5,0x08,0xa5,0x08,0xa5,0x08,0xa5,0x08,0xa5,0x08,0xa5,0x08,
    0xa5,0x08,0xa5,0x08,0xa5,0x08,0xa5,0x08,0xa5,0x08,0xa5,0x08,0xa5,0x08,0xa5,0x08,
    0xa5,0x08,0xa5,0x08,0xa5,0x08,0xa5,0x08,0xa5,0x08,0xa5,0x08,0xa5,0x08,0xa5,0x08,
    0xa5,0x08,0xa5,0x08,0xa5,0x08,0xa5,0x08,0xa5,0x08,0xa5,0x08,0xa5,0x08,0xa5,0x08,
    0xa5,0x08,0xa5,0x08,0xa5,0x08,0xa5,0x08,0xa5,0x08,0xa5,0x08,0xa5,0x08,0xa5,0x08,
    0xa5,0x08,0xa5,0x08,0xa5,0x08,0xa5,0x08,0xa5,0x08,0xa5,0x08,0xa5,0x08,0xa5,0x08,
    0xa5,0x08,0xa5,0x08,0xa5,0x08,0xa5,0x08,0xa5,0x08,0xa5,0x08,0xa5,0x08,0xa5,0x08,
    0xa5,0x08,0xa5,0x08,0xa5,0x08,0xa5,0x08,0xa5,0x08,0xa5,0x08,0xa5,0x08,0xa5,0x08,
    0xa5,0x08,0xa5,0x08,0xa5,0x08,0xa5,0x08,0xa5,0x08,0xa5,0x08,0xa5,0x08,0xa5,0x08,
    0xa5,0x08,0xa5,0x08,0xa5,0x08,0xa5,0x08,0xa5,0x08,0xa5,0x08,0xa5,0x08,0xa5,0x08,
    0xa5,0x08,0xa5,0x08,0xa5,0x08,0xa5,0x08,0xa5,0x08,0xa5,0x08,0xa5,0x08,0xa5,0x08,
    0xa5,0x08,0xa5,0x08,0xa5,0x08,0xa5,0x08,0xa5,0x08,0xa5,0x08,0xa5,0x08,0xa5,0x08,
    0xa5,0x08,0xa5,0x08,0xa5,0x08,0xa5,0x08,0xa5,0x08,0xa5,0x08,0xa5,0x08,0xa5,0x08,
    0xa5,0x08,0xa5,0x08,0xa5,0x08,0xa5,0x08,0xa5,0x08,0xa5,0x08,0xa5,0x08,0xa5,0x08,
    0xa5,0x08,0xa5,0x08,0xa5,0x08,0xa5,0x08,0xa5,0x08,0xa5,0x08,0xa5,0x08,0xa5,0x08,
    0xa5,0x08,0xa5,0x08,0xa5,0x08,0xa5,0x08,0xa5,0x08,0xa5,0x08,0xa5,0x08,0xa5,0x08,
    0xa5,0x08,0xa5,0x08,0xa5,0x08,0xa5,0x08,0xa5,0x08,0xa5,0x08,0xa5,0x08,0xa5,0x08,
    0xa5,0x08,0xa5,0x08,0xa5,0x08,0xa5,0x08,0xa5,0x08,0xa5,0x08,0xa5,0x08,0xc5,0x10,
    0x65,0x00,0xa3,0x7a,0x41,0xfd,0xc1,0xec,0xe1,0xf4,0xc1,0xf4,0xc1,0xf4,0xc1,0xf4,
    0xc1,0xf4,0xa1,0xf4,0xa2,0xf4,0xa2,0xf4,0xa2,0xf4,0xa2,0xf4,0x82,0xf4,0x82,0xf4,
    0x82,0xf4,0x82,0xf4,0x62,0xf4,0x62,0xf4,0x82,0xf4,0x82,0xfc,0xa2,0xfc,0x82,0xfc,
    0x42,0xec,0xa3,0xc3,0xa3,0x8a,0x44,0x31,0x85,0x00,0x85,0x00,0xa5,0x08,0xc5,0x10,
    0xc5,0x10,0xa5,0x08,0xa5,0x08,0xa5,0x08,0xa5,0x08,0xa5,0x08,0xa5,0x08,0xa5,0x08,
    0xa5,0x08,0xa5,0x08,0xa5,0x08,0xa5,0x08,0xa5,0x08,0xa5,0x08,0xa5,0x08,0xa5,0x08,
    0xa5,0x08,0xa5,0x08,0xa5,0x08,0xa5,0x08,0xa5,0x08,0xa5,0x08,0xa5,0x08,0xa5,0x08,
    0xa5,0x08,0xa5,0x08,0xa5,0x08,0xa5,0x08,0xa5,0x08,0xa5,0x08,0xa5,0x08,0xa5,0x08,
    0xa5,0x08,0xa5,0x08,0xa5,0x08,0xa5,0x08,0xa5,0x08,0xa5,0x08,0xa5,0x08,0xa5,0x08,
    0xa5,0x08,0xa5,0x08,0xa5,0x08,0xa5,0x08,0xa5,0x08,0xa5,0x08,0xa5,0x08,0xa5,0x08,
    0xa5,0x08,0xa5,0x08,0xa5,0x08,0xa5,0x08,0xa5,0x08,0xa5,0x08,0xa5,0x08,0xa5,0x08,
    0xa5,0x08,0xa5,0x08,0xa5,0x08,0xa5,0x08,0xa5,0x08,0xa5,0x08,0xa5,0x08,0xa5,0x08,
    0xa5,0x08,0xa5,0x08,0xa5,0x08,0xa5,0x08,0xa5,0x08,0xa5,0x08,0xa5,0x08,0xa5,0x08,
    0xa5,0x08,0xa5,0x08,0xa5,0x08,0xa5,0x08,0xa5,0x08,0xa5,0x08,0xa5,0x08,0xa5,0x08,
    0xa5,0x08,0xa5,0x08,0xa5,0x08,0xa5,0x08,0xa5,0x08,0xa5,0x08,0xa5,0x08,0xa5,0x08,
    0xa5,0x08,0xa5,0x08,0xa5,0x08,0xa5,0x08,0xa5,0x08,0xa5,0x08,0xa5,0x08,0xa5,0x08,
    0xa5,0x08,0xa5,0x08,0xa5,0x08,0xa5,0x08,0xa5,0x08,0xa5,0x08,0xa5,0x08,0xa5,0x08,
    0xa5,0x08,0xa5,0x08,0xa5,0x08,0xa5,0x08,0xa5,0x08,0xa5,0x08,0xa5,0x08,0xa5,0x08,
    0xa5,0x08,0xa5,0x08,0xa5,0x08,0xa5,0x08,0xa5,0x08,0xa5,0x08,0xa5,0x08,0xa5,0x08,
    0xa5,0x08,0xa5,0x08,0xa5,0x08,0xa5,0x08,0xa5,0x08,0xa5,0x08,0xa5,0x08,0xa5,0x08,
    0xa5,0x08,0xa5,0x08,0xa5,0x08,0xa5,0x08,0xa5,0x08,0xa5,0x08,0xa5,0x08,0xa5,0x08,
    0xa5,0x08,0xa5,0x08,0xa5,0x08,0xa5,0x08,0xa5,0x08,0xa5,0x08,0xa5,0x08,0xa5,0x08,
    0xa5,0x08,0xa5,0x08,0xa5,0x08,0xa5,0x08,0xa5,0x08,0xa5,0x08,0xa5,0x08,0xa5,0x08,
    0xa5,0x08,0xa5,0x08,0xa5,0x08,0xa5,0x08,0xa5,0x08,0xa5,0x08,0xa5,0x08,0xa5,0x08,
    0xa5,0x08,0xa5,0x08,0xa5,0x08,0xa5,0x08,0xa5,0x08,0xa5,0x08,0xa5,0x08,0xa5,0x08,
    0xa5,0x08,0xa5,0x08,0xa5,0x08,0xa5,0x08,0xa5,0x08,0xa5,0x08,0xa5,0x08,0xa5,0x08,
    0xa5,0x08,0xa5,0x08,0xa5,0x08,0xa5,0x08,0xa5,0x08,0xa5,0x08,0xa5,0x08,0xa5,0x08,
    0xa5,0x08,0xa5,0x08,0xa5,0x08,0xc5,0x10,0x85,0x00,0xc2,0xbb,0x21,0xfd,0xc1,0xf4,
    0xc1,0xf4,0xc1,0xf4,0xc1,0xf4,0xa2,0xf4,0xc1,0xf4,0xa2,0xf4,0xa2,0xf4,0xa2,0xf4,
    0xa2,0xf4,0xa2,0xf4,0x82,0xf4,0x82,0xf4,0x82,0xf4,0x82,0xf4,0x62,0xf4,0x62,0xf4,
    0x62,0xf4,0x62,0xf4,0x42,0xf4,0x42,0xf4,0x62,0xf4,0x62,0xfc,0x82,0xfc,0x42,0xf4,
    0x83,0xc3,0x04,0x62,0xc5,0x10,0x65,0x00,0x85,0x00,0xc5,0x10,0xc5,0x10,0xa5,0x08,
    0xa5,0x08,0xa5,0x08,0xa5,0x08,0xa5,0x08,0xa5,0x08,0xa5,0x08,0xa5,0x08,0xa5,0x08,
    0xa5,0x08,0xa5,0x08,0xa5,0x08,0xa5,0x08,0xa5,0x08,0xa5,0x08,0xa5,0x08,0xa5,0x08,
    0xa5,0x08,0xa5,0x08,0xa5,0x08,0xa5,0x08,0xa5,0x08,0xa5,0x08,0xa5,0x08,0xa5,0x08,
    0xa5,0x08,0xa5,0x08,0xa5,0x08,0xa5,0x08,0xa5,0x08,0xa5,0x08,0xa5,0x08,0xa5,0x08,
    0xa5,0x08,0xa5,0x08,0xa5,0x08,0xa5,0x08,0xa5,0x08,0xa5,0x08,0xa5,0x08,0xa5,0x08,
    0xa5,0x08,0xa5,0x08,0xa5,0x08,0xa5,0x08,0xa5,0x08,0xa5,0x08,0xa5,0x08,0xa5,0x08,
    0xa5,0x08,0xa5,0x08,0xa5,0x08,0xa5,0x08,0xa5,0x08,0xa5,0x08,0xa5,0x08,0xa5,0x08,
    0xa5,0x08,0xa5,0x08,0xa5,0x08,0xa5,0x08,0xa5,0x08,0xa5,0x08,0xa5,0x08,0xa5,0x08,
    0xa5,0x08,0xa5,0x08,0xa5,0x08,0xa5,0x08,0xa5,0x08,0xa5,0x08,0xa5,0x08,0xa5,0x08,
    0xa5,0x08,0xa5,0x08,0xa5,0x08,0xa5,0x08,0xa5,0x08,0xa5,0x08,0xa5,0x08,0xa5,0x08,
    0xa5,0x08,0xa5,0x08,0xa5,0x08,0xa5,0x08,0xa5,0x08,0xa5,0x08,0xa5,0x08,0xa5,0x08,
    0xa5,0x08,0xa5,0x08,0xa5,0x08,0xa5,0x08,0xa5,0x08,0xa5,0x08,0xa5,0x08,0xa5,0x08,
    0xa5,0x08,0xa5,0x08,0xa5,0x08,0xa5,0x08,0xa5,0x08,0xa5,0x08,0xa5,0x08,0xa5,0x08,
    0xa5,0x08,0xa5,0x08,0xa5,0x08,0xa5,0x08,0xa5,0x08,0xa5,0x08,0xa5,0x08,0xa5,0x08,
    0xa5,0x08,0xa5,0x08,0xa5,0x08,0xa5,0x08,0xa5,0x08,0xa5,0x08,0xa5,0x08,0xa5,0x08,
    0xa5,0x08,0xa5,0x08,0xa5,0x08,0xa5,0x08,0xa5,0x08,0xa5,0x08,0xa5,0x08,0xa5,0x08,
    0xa5,0x08,0xa5,0x08,0xa5,0x08,0xa5,0x08,0xa5,0x08,0xa5,0x08,0xa5,0x08,0xa5,0x08,
    0xa5,0x08,0xa5,0x08,0xa5,0x08,0xa5,0x08,0xa5,0x08,0xa5,0x08,0xa5,0x08,0xa5,0x08,
    0xa5,0x08,0xa5,0x08,0xa5,0x08,0xa5,0x08,0xa5,0x08,0xa5,0x08,0xa5,0x08,0xa5,0x08,
    0xa5,0x08,0xa5,0x08,0xa5,0x08,0xa5,0x08,0xa5,0x08,0xa5,0x08,0xa5,0x08,0xa5,0x08,
    0xa5,0x08,0xa5,0x08,0xa5,0x08,0xa5,0x08,0xa5,0x08,0xa5,0x08,0xa5,0x08,0xa5,0x08,
    0xa5,0x08,0xa5,0x08,0xa5,0x08,0xa5,0x08,0xa5,0x08,0xa5,0x08,0xa5,0x08,0xa5,0x08,
    0xa5,0x08,0xa5,0x08,0xa5,0x08,0xa5,0x08,0xa5,0x08,0xa5,0x08,0xa5,0x08,0xc5,0x10,
    0x85,0x00,0xe2,0xbb,0x01,0xfd,0xe1,0xf4,0xa2,0xf4,0x43,0xf4,0x43,0xf4,0x62,0xf4,
    0xc1,0xf4,0xa2,0xf4,0xa2,0xf4,0xa2,0xf4,0xa2,0xf4,0x82,0xf4,0x82,0xf4,0x82,0xf4,
    0x82,0xf4,0x82,0xf4,0x62,0xf4,0x62,0xf4,0x62,0xf4,0x62,0xf4,0x62,0xf4,0x42,0xf4,
    0x42,0xf4,0x43,0xf4,0x23,0xf4,0x43,0xf4,0x63,0xfc,0x63,0xfc,0xe3,0xdb,0xa4,0x8a,
    0x64,0x41,0x85,0x00,0x85,0x00,0xc5,0x10,0xc5,0x10,0xa5,0x08,0xa5,0x08,0xa5,0x08,
    0xa5,0x08,0xa5,0x08,0xa5,0x08,0xa5,0x08,0xa5,0x08,0xa5,0x08,0xa5,0x08,0xa5,0x08,
    0xa5,0x08,0xa5,0x08,0xa5,0x08,0xa5,0x08,0xa5,0x08,0xa5,0x08,0xa5,0x08,0xa5,0x08,
    0xa5,0x08,0xa5,0x08,0xa5,0x08,0xa5,0x08,0xa5,0x08,0xa5,0x08,0xa5,0x08,0xa5,0x08,
    0xa5,0x08,0xa5,0x08,0xa5,0x08,0xa5,0x08,0xa5,0x08,0xa5,0x08,0xa5,0x08,0xa5,0x08,
    0xa5,0x08,0xa5,0x08,0xa5,0x08,0xa5,0x08,0xa5,0x08,0xa5,0x08,0xa5,0x08,0xa5,0x08,
    0xa5,0x08,0xa5,0x08,0xa5,0x08,0xa5,0x08,0xa5,0x08,0xa5,0x08,0xa5,0x08,0xa5,0x08,
    0xa5,0x08,0xa5,0x08,0xa5,0x08,0xa5,0x08,0xa5,0x08,0xa5,0x08,0xa5,0x08,0xa5,0x08,
    0xa5,0x08,0xa5,0x08,0xa5,0x08,0xa5,0x08,0xa5,0x08,0xa5,0x08,0xa5,0x08,0xa5,0x08,
    0xa5,0x08,0xa5,0x08,0xa5,0x08,0xa5,0x08,0xa5,0x08,0xa5,0x08,0xa5,0x08,0xa5,0x08,
    0xa5,0x08,0xa5,0x08,0xa5,0x08,0xa5,0x08,0xa5,0x08,0xa5,0x08,0xa5,0x08,0xa5,0x08,
    0xa5,0x08,0xa5,0x08,0xa5,0x08,0xa5,0x08,0xa5,0x08,0xa5,0x08,0xa5,0x08,0xa5,0x08,
    0xa5,0x08,0xa5,0x08,0xa5,0x08,0xa5,0x08,0xa5,0x08,0xa5,0x08,0xa5,0x08,0xa5,0x08,
    0xa5,0x08,0xa5,0x08,0xa5,0x08,0xa5,0x08,0xa5,0x08,0xa5,0x08,0xa5,0x08,0xa5,0x08,
    0xa5,0x08,0xa5,0x08,0xa5,0x08,0xa5,0x08,0xa5,0x08,0xa5,0x08,0xa5,0x08,0xa5,0x08,
    0xa5,0x08,0xa5,0x08,0xa5,0x08,0xa5,0x08,0xa5,0x08,0xa5,0x08,0xa5,0x08,0xa5,0x08,
    0xa5,0x08,0xa5,0x08,0xa5,0x08,0xa5,0x08,0xa5,0x08,0xa5,0x08,0xa5,0x08,0xa5,0x08,
    0xa5,0x08,0xa5,0x08,0xa5,0x08,0xa5,0x08,0xa5,0x08,0xa5,0x08,0xa5,0x08,0xa5,0x08,
    0xa5,0x08,0xa5,0x08,0xa5,0x08,0xa5,0x08,0xa5,0x08,0xa5,0x08,0xa5,0x08,0xa5,0x08,
    0xa5,0x08,0xa5,0x08,0xa5,0x08,0xa5,0x08,0xa5,0x08,0xa5,0x08,0xa5,0x08,0xa5,0x08,
    0xa5,0x08,0xa5,0x08,0xa5,0x08,0xa5,0x08,0xa5,0x08,0xa5,0x08,0xa5,0x08,0xa5,0x08,
    0xa5,0x08,0xa5,0x08,0xa5,0x08,0xa5,0x08,0xa5,0x08,0xa5,0x08,0xa5,0x08,0xa5,0x08,
    0xa5,0x08,0xa5,0x08,0xa5,0x08,0xa5,0x08,0xa5,0x08,0xa5,0x08,0xa5,0x08,0xa5,0x08,
    0xa5,0x08,0xa5,0x08,0xa5,0x08,0xc5,0x10,0x65,0x00,0x23,0x93,0x21,0xfd,0xc1,0xf4,
    0xa2,0xf4,0x23,0xf4,0x23,0xf4,0x62,0xf4,0xc1,0xf4,0xa2,0xf4,0xa2,0xf4,0xa2,0xf4,
    0xa2,0xf4,0x82,0xf4,0x82,0xf4,0x82,0xf4,0x82,0xf4,0x62,0xf4,0x62,0xf4,0x62,0xf4,
    0x62,0xf4,0x62,0xf4,0x42,0xf4,0x42,0xf4,0x43,0xf4,0x43,0xf4,0x23,0xf4,0x23,0xf4,
    0x23,0xf4,0x23,0xf4,0x43,0xfc,0x63,0xfc,0x43,0xfc,0x43,0xbb,0x84,0x41,0x65,0x00,
    0x85,0x00,0xc5,0x10,0xc5,0x10,0xa5,0x08,0xa5,0x08,0xa5,0x08,0xa5,0x08,0xa5,0x08,
    0xa5,0x08,0xa5,0x08,0xa5,0x08,0xa5,0x08,0xa5,0x08,0xa5,0x08,0xa5,0x08,0xa5,0x08,
    0xa5,0x08,0xa5,0x08,0xa5,0x08,0xa5,0x08,0xa5,0x08,0xa5,0x08,0xa5,0x08,0xa5,0x08,
    0xa5,0x08,0xa5,0x08,0xa5,0x08,0xa5,0x08,0xa5,0x08,0xa5,0x08,0xa5,0x08,0xa5,0x08,
    0xa5,0x08,0xa5,0x08,0xa5,0x08,0xa5,0x08,0xa5,0x08,0xa5,0x08,0xa5,0x08,0xa5,0x08,
    0xa5,0x08,0xa5,0x08,0xa5,0x08,0xa5,0x08,0xa5,0x08,0xa5,0x08,0xa5,0x08,0xa5,0x08,
    0xa5,0x08,0xa5,0x08,0xa5,0x08,0xa5,0x08,0xa5,0x08,0xa5,0x08,0xa5,0x08,0xa5,0x08,
    0xa5,0x08,0xa5,0x08,0xa5,0x08,0xa5,0x08,0xa5,0x08,0xa5,0x08,0xa5,0x08,0xa5,0x08,
    0xa5,0x08,0xa5,0x08,0xa5,0x08,0xa5,0x08,0xa5,0x08,0xa5,0x08,0xa5,0x08,0xa5,0x08,
    0xa5,0x08,0xa5,0x08,0xa5,0x08,0xa5,0x08,0xa5,0x08,0xa5,0x08,0xa5,0x08,0xa5,0x08,
    0xa5,0x08,0xa5,0x08,0xa5,0x08,0xa5,0x08,0xa5,0x08,0xa5,0x08,0xa5,0x08,0xa5,0x08,
    0xa5,0x08,0xa5,0x08,0xa5,0x08,0xa5,0x08,0xa5,0x08,0xa5,0x08,0xa5,0x08,0xa5,0x08,
    0xa5,0x08,0xa5,0x08,0xa5,0x08,0xa5,0x08,0xa5,0x08,0xa5,0x08,0xa5,0x08,0xa5,0x08,
    0xa5,0x08,0xa5,0x08,0xa5,0x08,0xa5,0x08,0xa5,0x08,0xa5,0x08,0xa5,0x08,0xa5,0x08,
    0xa5,0x08,0xa5,0x08,0xa5,0x08,0xa5,0x08,0xa5,0x08,0xa5,0x08,0xa5,0x08,0xa5,0x08,
    0xa5,0x08,0xa5,0x08,0xa5,0x08,0xa5,0x08,0xa5,0x08,0xa5,0x08,0xa5,0x08,0xa5,0x08,
    0xa5,0x08,0xa5,0x08,0xa5,0x08,0xa5,0x08,0xa5,0x08,0xa5,0x08,0xa5,0x08,0xa5,0x08,
    0xa5,0x08,0xa5,0x08,0xa5,0x08,0xa5,0x08,0xa5,0x08,0xa5,0x08,0xa5,0x08,0xa5,0x08,
    0xa5,0x08,0xa5,0x08,0xa5,0x08,0xa5,0x08,0xa5,0x08,0xa5,0x08,0xa5,0x08,0xa5,0x08,
    0xa5,0x08,0xa5,0x08,0xa5,0x08,0xa5,0x08,0xa5,0x08,0xa5,0x08,0xa5,0x08,0xa5,0x08,
    0xa5,0x08,0xa5,0x08,0xa5,0x08,0xa5,0x08,0xa5,0x08,0xa5,0x08,0xa5,0x08,0xa5,0x08,
    0xa5,0x08,0xa5,0x08,0xa5,0x08,0xa5,0x08,0xa5,0x08,0xa5,0x08,0xa5,0x08,0xa5,0x08,
    0xa5,0x08,0xa5,0x08,0xa5,0x08,0xa5,0x08,0xa5,0x08,0xa5,0x08,0xa5,0x08,0xc5,0x10,
    0x85,0x08,0x44,0x29,0xe1,0xf4,0x01,0xfd,0xa2,0xf4,0x23,0xf4,0x23,0xf4,0x62,0xf4,
    0xc1,0xf4,0xa2,0xf4,0xa2,0xf4,0xa2,0xf4,0xa2,0xf4,0x82,0xf4,0x82,0xf4,0x82,0xf4,
    0x82,0xf4,0x62,0xf4,0x62,0xf4,0x62,0xf4,0x62,0xf4,0x42,0xf4,0x42,0xf4,0x42,0xf4,
    0x43,0xf4,0x43,0xf4,0x23,0xf4,0x23,0xf4,0x23,0xf4,0x23,0xf4,0x23,0xf4,0x03,0xec,
    0x03,0xf4,0x43,0xfc,0x23,0xfc,0xc4,0x9a,0x25,0x31,0x85,0x00,0xa5,0x08,0xc5,0x10,
    0xa5,0x10,0xa5,0x08,0xa5,0x08,0xa5,0x08,0xa5,0x08,0xa5,0x08,0xa5,0x08,0xa5,0x08,
    0xa5,0x08,0xa5,0x08,0xa5,0x08,0xa5,0x08,0xa5,0x08,0xa5,0x08,0xa5,0x08,0xa5,0x08,
    0xa5,0x08,0xa5,0x08,0xa5,0x08,0xa5,0x08,0xa5,0x08,0xa5,0x08,0xa5,0x08,0xa5,0x08,
    0xa5,0x08,0xa5,0x08,0xa5,0x08,0xa5,0x08,0xa5,0x08,0xa5,0x08,0xa5,0x08,0xa5,0x08,
    0xa5,0x08,0xa5,0x08,0xa5,0x08,0xa5,0x08,0xa5,0x08,0xa5,0x08,0xa5,0x08,0xa5,0x08,
    0xa5,0x08,0xa5,0x08,0xa5,0x08,0xa5,0x08,0xa5,0x08,0xa5,0x08,0xa5,0x08,0xa5,0x08,
    0xa5,0x08,0xa5,0x08,0xa5,0x08,0xa5,0x08,0xa5,0x08,0xa5,0x08,0xa5,0x08,0xa5,0x08,
    0xa5,0x08,0xa5,0x08,0xa5,0x08,0xa5,0x08,0xa5,0x08,0xa5,0x08,0xa5,0x08,0xa5,0x08,
    0xa5,0x08,0xa5,0x08,0xa5,0x08,0xa5,0x08,0xa5,0x08,0xa5,0x08,0xa5,0x08,0xa5,0x08,
    0xa5,0x08,0xa5,0x08,0xa5,0x08,0xa5,0x08,0xa5,0x08,0xa5,0x08,0xa5,0x08,0xa5,0x08,
    0xa5,0x08,0xa5,0x08,0xa5,0x08,0xa5,0x08,0xa5,0x08,0xa5,0x08,0xa5,0x08,0xa5,0x08,
    0xa5,0x08,0xa5,0x08,0xa5,0x08,0xa5,0x08,0xa5,0x08,0xa5,0x08,0xa5,0x08,0xa5,0x08,
    0xa5,0x08,0xa5,0x08,0xa5,0x08,0xa5,0x08,0xa5,0x08,0xa5,0x08,0xa5,0x08,0xa5,0x08,
    0xa5,0x08,0xa5,0x08,0xa5,0x08,0xa5,0x08,0xa5,0x08,0xa5,0x08,0xa5,0x08,0xa5,0x08,
    0xa5,0x08,0xa5,0x08,0xa5,0x08,0xa5,0x08,0xa5,0x08,0xa5,0x08,0xa5,0x08,0xa5,0x08,
    0xa5,0x08,0xa5,0x08,0xa5,0x08,0xa5,0x08,0xa5,0x08,0xa5,0x08,0xa5,0x08,0xa5,0x08,
    0xa5,0x08,0xa5,0x08,0xa5,0x08,0xa5,0x08,0xa5,0x08,0xa5,0x08,0xa5,0x08,0xa5,0x08,
    0xa5,0x08,0xa5,0x08,0xa5,0x08,0xa5,0x08,0xa5,0x08,0xa5,0x08,0xa5,0x08,0xa5,0x08,
    0xa5,0x08,0xa5,0x08,0xa5,0x08,0xa5,0x08,0xa5,0x08,0xa5,0x08,0xa5,0x08,0xa5,0x08,
    0xa5,0x08,0xa5,0x08,0xa5,0x08,0xa5,0x08,0xa5,0x08,0xa5,0x08,0xa5,0x08,0xa5,0x08,
    0xa5,0x08,0xa5,0x08,0xa5,0x08,0xa5,0x08,0xa5,0x08,0xa5,0x08,0xa5,0x08,0xa5,0x08,
    0xa5,0x08,0xa5,0x08,0xa5,0x08,0xa5,0x08,0xa5,0x08,0xa5,0x08,0xa5,0x08,0xa5,0x08,
    0xa5,0x08,0xa5,0x08,0xa5,0x08,0xa5,0x08,0xc5,0x10,0x65,0x00,0x23,0x62,0x21,0xfd,
    0xe1,0xfc,0x23,0xf4,0x23,0xf4,0x62,0xf4,0xe1,0xfc,0xc1,0xfc,0xa2,0xf4,0xa2,0xf4,
    0x82,0xf4,0x82,0xf4,0x82,0xf4,0x82,0xf4,0x82,0xf4,0x62,0xf4,0x62,0xf4,0x62,0xf4,
    0x62,0xf4,0x42,0xf4,0x42,0xf4,0x43,0xf4,0x43,0xf4,0x23,0xf4,0x23,0xf4,0x23,0xf4,
    0x23,0xf4,0x23,0xf4,0x23,0xf4,0x23,0xf4,0x03,0xf4,0x03,0xf4,0x03,0xf4,0x43,0xfc,
    0x03,0xf4,0xa4,0x92,0xe5,0x18,0x85,0x00,0xa5,0x08,0xc5,0x10,0xa5,0x08,0xa5,0x08,
    0xa5,0x08,0xa5,0x08,0xa5,0x08,0xa5,0x08,0xa5,0x08,0xa5,0x08,0xa5,0x08,0xa5,0x08,
    0xa5,0x08,0xa5,0x08,0xa5,0x08,0xa5,0x08,0xa5,0x08,0xa5,0x08,0xa5,0x08,0xa5,0x08,
    0xa5,0x08,0xa5,0x08,0xa5,0x08,0xa5,0x08,0xa5,0x08,0xa5,0x08,0xa5,0x08,0xa5,0x08,
    0xa5,0x08,0xa5,0x08,0xa5,0x08,0xa5,0x08,0xa5,0x08,0xa5,0x08,0xa5,0x08,0xa5,0x08,
    0xa5,0x08,0xa5,0x08,0xa5,0x08,0xa5,0x08,0xa5,0x08,0xa5,0x08,0xa5,0x08,0xa5,0x08,
    0xa5,0x08,0xa5,0x08,0xa5,0x08,0xa5,0x08,0xa5,0x08,0xa5,0x08,0xa5,0x08,0xa5,0x08,
    0xa5,0x08,0xa5,0x08,0xa5,0x08,0xa5,0x08,0xa5,0x08,0xa5,0x08,0xa5,0x08,0xa5,0x08,
    0xa5,0x08,0xa5,0x08,0xa5,0x08,0xa5,0x08,0xa5,0x08,0xa5,0x08,0xa5,0x08,0xa5,0x08,
    0xa5,0x08,0xa5,0x08,0xa5,0x08,0xa5,0x08,0xa5,0x08,0xa5,0x08,0xa5,0x08,0xa5,0x08,
    0xa5,0x08,0xa5,0x08,0xa5,0x08,0xa5,0x08,0xa5,0x08,0xa5,0x08,0xa5,0x08,0xa5,0x08,
    0xa5,0x08,0xa5,0x08,0xa5,0x08,0xa5,0x08,0xa5,0x08,0xa5,0x08,0xa5,0x08,0xa5,0x08,
    0xa5,0x08,0xa5,0x08,0xa5,0x08,0xa5,0x08,0xa5,0x08,0xa5,0x08,0xa5,0x08,0xa5,0x08,
    0xa5,0x08,0xa5,0x08,0xa5,0x08,0xa5,0x08,0xa5,0x08,0xa5,0x08,0xa5,0x08,0xa5,0x08,
    0xa5,0x08,0xa5,0x08,0xa5,0x08,0xa5,0x08,0xa5,0x08,0xa5,0x08,0xa5,0x08,0xa5,0x08,
    0xa5,0x08,0xa5,0x08,0xa5,0x08,0xa5,0x08,0xa5,0x08,0xa5,0x08,0xa5,0x08,0xa5,0x08,
    0xa5,0x08,0xa5,0x08,0xa5,0x08,0xa5,0x08,0xa5,0x08,0xa5,0x08,0xa5,0x08,0xa5,0x08,
    0xa5,0x08,0xa5,0x08,0xa5,0x08,0xa5,0x08,0xa5,0x08,0xa5,0x08,0xa5,0x08,0xa5,0x08,
    0xa5,0x08,0xa5,0x08,0xa5,0x08,0xa5,0x08,0xa5,0x08,0xa5,0x08,0xa5,0x08,0xa5,0x08,
    0xa5,0x08,0xa5,0x08,0xa5,0x08,0xa5,0x08,0xa5,0x08,0xa5,0x08,0xa5,0x08,0xa5,0x08,
    0xa5,0x08,0xa5,0x08,0xa5,0x08,0xa5,0x08,0xa5,0x08,0xa5,0x08,0xa5,0x08,0xa5,0x08,
    0xa5,0x08,0xa5,0x08,0xa5,0x08,0xa5,0x08,0xa5,0x08,0xa5,0x08,0xa5,0x08,0xa5,0x08,
    0xa5,0x08,0xa5,0x08,0xa5,0x08,0xa5,0x08,0xa5,0x08,0xa5,0x08,0xa5,0x08,0xa5,0x08,
    0xa5,0x08,0xc5,0x10,0x65,0x00,0x84,0x39,0xc2,0xc3,0x43,0xfc,0x23,0xf4,0x42,0xf4,
    0x81,0xe4,0x82,0xec,0xe1,0xfc,0xe1,0xfc,0xe1,0xfc,0xe1,0xfc,0xc2,0xfc,0xc2,0xfc,
    0x82,0xfc,0x62,0xf4,0x62,0xf4,0x62,0xf4,0x62,0xf4,0x42,0xf4,0x42,0xf4,0x43,0xf4,
    0x43,0xf4,0x23,0xf4,0x23,0xf4,0x23,0xf4,0x23,0xf4,0x23,0xf4,0x23,0xf4,0x03,0xf4,
    0x03,0xf4,0x03,0xf4,0x03,0xf4,0xe3,0xeb,0x03,0xf4,0x23,0xfc,0xc3,0xe3,0x04,0x6a,
    0xa5,0x08,0x85,0x00,0xc5,0x10,0xc5,0x10,0xa5,0x08,0xa5,0x08,0xa5,0x08,0xa5,0x08,
    0xa5,0x08,0xa5,0x08,0xa5,0x08,0xa5,0x08,0xa5,0x08,0xa5,0x08,0xa5,0x08,0xa5,0x08,
    0xa5,0x08,0xa5,0x08,0xa5,0x08,0xa5,0x08,0xa5,0x08,0xa5,0x08,0xa5,0x08,0xa5,0x08,
    0xa5,0x08,0xa5,0x08,0xa5,0x08,0xa5,0x08,0xa5,0x08,0xa5,0x08,0xa5,0x08,0xa5,0x08,
    0xa5,0x08,0xa5,0x08,0xa5,0x08,0xa5,0x08,0xa5,0x08,0xa5,0x08,0xa5,0x08,0xa5,0x08,
    0xa5,0x08,0xa5,0x08,0xa5,0x08,0xa5,0x08,0xa5,0x08,0xa5,0x08,0xa5,0x08,0xa5,0x08,
    0xa5,0x08,0xa5,0x08,0xa5,0x08,0xa5,0x08,0xa5,0x08,0xa5,0x08,0xa5,0x08,0xa5,0x08,
    0xa5,0x08,0xa5,0x08,0xa5,0x08,0xa5,0x08,0xa5,0x08,0xa5,0x08,0xa5,0x08,0xa5,0x08,
    0xa5,0x08,0xa5,0x08,0xa5,0x08,0xa5,0x08,0xa5,0x08,0xa5,0x08,0xa5,0x08,0xa5,0x08,
    0xa5,0x08,0xa5,0x08,0xa5,0x08,0xa5,0x08,0xa5,0x08,0xa5,0x08,0xa5,0x08,0xa5,0x08,
    0xa5,0x08,0xa5,0x08,0xa5,0x08,0xa5,0x08,0xa5,0x08,0xa5,0x08,0xa5,0x08,0xa5,0x08,
    0xa5,0x08,0xa5,0x08,0xa5,0x08,0xa5,0x08,0xa5,0x08,0xa5,0x08,0xa5,0x08,0xa5,0x08,
    0xa5,0x08,0xa5,0x08,0xa5,0x08,0xa5,0x08,0xa5,0x08,0xa5,0x08,0xa5,0x08,0xa5,0x08,
    0xa5,0x08,0xa5,0x08,0xa5,0x08,0xa5,0x08,0xa5,0x08,0xa5,0x08,0xa5,0x08,0xa5,0x08,
    0xa5,0x08,0xa5,0x08,0xa5,0x08,0xa5,0x08,0xa5,0x08,0xa5,0x08,0xa5,0x08,0xa5,0x08,
    0xa5,0x08,0xa5,0x08,0xa5,0x08,0xa5,0x08,0xa5,0x08,0xa5,0x08,0xa5,0x08,0xa5,0x08,
    0xa5,0x08,0xa5,0x08,0xa5,0x08,0xa5,0x08,0xa5,0x08,0xa5,0x08,0xa5,0x08,0xa5,0x08,
    0xa5,0x08,0xa5,0x08,0xa5,0x08,0xa5,0x08,0xa5,0x08,0xa5,0x08,0xa5,0x08,0xa5,0x08,
    0xa5,0x08,0xa5,0x08,0xa5,0x08,0xa5,0x08,0xa5,0x08,0xa5,0x08,0xa5,0x08,0xa5,0x08,
    0xa5,0x08,0xa5,0x08,0xa5,0x08,0xa5,0x08,0xa5,0x08,0xa5,0x08,0xa5,0x08,0xa5,0x08,
    0xa5,0x08,0xa5,0x08,0xa5,0x08,0xa5,0x08,0xa5,0x08,0xa5,0x08,0xa5,0x08,0xa5,0x08,
    0xa5,0x08,0xa5,0x08,0xa5,0x08,0xa5,0x08,0xa5,0x08,0xa5,0x08,0xa5,0x08,0xa5,0x08,
    0xa5,0x08,0xa5,0x08,0xa5,0x08,0xa5,0x08,0xa5,0x08,0xa5,0x08,0xc5,0x10,0x45,0x00,
    0x64,0x41,0x63,0xfc,0x63,0xfc,0x63,0xbb,0xc5,0x10,0x05,0x21,0xa4,0x41,0xc4,0x49,
    0xa3,0x7a,0xc3,0x82,0x83,0xb3,0xa3,0xbb,0x42,0xe4,0xa2,0xfc,0xc2,0xfc,0xa2,0xfc,
    0x62,0xfc,0x42,0xf4,0x42,0xf4,0x43,0xf4,0x43,0xf4,0x23,0xf4,0x23,0xf4,0x23,0xf4,
    0x23,0xf4,0x23,0xf4,0x03,0xf4,0x03,0xf4,0x03,0xf4,0x03,0xf4,0x03,0xf4,0x03,0xf4,
    0xe3,0xf3,0xe3,0xeb,0x03,0xf4,0x23,0xfc,0x64,0xd3,0x84,0x49,0x85,0x00,0xa5,0x08,
    0xc5,0x10,0xa5,0x08,0xa5,0x08,0xa5,0x08,0xa5,0x08,0xa5,0x08,0xa5,0x08,0xa5,0x08,
    0xa5,0x08,0xa5,0x08,0xa5,0x08,0xa5,0x08,0xa5,0x08,0xa5,0x08,0xa5,0x08,0xa5,0x08,
    0xa5,0x08,0xa5,0x08,0xa5,0x08,0xa5,0x08,0xa5,0x08,0xa5,0x08,0xa5,0x08,0xa5,0x08,
    0xa5,0x08,0xa5,0x08,0xa5,0x08,0xa5,0x08,0xa5,0x08,0xa5,0x08,0xa5,0x08,0xa5,0x08,
    0xa5,0x08,0xa5,0x08,0xa5,0x08,0xa5,0x08,0xa5,0x08,0xa5,0x08,0xa5,0x08,0xa5,0x08,
    0xa5,0x08,0xa5,0x08,0xa5,0x08,0xa5,0x08,0xa5,0x08,0xa5,0x08,0xa5,0x08,0xa5,0x08,
    0xa5,0x08,0xa5,0x08,0xa5,0x08,0xa5,0x08,0xa5,0x08,0xa5,0x08,0xa5,0x08,0xa5,0x08,
    0xa5,0x08,0xa5,0x08,0xa5,0x08,0xa5,0x08,0xa5,0x08,0xa5,0x08,0xa5,0x08,0xa5,0x08,
    0xa5,0x08,0xa5,0x08,0xa5,0x08,0xa5,0x08,0xa5,0x08,0xa5,0x08,0xa5,0x08,0xa5,0x08,
    0xa5,0x08,0xa5,0x08,0xa5,0x08,0xa5,0x08,0xa5,0x08,0xa5,0x08,0xa5,0x08,0xa5,0x08,
    0xa5,0x08,0xa5,0x08,0xa5,0x08,0xa5,0x08,0xa5,0x08,0xa5,0x08,0xa5,0x08,0xa5,0x08,
    0xa5,0x08,0xa5,0x08,0xa5,0x08,0xa5,0x08,0xa5,0x08,0xa5,0x08,0xa5,0x08,0xa5,0x08,
    0xa5,0x08,0xa5,0x08,0xa5,0x08,0xa5,0x08,0xa5,0x08,0xa5,0x08,0xa5,0x08,0xa5,0x08,
    0xa5,0x08,0xa5,0x08,0xa5,0x08,0xa5,0x08,0xa5,0x08,0xa5,0x08,0xa5,0x08,0xa5,0x08,
    0xa5,0x08,0xa5,0x08,0xa5,0x08,0xa5,0x08,0xa5,0x08,0xa5,0x08,0xa5,0x08,0xa5,0x08,
    0xa5,0x08,0xa5,0x08,0xa5,0x08,0xa5,0x08,0xa5,0x08,0xa5,0x08,0xa5,0x08,0xa5,0x08,
    0xa5,0x08,0xa5,0x08,0xa5,0x08,0xa5,0x08,0xa5,0x08,0xa5,0x08,0xa5,0x08,0xa5,0x08,
    0xa5,0x08,0xa5,0x08,0xa5,0x08,0xa5,0x08,0xa5,0x08,0xa5,0x08,0xa5,0x08,0xa5,0x08,
    0xa5,0x08,0xa5,0x08,0xa5,0x08,0xa5,0x08,0xa5,0x08,0xa5,0x08,0xa5,0x08,0xa5,0x08,
    0xa5,0x08,0xa5,0x08,0xa5,0x08,0xa5,0x08,0xa5,0x08,0xa5,0x08,0xa5,0x08,0xa5,0x08,
    0xa5,0x08,0xa5,0x08,0xa5,0x08,0xa5,0x08,0xa5,0x08,0xa5,0x08,0xa5,0x08,0xa5,0x08,
    0xa5,0x08,0xa5,0x08,0xa5,0x08,0xa5,0x08,0xa5,0x08,0xa5,0x08,0xa5,0x08,0xa5,0x08,
    0xa5,0x08,0xa5,0x08,0xc5,0x10,0x85,0x00,0xa4,0x49,0x63,0xfc,0x63,0xfc,0x43,0xbb,
    0x85,0x00,0xa5,0x08,0x85,0x00,0x85,0x00,0x65,0x00,0x65,0x00,0x85,0x00,0x85,0x00,
    0x05,0x19,0xa4,0x49,0xa3,0x82,0x83,0xbb,0x22,0xe4,0x82,0xfc,0xa2,0xfc,0x82,0xfc,
    0x43,0xf4,0x23,0xec,0x23,0xf4,0x23,0xf4,0x23,0xf4,0x23,0xf4,0x03,0xf4,0x03,0xf4,
    0x03,0xf4,0x03,0xf4,0xe3,0xf3,0xe3,0xf3,0xe3,0xf3,0xe4,0xf3,0xe4,0xf3,0xc4,0xf3,
    0x04,0xfc,0x04,0xfc,0xc4,0xa2,0xc5,0x18,0x85,0x00,0xc5,0x10,0xa5,0x10,0xa5,0x08,
    0xa5,0x08,0xa5,0x08,0xa5,0x08,0xa5,0x08,0xa5,0x08,0xa5,0x08,0xa5,0x08,0xa5,0x08,
    0xa5,0x08,0xa5,0x08,0xa5,0x08,0xa5,0x08,0xa5,0x08,0xa5,0x08,0xa5,0x08,0xa5,0x08,
    0xa5,0x08,0xa5,0x08,0xa5,0x08,0xa5,0x08,0xa5,0x08,0xa5,0x08,0xa5,0x08,0xa5,0x08,
    0xa5,0x08,0xa5,0x08,0xa5,0x08,0xa5,0x08,0xa5,0x08,0xa5,0x08,0xa5,0x08,0xa5,0x08,
    0xa5,0x08,0xa5,0x08,0xa5,0x08,0xa5,0x08,0xa5,0x08,0xa5,0x08,0xa5,0x08,0xa5,0x08,
    0xa5,0x08,0xa5,0x08,0xa5,0x08,0xa5,0x08,0xa5,0x08,0xa5,0x08,0xa5,0x08,0xa5,0x08,
    0xa5,0x08,0xa5,0x08,0xa5,0x08,0xa5,0x08,0xa5,0x08,0xa5,0x08,0xa5,0x08,0xa5,0x08,
    0xa5,0x08,0xa5,0x08,0xa5,0x08,0xa5,0x08,0xa5,0x08,0xa5,0x08,0xa5,0x08,0xa5,0x08,
    0xa5,0x08,0xa5,0x08,0xa5,0x08,0xa5,0x08,0xa5,0x08,0xa5,0x08,0xa5,0x08,0xa5,0x08,
    0xa5,0x08,0xa5,0x08,0xa5,0x08,0xa5,0x08,0xa5,0x08,0xa5,0x08,0xa5,0x08,0xa5,0x08,
    0xa5,0x08,0xa5,0x08,0xa5,0x08,0xa5,0x08,0xa5,0x08,0xa5,0x08,0xa5,0x08,0xa5,0x08,
    0xa5,0x08,0xa5,0x08,0xa5,0x08,0xa5,0x08,0xa5,0x08,0xa5,0x08,0xa5,0x08,0xa5,0x08,
    0xa5,0x08,0xa5,0x08,0xa5,0x08,0xa5,0x08,0xa5,0x08,0xa5,0x08,0xa5,0x08,0xa5,0x08,
    0xa5,0x08,0xa5,0x08,0xa5,0x08,0xa5,0x08,0xa5,0x08,0xa5,0x08,0xa5,0x08,0xa5,0x08,
    0xa5,0x08,0xa5,0x08,0xa5,0x08,0xa5,0x08,0xa5,0x08,0xa5,0x08,0xa5,0x08,0xa5,0x08,
    0xa5,0x08,0xa5,0x08,0xa5,0x08,0xa5,0x08,0xa5,0x08,0xa5,0x08,0xa5,0x08,0xa5,0x08,
    0xa5,0x08,0xa5,0x08,0xa5,0x08,0xa5,0x08,0xa5,0x08,0xa5,0x08,0xa5,0x08,0xa5,0x08,
    0xa5,0x08,0xa5,0x08,0xa5,0x08,0xa5,0x08,0xa5,0x08,0xa5,0x08,0xa5,0x08,0xa5,0x08,
    0xa5,0x08,0xa5,0x08,0xa5,0x08,0xa5,0x08,0xa5,0x08,0xa5,0x08,0xa5,0x08,0xa5,0x08,
    0xa5,0x08,0xa5,0x08,0xa5,0x08,0xa5,0x08,0xa5,0x08,0xa5,0x08,0xa5,0x08,0xa5,0x08,
    0xa5,0x08,0xa5,0x08,0xa5,0x08,0xa5,0x08,0xa5,0x08,0xa5,0x08,0xa5,0x08,0xa5,0x08,
    0xa5,0x08,0xa5,0x08,0xa5,0x08,0xa5,0x08,0xa5,0x08,0xa5,0x08,0xc5,0x10,0x85,0x00,
    0xa4,0x49,0x63,0xfc,0x63,0xfc,0x43,0xbb,0x85,0x00,0xc5,0x10,0xc5,0x10,0xc5,0x10,
    0xc5,0x10,0xc5,0x10,0xc5,0x10,0xc5,0x10,0xa5,0x08,0x85,0x00,0x65,0x00,0x85,0x00,
    0xe5,0x18,0xa4,0x49,0x84,0x82,0x83,0xc3,0x62,0xfc,0x83,0xfc,0x43,0xfc,0x23,0xf4,
    0x23,0xf4,0x23,0xf4,0x03,0xf4,0x03,0xf4,0x03,0xf4,0x03,0xf4,0xe3,0xf3,0xe3,0xf3,
    0xe4,0xf3,0xe4,0xf3,0xe4,0xf3,0xc4,0xf3,0xc4,0xf3,0xc4,0xf3,0x04,0xfc,0x64,0xd3,
    0xc4,0x59,0x85,0x00,0xa5,0x10,0xc5,0x10,0xa5,0x08,0xa5,0x08,0xa5,0x08,0xa5,0x08,
    0xa5,0x08,0xa5,0x08,0xa5,0x08,0xa5,0x08,0xa5,0x08,0xa5,0x08,0xa5,0x08,0xa5,0x08,
    0xa5,0x08,0xa5,0x08,0xa5,0x08,0xa5,0x08,0xa5,0x08,0xa5,0x08,0xa5,0x08,0xa5,0x08,
    0xa5,0x08,0xa5,0x08,0xa5,0x08,0xa5,0x08,0xa5,0x08,0xa5,0x08,0xa5,0x08,0xa5,0x08,
    0xa5,0x08,0xa5,0x08,0xa5,0x08,0xa5,0x08,0xa5,0x08,0xa5,0x08,0xa5,0x08,0xa5,0x08,
    0xa5,0x08,0xa5,0x08,0xa5,0x08,0xa5,0x08,0xa5,0x08,0xa5,0x08,0xa5,0x08,0xa5,0x08,
    0xa5,0x08,0xa5,0x08,0xa5,0x08,0xa5,0x08,0xa5,0x08,0xa5,0x08,0xa5,0x08,0xa5,0x08,
    0xa5,0x08,0xa5,0x08,0xa5,0x08,0xa5,0x08,0xa5,0x08,0xa5,0x08,0xa5,0x08,0xa5,0x08,
    0xa5,0x08,0xa5,0x08,0xa5,0x08,0xa5,0x08,0xa5,0x08,0xa5,0x08,0xa5,0x08,0xa5,0x08,
    0xa5,0x08,0xa5,0x08,0xa5,0x08,0xa5,0x08,0xa5,0x08,0xa5,0x08,0xa5,0x08,0xa5,0x08,
    0xa5,0x08,0xa5,0x08,0xa5,0x08,0xa5,0x08,0xa5,0x08,0xa5,0x08,0xa5,0x08,0xa5,0x08,
    0xa5,0x08,0xa5,0x08,0xa5,0x08,0xa5,0x08,0xa5,0x08,0xa5,0x08,0xa5,0x08,0xa5,0x08,
    0xa5,0x08,0xa5,0x08,0xa5,0x08,0xa5,0x08,0xa5,0x08,0xa5,0x08,0xa5,0x08,0xa5,0x08,
    0xa5,0x08,0xa5,0x08,0xa5,0x08,0xa5,0x08,0xa5,0x08,0xa5,0x08,0xa5,0x08,0xa5,0x08,
    0xa5,0x08,0xa5,0x08,0xa5,0x08,0xa5,0x08,0xa5,0x08,0xa5,0x08,0xa5,0x08,0xa5,0x08,
    0xa5,0x08,0xa5,0x08,0xa5,0x08,0xa5,0x08,0xa5,0x08,0xa5,0x08,0xa5,0x08,0xa5,0x08,
    0xa5,0x08,0xa5,0x08,0xa5,0x08,0xa5,0x08,0xa5,0x08,0xa5,0x08,0xa5,0x08,0xa5,0x08,
    0xa5,0x08,0xa5,0x08,0xa5,0x08,0xa5,0x08,0xa5,0x08,0xa5,0x08,0xa5,0x08,0xa5,0x08,
    0xa5,0x08,0xa5,0x08,0xa5,0x08,0xa5,0x08,0xa5,0x08,0xa5,0x08,0xa5,0x08,0xa5,0x08,
    0xa5,0x08,0xa5,0x08,0xa5,0x08,0xa5,0x08,0xa5,0x08,0xa5,0x08,0xa5,0x08,0xa5,0x08,
    0xa5,0x08,0xa5,0x08,0xa5,0x08,0xa5,0x08,0xa5,0x08,0xa5,0x08,0xa5,0x08,0xa5,0x08,
    0xa5,0x08,0xa5,0x08,0xa5,0x08,0xa5,0x08,0xa5,0x08,0xa5,0x08,0xa5,0x08,0xa5,0x08,
    0xa5,0x08,0xa5,0x08,0xc5,0x10,0x85,0x00,0xa4,0x49,0x63,0xfc,0x63,0xfc,0x43,0xbb,
    0x85,0x00,0xc5,0x10,0xa5,0x08,0xa5,0x08,0xa5,0x08,0xa5,0x08,0xa5,0x08,0xa5,0x08,
    0xc5,0x10,0xc5,0x10,0xc5,0x10,0xc5,0x10,0xa5,0x08,0x85,0x00,0x65,0x00,0xa5,0x08,
    0x84,0x41,0xa4,0x8a,0xe3,0xdb,0x63,0xfc,0x43,0xfc,0x23,0xf4,0x03,0xf4,0x03,0xf4,
    0x03,0xf4,0xe3,0xf3,0xe3,0xf3,0xe4,0xf3,0xe4,0xf3,0xe4,0xf3,0xc4,0xf3,0xc4,0xf3,
    0xc4,0xf3,0xc4,0xf3,0xa4,0xeb,0xc4,0xfb,0x04,0xfc,0x84,0x92,0x85,0x00,0xa5,0x08,
    0xc5,0x10,0xa5,0x08,0xa5,0x08,0xa5,0x08,0xa5,0x08,0xa5,0x08,0xa5,0x08,0xa5,0x08,
    0xa5,0x08,0xa5,0x08,0xa5,0x08,0xa5,0x08,0xa5,0x08,0xa5,0x08,0xa5,0x08,0xa5,0x08,
    0xa5,0x08,0xa5,0x08,0xa5,0x08,0xa5,0x08,0xa5,0x08,0xa5,0x08,0xa5,0x08,0xa5,0x08,
    0xa5,0x08,0xa5,0x08,0xa5,0x08,0xa5,0x08,0xa5,0x08,0xa5,0x08,0xa5,0x08,0xa5,0x08,
    0xa5,0x08,0xa5,0x08,0xa5,0x08,0xa5,0x08,0xa5,0x08,0xa5,0x08,0xa5,0x08,0xa5,0x08,
    0xa5,0x08,0xa5,0x08,0xa5,0x08,0xa5,0x08,0xa5,0x08,0xa5,0x08,0xa5,0x08,0xa5,0x08,
    0xa5,0x08,0xa5,0x08,0xa5,0x08,0xa5,0x08,0xa5,0x08,0xa5,0x08,0xa5,0x08,0xa5,0x08,
    0xa5,0x08,0xa5,0x08,0xa5,0x08,0xa5,0x08,0xa5,0x08,0xa5,0x08,0xa5,0x08,0xa5,0x08,
    0xa5,0x08,0xa5,0x08,0xa5,0x08,0xa5,0x08,0xa5,0x08,0xa5,0x08,0xa5,0x08,0xa5,0x08,
    0xa5,0x08,0xa5,0x08,0xa5,0x08,0xa5,0x08,0xa5,0x08,0xa5,0x08,0xa5,0x08,0xa5,0x08,
    0xa5,0x08,0xa5,0x08,0xa5,0x08,0xa5,0x08,0xa5,0x08,0xa5,0x08,0xa5,0x08,0xa5,0x08,
    0xa5,0x08,0xa5,0x08,0xa5,0x08,0xa5,0x08,0xa5,0x08,0xa5,0x08,0xa5,0x08,0xa5,0x08,
    0xa5,0x08,0xa5,0x08,0xa5,0x08,0xa5,0x08,0xa5,0x08,0xa5,0x08,0xa5,0x08,0xa5,0x08,
    0xa5,0x08,0xa5,0x08,0xa5,0x08,0xa5,0x08,0xa5,0x08,0xa5,0x08,0xa5,0x08,0xa5,0x08,
    0xa5,0x08,0xa5,0x08,0xa5,0x08,0xa5,0x08,0xa5,0x08,0xa5,0x08,0xa5,0x08,0xa5,0x08,
    0xa5,0x08,0xa5,0x08,0xa5,0x08,0xa5,0x08,0xa5,0x08,0xa5,0x08,0xa5,0x08,0xa5,0x08,
    0xa5,0x08,0xa5,0x08,0xa5,0x08,0xa5,0x08,0xa5,0x08,0xa5,0x08,0xa5,0x08,0xa5,0x08,
    0xa5,0x08,0xa5,0x08,0xa5,0x08,0xa5,0x08,0xa5,0x08,0xa5,0x08,0xa5,0x08,0xa5,0x08,
    0xa5,0x08,0xa5,0x08,0xa5,0x08,0xa5,0x08,0xa5,0x08,0xa5,0x08,0xa5,0x08,0xa5,0x08,
    0xa5,0x08,0xa5,0x08,0xa5,0x08,0xa5,0x08,0xa5,0x08,0xa5,0x08,0xa5,0x08,0xa5,0x08,
    0xa5,0x08,0xa5,0x08,0xa5,0x08,0xa5,0x08,0xa5,0x08,0xa5,0x08,0xa5,0x08,0xa5,0x08,
    0xa5,0x08,0xa5,0x08,0xa5,0x08,0xa5,0x08,0xa5,0x08,0xa5,0x08,0xc5,0x10,0x85,0x00,
    0xa4,0x49,0x43,0xfc,0x63,0xfc,0x43,0xb3,0x85,0x00,0xc5,0x10,0xa5,0x08,0xa5,0x08,
    0xa5,0x08,0xa5,0x08,0xa5,0x08,0xa5,0x08,0xa5,0x08,0xa5,0x08,0xa5,0x08,0xa5,0x08,
    0xc5,0x10,0xc5,0x10,0xc5,0x10,0xc5,0x10,0x85,0x00,0x65,0x00,0xc5,0x10,0x04,0x62,
    0x63,0xc3,0x23,0xf4,0x43,0xfc,0x03,0xf4,0xe3,0xf3,0xe3,0xf3,0xe3,0xf3,0xe4,0xf3,
    0xe4,0xf3,0xc4,0xf3,0xc4,0xf3,0xc4,0xf3,0xc4,0xf3,0xc4,0xf3,0xc4,0xf3,0xa4,0xf3,
    0xa4,0xeb,0xe4,0xfb,0xe4,0xb2,0xc5,0x18,0x85,0x00,0xc5,0x10,0xa5,0x08,0xa5,0x08,
    0xa5,0x08,0xa5,0x08,0xa5,0x08,0xa5,0x08,0xa5,0x08,0xa5,0x08,0xa5,0x08,0xa5,0x08,
    0xa5,0x08,0xa5,0x08,0xa5,0x08,0xa5,0x08,0xa5,0x08,0xa5,0x08,0xa5,0x08,0xa5,0x08,
    0xa5,0x08,0xa5,0x08,0xa5,0x08,0xa5,0x08,0xa5,0x08,0xa5,0x08,0xa5,0x08,0xa5,0x08,
    0xa5,0x08,0xa5,0x08,0xa5,0x08,0xa5,0x08,0xa5,0x08,0xa5,0x08,0xa5,0x08,0xa5,0x08,
    0xa5,0x08,0xa5,0x08,0xa5,0x08,0xa5,0x08,0xa5,0x08,0xa5,0x08,0xa5,0x08,0xa5,0x08,
    0xa5,0x08,0xa5,0x08,0xa5,0x08,0xa5,0x08,0xa5,0x08,0xa5,0x08,0xa5,0x08,0xa5,0x08,
    0xa5,0x08,0xa5,0x08,0xa5,0x08,0xa5,0x08,0xa5,0x08,0xa5,0x08,0xa5,0x08,0xa5,0x08,
    0xa5,0x08,0xa5,0x08,0xa5,0x08,0xa5,0x08,0xa5,0x08,0xa5,0x08,0xa5,0x08,0xa5,0x08,
    0xa5,0x08,0xa5,0x08,0xa5,0x08,0xa5,0x08,0xa5,0x08,0xa5,0x08,0xa5,0x08,0xa5,0x08,
    0xa5,0x08,0xa5,0x08,0xa5,0x08,0xa5,0x08,0xa5,0x08,0xa5,0x08,0xa5,0x08,0xa5,0x08,
    0xa5,0x08,0xa5,0x08,0xa5,0x08,0xa5,0x08,0xa5,0x08,0xa5,0x08,0xa5,0x08,0xa5,0x08,
    0xa5,0x08,0xa5,0x08,0xa5,0x08,0xa5,0x08,0xa5,0x08,0xa5,0x08,0xa5,0x08,0xa5,0x08,
    0xa5,0x08,0xa5,0x08,0xa5,0x08,0xa5,0x08,0xa5,0x08,0xa5,0x08,0xa5,0x08,0xa5,0x08,
    0xa5,0x08,0xa5,0x08,0xa5,0x08,0xa5,0x08,0xa5,0x08,0xa5,0x08,0xa5,0x08,0xa5,0x08,
    0xa5,0x08,0xa5,0x08,0xa5,0x08,0xa5,0x08,0xa5,0x08,0xa5,0x08,0xa5,0x08,0xa5,0x08,
    0xa5,0x08,0xa5,0x08,0xa5,0x08,0xa5,0x08,0xa5,0x08,0xa5,0x08,0xa5,0x08,0xa5,0x08,
    0xa5,0x08,0xa5,0x08,0xa5,0x08,0xa5,0x08,0xa5,0x08,0xa5,0x08,0xa5,0x08,0xa5,0x08,
    0xa5,0x08,0xa5,0x08,0xa5,0x08,0xa5,0x08,0xa5,0x08,0xa5,0x08,0xa5,0x08,0xa5,0x08,
    0xa5,0x08,0xa5,0x08,0xa5,0x08,0xa5,0x08,0xa5,0x08,0xa5,0x08,0xa5,0x08,0xa5,0x08,
    0xa5,0x08,0xa5,0x08,0xa5,0x08,0xa5,0x08,0xa5,0x08,0xa5,0x08,0xa5,0x08,0xa5,0x08,
    0xa5,0x08,0xa5,0x08,0xa5,0x08,0xa5,0x08,0xa5,0x08,0xa5,0x08,0xa5,0x08,0xa5,0x08,
    0xa5,0x08,0xa5,0x08,0xc5,0x10,0x85,0x00,0xa4,0x49,0x82,0xfc,0x82,0xfc,0x63,0xc3,
    0x85,0x00,0xc5,0x10,0xa5,0x08,0xa5,0x08,0xa5,0x08,0xa5,0x08,0xa5,0x08,0xa5,0x08,
    0xa5,0x08,0xa5,0x08,0xa5,0x08,0xa5,0x08,0xa5,0x08,0xa5,0x08,0xa5,0x08,0xa5,0x08,
    0xc5,0x10,0xc5,0x10,0xa5,0x08,0x85,0x00,0x85,0x00,0x64,0x39,0x43,0xbb,0x23,0xfc,
    0x23,0xfc,0xe3,0xeb,0xe3,0xf3,0xe4,0xf3,0xe4,0xf3,0xc4,0xf3,0xc4,0xf3,0xc4,0xf3,
    0xc4,0xf3,0xa4,0xf3,0xa4,0xf3,0xa4,0xf3,0xa4,0xf3,0xa4,0xeb,0xe4,0xfb,0x24,0xc3,
    0x05,0x29,0x85,0x00,0xc5,0x10,0xa5,0x08,0xa5,0x08,0xa5,0x08,0xa5,0x08,0xa5,0x08,
    0xa5,0x08,0xa5,0x08,0xa5,0x08,0xa5,0x08,0xa5,0x08,0xa5,0x08,0xa5,0x08,0xa5,0x08,
    0xa5,0x08,0xa5,0x08,0xa5,0x08,0xa5,0x08,0xa5,0x08,0xa5,0x08,0xa5,0x08,0xa5,0x08,
    0xa5,0x08,0xa5,0x08,0xa5,0x08,0xa5,0x08,0xa5,0x08,0xa5,0x08,0xa5,0x08,0xa5,0x08,
    0xa5,0x08,0xa5,0x08,0xa5,0x08,0xa5,0x08,0xa5,0x08,0xa5,0x08,0xa5,0x08,0xa5,0x08,
    0xa5,0x08,0xa5,0x08,0xa5,0x08,0xa5,0x08,0xa5,0x08,0xa5,0x08,0xa5,0x08,0xa5,0x08,
    0xa5,0x08,0xa5,0x08,0xa5,0x08,0xa5,0x08,0xa5,0x08,0xa5,0x08,0xa5,0x08,0xa5,0x08,
    0xa5,0x08,0xa5,0x08,0xa5,0x08,0xa5,0x08,0xa5,0x08,0xa5,0x08,0xa5,0x08,0xa5,0x08,
    0xa5,0x08,0xa5,0x08,0xa5,0x08,0xa5,0x08,0xa5,0x08,0xa5,0x08,0xa5,0x08,0xa5,0x08,
    0xa5,0x08,0xa5,0x08,0xa5,0x08,0xa5,0x08,0xa5,0x08,0xa5,0x08,0xa5,0x08,0xa5,0x08,
    0xa5,0x08,0xa5,0x08,0xa5,0x08,0xa5,0x08,0xa5,0x08,0xa5,0x08,0xa5,0x08,0xa5,0x08,
    0xa5,0x08,0xa5,0x08,0xa5,0x08,0xa5,0x08,0xa5,0x08,0xa5,0x08,0xa5,0x08,0xa5,0x08,
    0xa5,0x08,0xa5,0x08,0xa5,0x08,0xa5,0x08,0xa5,0x08,0xa5,0x08,0xa5,0x08,0xa5,0x08,
    0xa5,0x08,0xa5,0x08,0xa5,0x08,0xa5,0x08,0xa5,0x08,0xa5,0x08,0xa5,0x08,0xa5,0x08,
    0xa5,0x08,0xa5,0x08,0xa5,0x08,0xa5,0x08,0xa5,0x08,0xa5,0x08,0xa5,0x08,0xa5,0x08,
    0xa5,0x08,0xa5,0x08,0xa5,0x08,0xa5,0x08,0xa5,0x08,0xa5,0x08,0xa5,0x08,0xa5,0x08,
    0xa5,0x08,0xa5,0x08,0xa5,0x08,0xa5,0x08,0xa5,0x08,0xa5,0x08,0xa5,0x08,0xa5,0x08,
    0xa5,0x08,0xa5,0x08,0xa5,0x08,0xa5,0x08,0xa5,0x08,0xa5,0x08,0xa5,0x08,0xa5,0x08,
    0xa5,0x08,0xa5,0x08,0xa5,0x08,0xa5,0x08,0xa5,0x08,0xa5,0x08,0xa5,0x08,0xa5,0x08,
    0xa5,0x08,0xa5,0x08,0xa5,0x08,0xa5,0x08,0xa5,0x08,0xa5,0x08,0xa5,0x08,0xa5,0x08,
    0xa5,0x08,0xa5,0x08,0xa5,0x08,0xa5,0x08,0xa5,0x08,0xa5,0x08,0xa5,0x08,0xa5,0x08,
    0xa5,0x08,0xa5,0x08,0xa5,0x08,0xa5,0x08,0xa5,0x08,0xa5,0x08,0xa5,0x10,0xa5,0x08,
    0xe5,0x18,0xa4,0x49,0xa4,0x49,0x64,0x39,0xa5,0x08,0xa5,0x10,0xa5,0x08,0xa5,0x08,
    0xa5,0x08,0xa5,0x08,0xa5,0x08,0xa5,0x08,0xa5,0x08,0xa5,0x08,0xa5,0x08,0xa5,0x08,
    0xa5,0x08,0xa5,0x08,0xa5,0x08,0xa5,0x08,0xa5,0x08,0xa5,0x08,0xa5,0x10,0xc5,0x10,
    0xc5,0x10,0x85,0x00,0x85,0x00,0x84,0x49,0x63,0xc3,0x43,0xfc,0x03,0xf4,0xc4,0xeb,
    0xe4,0xf3,0xc4,0xf3,0xc4,0xf3,0xc4,0xf3,0xc4,0xf3,0xa4,0xf3,0xa4,0xf3,0xa4,0xf3,
    0xa4,0xf3,0xa4,0xf3,0x84,0xeb,0xc4,0xfb,0xa4,0xeb,0xc5,0x61,0x85,0x00,0xc5,0x10,
    0xa5,0x08,0xa5,0x08,0xa5,0x08,0xa5,0x08,0xa5,0x08,0xa5,0x08,0xa5,0x08,0xa5,0x08,
    0xa5,0x08,0xa5,0x08,0xa5,0x08,0xa5,0x08,0xa5,0x08,0xa5,0x08,0xa5,0x08,0xa5,0x08,
    0xa5,0x08,0xa5,0x08,0xa5,0x08,0xa5,0x08,0xa5,0x08,0xa5,0x08,0xa5,0x08,0xa5,0x08,
    0xa5,0x08,0xa5,0x08,0xa5,0x08,0xa5,0x08,0xa5,0x08,0xa5,0x08,0xa5,0x08,0xa5,0x08,
    0xa5,0x08,0xa5,0x08,0xa5,0x08,0xa5,0x08,0xa5,0x08,0xa5,0x08,0xa5,0x08,0xa5,0x08,
    0xa5,0x08,0xa5,0x08,0xa5,0x08,0xa5,0x08,0xa5,0x08,0xa5,0x08,0xa5,0x08,0xa5,0x08,
    0xa5,0x08,0xa5,0x08,0xa5,0x08,0xa5,0x08,0xa5,0x08,0xa5,0x08,0xa5,0x08,0xa5,0x08,
    0xa5,0x08,0xa5,0x08,0xa5,0x08,0xa5,0x08,0xa5,0x08,0xa5,0x08,0xa5,0x08,0xa5,0x08,
    0xa5,0x08,0xa5,0x08,0xa5,0x08,0xa5,0x08,0xa5,0x08,0xa5,0x08,0xa5,0x08,0xa5,0x08,
    0xa5,0x08,0xa5,0x08,0xa5,0x08,0xa5,0x08,0xa5,0x08,0xa5,0x08,0xa5,0x08,0xa5,0x08,
    0xa5,0x08,0xa5,0x08,0xa5,0x08,0xa5,0x08,0xa5,0x08,0xa5,0x08,0xa5,0x08,0xa5,0x08,
    0xa5,0x08,0xa5,0x08,0xa5,0x08,0xa5,0x08,0xa5,0x08,0xa5,0x08,0xa5,0x08,0xa5,0x08,
    0xa5,0x08,0xa5,0x08,0xa5,0x08,0xa5,0x08,0xa5,0x08,0xa5,0x08,0xa5,0x08,0xa5,0x08,
    0xa5,0x08,0xa5,0x08,0xa5,0x08,0xa5,0x08,0xa5,0x08,0xa5,0x08,0xa5,0x08,0xa5,0x08,
    0xa5,0x08,0xa5,0x08,0xa5,0x08,0xa5,0x08,0xa5,0x08,0xa5,0x08,0xa5,0x08,0xa5,0x08,
    0xa5,0x08,0xa5,0x08,0xa5,0x08,0xa5,0x08,0xa5,0x08,0xa5,0x08,0xa5,0x08,0xa5,0x08,
    0xa5,0x08,0xa5,0x08,0xa5,0x08,0xa5,0x08,0xa5,0x08,0xa5,0x08,0xa5,0x08,0xa5,0x08,
    0xa5,0x08,0xa5,0x08,0xa5,0x08,0xa5,0x08,0xa5,0x08,0xa5,0x08,0xa5,0x08,0xa5,0x08,
    0xa5,0x08,0xa5,0x08,0xa5,0x08,0xa5,0x08,0xa5,0x08,0xa5,0x08,0xa5,0x08,0xa5,0x08,
    0xa5,0x08,0xa5,0x08,0xa5,0x08,0xa5,0x08,0xa5,0x08,0xa5,0x08,0xa5,0x08,0xa5,0x08,
    0xa5,0x08,0xa5,0x08,0xa5,0x08,0xa5,0x08,0xa5,0x08,0xa5,0x08,0xa5,0x08,0xa5,0x08,
    0xa5,0x08,0xa5,0x08,0xa5,0x08,0xa5,0x10,0xa5,0x08,0x85,0x00,0x85,0x00,0x85,0x00,
    0xa5,0x10,0xa5,0x08,0xa5,0x08,0xa5,0x08,0xa5,0x08,0xa5,0x08,0xa5,0x08,0xa5,0x08,
    0xa5,0x08,0xa5,0x08,0xa5,0x08,0xa5,0x08,0xa5,0x08,0xa5,0x08,0xa5,0x08,0xa5,0x08,
    0xa5,0x08,0xa5,0x08,0xa5,0x08,0xa5,0x08,0xa5,0x08,0xc5,0x10,0xc5,0x10,0x85,0x00,
    0xa5,0x08,0xe4,0x61,0xa4,0xdb,0x23,0xfc,0xe4,0xf3,0xc4,0xf3,0xc4,0xf3,0xc4,0xf3,
    0xa4,0xf3,0xa4,0xf3,0xa4,0xf3,0xa4,0xf3,0xa4,0xf3,0xa4,0xf3,0xa4,0xf3,0x84,0xeb,
    0xa4,0xf3,0xc4,0xfb,0xc5,0x61,0x85,0x00,0xc5,0x10,0xa5,0x08,0xa5,0x08,0xa5,0x08,
    0xa5,0x08,0xa5,0x08,0xa5,0x08,0xa5,0x08,0xa5,0x08,0xa5,0x08,0xa5,0x08,0xa5,0x08,
    0xa5,0x08,0xa5,0x08,0xa5,0x08,0xa5,0x08,0xa5,0x08,0xa5,0x08,0xa5,0x08,0xa5,0x08,
    0xa5,0x08,0xa5,0x08,0xa5,0x08,0xa5,0x08,0xa5,0x08,0xa5,0x08,0xa5,0x08,0xa5,0x08,
    0xa5,0x08,0xa5,0x08,0xa5,0x08,0xa5,0x08,0xa5,0x08,0xa5,0x08,0xa5,0x08,0xa5,0x08,
    0xa5,0x08,0xa5,0x08,0xa5,0x08,0xa5,0x08,0xa5,0x08,0xa5,0x08,0xa5,0x08,0xa5,0x08,
    0xa5,0x08,0xa5,0x08,0xa5,0x08,0xa5,0x08,0xa5,0x08,0xa5,0x08,0xa5,0x08,0xa5,0x08,
    0xa5,0x08,0xa5,0x08,0xa5,0x08,0xa5,0x08,0xa5,0x08,0xa5,0x08,0xa5,0x08,0xa5,0x08,
    0xa5,0x08,0xa5,0x08,0xa5,0x08,0xa5,0x08,0xa5,0x08,0xa5,0x08,0xa5,0x08,0xa5,0x08,
    0xa5,0x08,0xa5,0x08,0xa5,0x08,0xa5,0x08,0xa5,0x08,0xa5,0x08,0xa5,0x08,0xa5,0x08,
    0xa5,0x08,0xa5,0x08,0xa5,0x08,0xa5,0x08,0xa5,0x08,0xa5,0x08,0xa5,0x08,0xa5,0x08,
    0xa5,0x08,0xa5,0x08,0xa5,0x08,0xa5,0x08,0xa5,0x08,0xa5,0x08,0xa5,0x08,0xa5,0x08,
    0xa5,0x08,0xa5,0x08,0xa5,0x08,0xa5,0x08,0xa5,0x08,0xa5,0x08,0xa5,0x08,0xa5,0x08,
    0xa5,0x08,0xa5,0x08,0xa5,0x08,0xa5,0x08,0xa5,0x08,0xa5,0x08,0xa5,0x08,0xa5,0x08,
    0xa5,0x08,0xa5,0x08,0xa5,0x08,0xa5,0x08,0xa5,0x08,0xa5,0x08,0xa5,0x08,0xa5,0x08,
    0xa5,0x08,0xa5,0x08,0xa5,0x08,0xa5,0x08,0xa5,0x08,0xa5,0x08,0xa5,0x08,0xa5,0x08,
    0xa5,0x08,0xa5,0x08,0xa5,0x08,0xa5,0x08,0xa5,0x08,0xa5,0x08,0xa5,0x08,0xa5,0x08,
    0xa5,0x08,0xa5,0x08,0xa5,0x08,0xa5,0x08,0xa5,0x08,0xa5,0x08,0xa5,0x08,0xa5,0x08,
    0xa5,0x08,0xa5,0x08,0xa5,0x08,0xa5,0x08,0xa5,0x08,0xa5,0x08,0xa5,0x08,0xa5,0x08,
    0xa5,0x08,0xa5,0x08,0xa5,0x08,0xa5,0x08,0xa5,0x08,0xa5,0x08,0xa5,0x08,0xa5,0x08,
    0xa5,0x08,0xa5,0x08,0xa5,0x08,0xa5,0x08,0xa5,0x08,0xa5,0x08,0xa5,0x08,0xa5,0x08,
    0xa5,0x08,0xa5,0x08,0xa5,0x08,0xa5,0x08,0xa5,0x08,0xa5,0x08,0xa5,0x08,0xa5,0x08,
    0xa5,0x10,0xc5,0x10,0xc5,0x10,0xc5,0x10,0xa5,0x08,0xa5,0x08,0xa5,0x08,0xa5,0x08,
    0xa5,0x08,0xa5,0x08,0xa5,0x08,0xa5,0x08,0xa5,0x08,0xa5,0x08,0xa5,0x08,0xa5,0x08,
    0xa5,0x08,0xa5,0x08,0xa5,0x08,0xa5,0x08,0xa5,0x08,0xa5,0x08,0xa5,0x08,0xa5,0x08,
    0xa5,0x08,0xa5,0x08,0xa5,0x08,0xc5,0x10,0xa5,0x08,0x65,0x00,0xe5,0x18,0x64,0x82,
    0xe4,0xf3,0xe4,0xfb,0xa4,0xeb,0xc4,0xf3,0xa4,0xf3,0xa4,0xf3,0xa4,0xf3,0xa4,0xf3,
    0xa4,0xf3,0xa4,0xf3,0x84,0xf3,0x84,0xf3,0x84,0xf3,0x84,0xf3,0xc4,0xfb,0xc5,0x61,
    0x85,0x00,0xc5,0x10,0xa5,0x08,0xa5,0x08,0xa5,0x08,0xa5,0x08,0xa5,0x08,0xa5,0x08,
    0xa5,0x08,0xa5,0x08,0xa5,0x08,0xa5,0x08,0xa5,0x08,0xa5,0x08,0xa5,0x08,0xa5,0x08,
    0xa5,0x08,0xa5,0x08,0xa5,0x08,0xa5,0x08,0xa5,0x08,0xa5,0x08,0xa5,0x08,0xa5,0x08,
    0xa5,0x08,0xa5,0x08,0xa5,0x08,0xa5,0x08,0xa5,0x08,0xa5,0x08,0xa5,0x08,0xa5,0x08,
    0xa5,0x08,0xa5,0x08,0xa5,0x08,0xa5,0x08,0xa5,0x08,0xa5,0x08,0xa5,0x08,0xa5,0x08,
    0xa5,0x08,0xa5,0x08,0xa5,0x08,0xa5,0x08,0xa5,0x08,0xa5,0x08,0xa5,0x08,0xa5,0x08,
    0xa5,0x08,0xa5,0x08,0xa5,0x08,0xa5,0x08,0xa5,0x08,0xa5,0x08,0xa5,0x08,0xa5,0x08,
    0xa5,0x08,0xa5,0x08,0xa5,0x08,0xa5,0x08,0xa5,0x08,0xa5,0x08,0xa5,0x08,0xa5,0x08,
    0xa5,0x08,0xa5,0x08,0xa5,0x08,0xa5,0x08,0xa5,0x08,0xa5,0x08,0xa5,0x08,0xa5,0x08,
    0xa5,0x08,0xa5,0x08,0xa5,0x08,0xa5,0x08,0xa5,0x08,0xa5,0x08,0xa5,0x08,0xa5,0x08,
    0xa5,0x08,0xa5,0x08,0xa5,0x08,0xa5,0x08,0xa5,0x08,0xa5,0x08,0xa5,0x08,0xa5,0x08,
    0xa5,0x08,0xa5,0x08,0xa5,0x08,0xa5,0x08,0xa5,0x08,0xa5,0x08,0xa5,0x08,0xa5,0x08,
    0xa5,0x08,0xa5,0x08,0xa5,0x08,0xa5,0x08,0xa5,0x08,0xa5,0x08,0xa5,0x08,0xa5,0x08,
    0xa5,0x08,0xa5,0x08,0xa5,0x08,0xa5,0x08,0xa5,0x08,0xa5,0x08,0xa5,0x08,0xa5,0x08,
    0xa5,0x08,0xa5,0x08,0xa5,0x08,0xa5,0x08,0xa5,0x08,0xa5,0x08,0xa5,0x08,0xa5,0x08,
    0xa5,0x08,0xa5,0x08,0xa5,0x08,0xa5,0x08,0xa5,0x08,0xa5,0x08,0xa5,0x08,0xa5,0x08,
    0xa5,0x08,0xa5,0x08,0xa5,0x08,0xa5,0x08,0xa5,0x08,0xa5,0x08,0xa5,0x08,0xa5,0x08,
    0xa5,0x08,0xa5,0x08,0xa5,0x08,0xa5,0x08,0xa5,0x08,0xa5,0x08,0xa5,0x08,0xa5,0x08,
    0xa5,0x08,0xa5,0x08,0xa5,0x08,0xa5,0x08,0xa5,0x08,0xa5,0x08,0xa5,0x08,0xa5,0x08,
    0xa5,0x08,0xa5,0x08,0xa5,0x08,0xa5,0x08,0xa5,0x08,0xa5,0x08,0xa5,0x08,0xa5,0x08,
    0xa5,0x08,0xa5,0x08,0xa5,0x08,0xa5,0x08,0xa5,0x08,0xa5,0x08,0xa5,0x08,0xa5,0x08,
    0xa5,0x08,0xa5,0x08,0xa5,0x08,0xa5,0x08,0xa5,0x08,0xa5,0x08,0xa5,0x08,0xa5,0x08,
    0xa5,0x08,0xa5,0x08,0xa5,0x08,0xa5,0x08,0xa5,0x08,0xa5,0x08,0xa5,0x08,0xa5,0x08,
    0xa5,0x08,0xa5,0x08,0xa5,0x08,0xa5,0x08,0xa5,0x08,0xa5,0x08,0xa5,0x08,0xa5,0x08,
    0xa5,0x08,0xa5,0x08,0xa5,0x08,0xa5,0x08,0xa5,0x08,0xa5,0x08,0xa5,0x08,0xa5,0x08,
    0xa5,0x08,0xc5,0x10,0xa5,0x08,0x85,0x00,0x25,0x31,0x24,0xc3,0x04,0xfc,0xc4,0xf3,
    0xa4,0xf3,0xa4,0xf3,0xa4,0xf3,0xa4,0xf3,0xa4,0xf3,0x84,0xf3,0x84,0xf3,0x84,0xf3,
    0x85,0xf3,0x85,0xf3,0x85,0xf3,0xa4,0xfb,0xc5,0x61,0x85,0x00,0xc5,0x10,0xa5,0x08,
    0xa5,0x08,0xa5,0x08,0xa5,0x08,0xa5,0x08,0xa5,0x08,0xa5,0x08,0xa5,0x08,0xa5,0x08,
    0xa5,0x08,0xa5,0x08,0xa5,0x08,0xa5,0x08,0xa5,0x08,0xa5,0x08,0xa5,0x08,0xa5,0x08,
    0xa5,0x08,0xa5,0x08,0xa5,0x08,0xa5,0x08,0xa5,0x08,0xa5,0x08,0xa5,0x08,0xa5,0x08,
    0xa5,0x08,0xa5,0x08,0xa5,0x08,0xa5,0x08,0xa5,0x08,0xa5,0x08,0xa5,0x08,0xa5,0x08,
    0xa5,0x08,0xa5,0x08,0xa5,0x08,0xa5,0x08,0xa5,0x08,0xa5,0x08,0xa5,0x08,0xa5,0x08,
    0xa5,0x08,0xa5,0x08,0xa5,0x08,0xa5,0x08,0xa5,0x08,0xa5,0x08,0xa5,0x08,0xa5,0x08,
    0xa5,0x08,0xa5,0x08,0xa5,0x08,0xa5,0x08,0xa5,0x08,0xa5,0x08,0xa5,0x08,0xa5,0x08,
    0xa5,0x08,0xa5,0x08,0xa5,0x08,0xa5,0x08,0xa5,0x08,0xa5,0x08,0xa5,0x08,0xa5,0x08,
    0xa5,0x08,0xa5,0x08,0xa5,0x08,0xa5,0x08,0xa5,0x08,0xa5,0x08,0xa5,0x08,0xa5,0x08,
    0xa5,0x08,0xa5,0x08,0xa5,0x08,0xa5,0x08,0xa5,0x08,0xa5,0x08,0xa5,0x08,0xa5,0x08,
    0xa5,0x08,0xa5,0x08,0xa5,0x08,0xa5,0x08,0xa5,0x08,0xa5,0x08,0xa5,0x08,0xa5,0x08,
    0xa5,0x08,0xa5,0x08,0xa5,0x08,0xa5,0x08,0xa5,0x08,0xa5,0x08,0xa5,0x08,0xa5,0x08,
    0xa5,0x08,0xa5,0x08,0xa5,0x08,0xa5,0x08,0xa5,0x08,0xa5,0x08,0xa5,0x08,0xa5,0x08,
    0xa5,0x08,0xa5,0x08,0xa5,0x08,0xa5,0x08,0xa5,0x08,0xa5,0x08,0xa5,0x08,0xa5,0x08,
    0xa5,0x08,0xa5,0x08,0xa5,0x08,0xa5,0x08,0xa5,0x08,0xa5,0x08,0xa5,0x08,0xa5,0x08,
    0xa5,0x08,0xa5,0x08,0xa5,0x08,0xa5,0x08,0xa5,0x08,0xa5,0x08,0xa5,0x08,0xa5,0x08,
    0xa5,0x08,0xa5,0x08,0xa5,0x08,0xa5,0x08,0xa5,0x08,0xa5,0x08,0xa5,0x08,0xa5,0x08,
    0xa5,0x08,0xa5,0x08,0xa5,0x08,0xa5,0x08,0xa5,0x08,0xa5,0x08,0xa5,0x08,0xa5,0x08,
    0xa5,0x08,0xa5,0x08,0xa5,0x08,0xa5,0x08,0xa5,0x08,0xa5,0x08,0xa5,0x08,0xa5,0x08,
    0xa5,0x08,0xa5,0x08,0xa5,0x08,0xa5,0x08,0xa5,0x08,0xa5,0x08,0xa5,0x08,0xa5,0x08,
    0xa5,0x08,0xa5,0x08,0xa5,0x08,0xa5,0x08,0xa5,0x08,0xa5,0x08,0xa5,0x08,0xa5,0x08,
    0xa5,0x08,0xa5,0x08,0xa5,0x08,0xa5,0x08,0xa5,0x08,0xa5,0x08,0xa5,0x08,0xa5,0x08,
    0xa5,0x08,0xa5,0x08,0xa5,0x08,0xa5,0x08,0xa5,0x08,0xa5,0x08,0xa5,0x08,0xa5,0x08,
    0xa5,0x08,0xa5,0x08,0xa5,0x08,0xa5,0x08,0xa5,0x08,0xa5,0x08,0xa5,0x08,0xa5,0x08,
    0xa5,0x08,0xa5,0x08,0xa5,0x08,0xa5,0x08,0xa5,0x08,0xa5,0x08,0xc5,0x10,0xc5,0x10,
    0x85,0x00,0xa5,0x08,0x24,0x7a,0xa4,0xeb,0xc4,0xfb,0xa4,0xeb,0xa4,0xf3,0xa4,0xf3,
    0x84,0xf3,0x84,0xf3,0x85,0xf3,0x85,0xf3,0x85,0xf3,0x85,0xf3,0x65,0xf3,0x85,0xf3,
    0xa5,0xfb,0xc5,0x61,0x85,0x00,0xc5,0x10,0xa5,0x08,0xa5,0x08,0xa5,0x08,0xa5,0x08,
    0xa5,0x08,0xa5,0x08,0xa5,0x08,0xa5,0x08,0xa5,0x08,0xa5,0x08,0xa5,0x08,0xa5,0x08,
    0xa5,0x08,0xa5,0x08,0xa5,0x08,0xa5,0x08,0xa5,0x08,0xa5,0x08,0xa5,0x08,0xa5,0x08,
    0xa5,0x08,0xa5,0x08,0xa5,0x08,0xa5,0x08,0xa5,0x08,0xa5,0x08,0xa5,0x08,0xa5,0x08,
    0xa5,0x08,0xa5,0x08,0xa5,0x08,0xa5,0x08,0xa5,0x08,0xa5,0x08,0xa5,0x08,0xa5,0x08,
    0xa5,0x08,0xa5,0x08,0xa5,0x08,0xa5,0x08,0xa5,0x08,0xa5,0x08,0xa5,0x08,0xa5,0x08,
    0xa5,0x08,0xa5,0x08,0xa5,0x08,0xa5,0x08,0xa5,0x08,0xa5,0x08,0xa5,0x08,0xa5,0x08,
    0xa5,0x08,0xa5,0x08,0xa5,0x08,0xa5,0x08,0xa5,0x08,0xa5,0x08,0xa5,0x08,0xa5,0x08,
    0xa5,0x08,0xa5,0x08,0xa5,0x08,0xa5,0x08,0xa5,0x08,0xa5,0x08,0xa5,0x08,0xa5,0x08,
    0xa5,0x08,0xa5,0x08,0xa5,0x08,0xa5,0x08,0xa5,0x08,0xa5,0x08,0xa5,0x08,0xa5,0x08,
    0xa5,0x08,0xa5,0x08,0xa5,0x08,0xa5,0x08,0xa5,0x08,0xa5,0x08,0xa5,0x08,0xa5,0x08,
    0xa5,0x08,0xa5,0x08,0xa5,0x08,0xa5,0x08,0xa5,0x08,0xa5,0x08,0xa5,0x08,0xa5,0x08,
    0xa5,0x08,0xa5,0x08,0xa5,0x08,0xa5,0x08,0xa5,0x08,0xa5,0x08,0xa5,0x08,0xa5,0x08,
    0xa5,0x08,0xa5,0x08,0xa5,0x08,0xa5,0x08,0xa5,0x08,0xa5,0x08,0xa5,0x08,0xa5,0x08,
    0xa5,0x08,0xa5,0x08,0xa5,0x08,0xa5,0x08,0xa5,0x08,0xa5,0x08,0xa5,0x08,0xa5,0x08,
    0xa5,0x08,0xa5,0x08,0xa5,0x08,0xa5,0x08,0xa5,0x08,0xa5,0x08,0xa5,0x08,0xa5,0x08,
    0xa5,0x08,0xa5,0x08,0xa5,0x08,0xa5,0x08,0xa5,0x08,0xa5,0x08,0xa5,0x08,0xa5,0x08,
    0xa5,0x08,0xa5,0x08,0xa5,0x08,0xa5,0x08,0xa5,0x08,0xa5,0x08,0xa5,0x08,0xa5,0x08,
    0xa5,0x08,0xa5,0x08,0xa5,0x08,0xa5,0x08,0xa5,0x08,0xa5,0x08,0xa5,0x08,0xa5,0x08,
    0xa5,0x08,0xa5,0x08,0xa5,0x08,0xa5,0x08,0xa5,0x08,0xa5,0x08,0xa5,0x08,0xa5,0x08,
    0xa5,0x08,0xa5,0x08,0xa5,0x08,0xa5,0x08,0xa5,0x08,0xa5,0x08,0xa5,0x08,0xa5,0x08,
    0xa5,0x08,0xa5,0x08,0xa5,0x08,0xa5,0x08,0xa5,0x08,0xa5,0x08,0xa5,0x08,0xa5,0x08,
    0xa5,0x08,0xa5,0x08,0xa5,0x08,0xa5,0x08,0xa5,0x08,0xa5,0x08,0xa5,0x08,0xa5,0x08,
    0xa5,0x08,0xa5,0x08,0xa5,0x08,0xa5,0x08,0xa5,0x08,0xa5,0x08,0xa5,0x08,0xa5,0x08,
    0xa5,0x08,0xa5,0x08,0xa5,0x08,0xa5,0x08,0xa5,0x08,0xa5,0x08,0xa5,0x08,0xa5,0x08,
    0xa5,0x08,0xa5,0x08,0xa5,0x08,0xa5,0x08,0xc5,0x10,0xa5,0x10,0x65,0x00,0x45,0x39,
    0x84,0xe3,0xc4,0xfb,0x84,0xeb,0xa4,0xf3,0x84,0xf3,0x84,0xf3,0x85,0xf3,0x85,0xf3,
    0x85,0xf3,0x65,0xf3,0x65,0xf3,0x65,0xf3,0x65,0xf3,0x65,0xf3,0x45,0x39,0x85,0x00,
    0xc5,0x10,0xa5,0x08,0xa5,0x08,0xa5,0x08,0xa5,0x08,0xa5,0x08,0xa5,0x08,0xa5,0x08,
    0xa5,0x08,0xa5,0x08,0xa5,0x08,0xa5,0x08,0xa5,0x08,0xa5,0x08,0xa5,0x08,0xa5,0x08,
    0xa5,0x08,0xa5,0x08,0xa5,0x08,0xa5,0x08,0xa5,0x08,0xa5,0x08,0xa5,0x08,0xa5,0x08,
    0xa5,0x08,0xa5,0x08,0xa5,0x08,0xa5,0x08,0xa5,0x08,0xa5,0x08,0xa5,0x08,0xa5,0x08,
    0xa5,0x08,0xa5,0x08,0xa5,0x08,0xa5,0x08,0xa5,0x08,0xa5,0x08,0xa5,0x08,0xa5,0x08,
    0xa5,0x08,0xa5,0x08,0xa5,0x08,0xa5,0x08,0xa5,0x08,0xa5,0x08,0xa5,0x08,0xa5,0x08,
    0xa5,0x08,0xa5,0x08,0xa5,0x08,0xa5,0x08,0xa5,0x08,0xa5,0x08,0xa5,0x08,0xa5,0x08,
    0xa5,0x08,0xa5,0x08,0xa5,0x08,0xa5,0x08,0xa5,0x08,0xa5,0x08,0xa5,0x08,0xa5,0x08,
    0xa5,0x08,0xa5,0x08,0xa5,0x08,0xa5,0x08,0xa5,0x08,0xa5,0x08,0xa5,0x08,0xa5,0x08,
    0xa5,0x08,0xa5,0x08,0xa5,0x08,0xa5,0x08,0xa5,0x08,0xa5,0x08,0xa5,0x08,0xa5,0x08,
    0xa5,0x08,0xa5,0x08,0xa5,0x08,0xa5,0x08,0xa5,0x08,0xa5,0x08,0xa5,0x08,0xa5,0x08,
    0xa5,0x08,0xa5,0x08,0xa5,0x08,0xa5,0x08,0xa5,0x08,0xa5,0x08,0xa5,0x08,0xa5,0x08,
    0xa5,0x08,0xa5,0x08,0xa5,0x08,0xa5,0x08,0xa5,0x08,0xa5,0x08,0xa5,0x08,0xa5,0x08,
    0xa5,0x08,0xa5,0x08,0xa5,0x08,0xa5,0x08,0xa5,0x08,0xa5,0x08,0xa5,0x08,0xa5,0x08,
    0xa5,0x08,0xa5,0x08,0xa5,0x08,0xa5,0x08,0xa5,0x08,0xa5,0x08,0xa5,0x08,0xa5,0x08,
    0xa5,0x08,0xa5,0x08,0xa5,0x08,0xa5,0x08,0xa5,0x08,0xa5,0x08,0xa5,0x08,0xa5,0x08,
    0xa5,0x08,0xa5,0x08,0xa5,0x08,0xa5,0x08,0xa5,0x08,0xa5,0x08,0xa5,0x08,0xa5,0x08,
    0xa5,0x08,0xa5,0x08,0xa5,0x08,0xa5,0x08,0xa5,0x08,0xa5,0x08,0xa5,0x08,0xa5,0x08,
    0xa5,0x08,0xa5,0x08,0xa5,0x08,0xa5,0x08,0xa5,0x08,0xa5,0x08,0xa5,0x08,0xa5,0x08,
    0xa5,0x08,0xa5,0x08,0xa5,0x08,0xa5,0x08,0xa5,0x08,0xa5,0x08,0xa5,0x08,0xa5,0x08,
    0xa5,0x08,0xa5,0x08,0xa5,0x08,0xa5,0x08,0xa5,0x08,0xa5,0x08,0xa5,0x08,0xa5,0x08,
    0xa5,0x08,0xa5,0x08,0xa5,0x08,0xa5,0x08,0xa5,0x08,0xa5,0x08,0xa5,0x08,0xa5,0x08,
    0xa5,0x08,0xa5,0x08,0xa5,0x08,0xa5,0x08,0xa5,0x08,0xa5,0x08,0xa5,0x08,0xa5,0x08,
    0xa5,0x08,0xa5,0x08,0xa5,0x08,0xa5,0x08,0xa5,0x08,0xa5,0x08,0xa5,0x08,0xa5,0x08,
    0xa5,0x08,0xa5,0x08,0xa5,0x08,0xa5,0x08,0xa5,0x08,0xa5,0x08,0xa5,0x08,0xa5,0x08,
    0xa5,0x08,0xa5,0x08,0xc5,0x10,0x85,0x00,0xe5,0x18,0x04,0xc3,0xe4,0xfb,0x84,0xeb,
    0x84,0xf3,0x85,0xf3,0x85,0xf3,0x85,0xf3,0x65,0xf3,0x65,0xf3,0x65,0xf3,0x65,0xf3,
    0x65,0xeb,0x65,0xf3,0x45,0xeb,0x25,0x39,0x85,0x00,0xc5,0x10,0xa5,0x08,0xa5,0x08,
    0xa5,0x08,0xa5,0x08,0xa5,0x08,0xa5,0x08,0xa5,0x08,0xa5,0x08,0xa5,0x08,0xa5,0x08,
    0xa5,0x08,0xa5,0x08,0xa5,0x08,0xa5,0x08,0xa5,0x08,0xa5,0x08,0xa5,0x08,0xa5,0x08,
    0xa5,0x08,0xa5,0x08,0xa5,0x08,0xa5,0x08,0xa5,0x08,0xa5,0x08,0xa5,0x08,0xa5,0x08,
    0xa5,0x08,0xa5,0x08,0xa5,0x08,0xa5,0x08,0xa5,0x08,0xa5,0x08,0xa5,0x08,0xa5,0x08,
    0xa5,0x08,0xa5,0x08,0xa5,0x08,0xa5,0x08,0xa5,0x08,0xa5,0x08,0xa5,0x08,0xa5,0x08,
    0xa5,0x08,0xa5,0x08,0xa5,0x08,0xa5,0x08,0xa5,0x08,0xa5,0x08,0xa5,0x08,0xa5,0x08,
    0xa5,0x08,0xa5,0x08,0xa5,0x08,0xa5,0x08,0xa5,0x08,0xa5,0x08,0xa5,0x08,0xa5,0x08,
    0xa5,0x08,0xa5,0x08,0xa5,0x08,0xa5,0x08,0xa5,0x08,0xa5,0x08,0xa5,0x08,0xa5,0x08,
    0xa5,0x08,0xa5,0x08,0xa5,0x08,0xa5,0x08,0xa5,0x08,0xa5,0x08,0xa5,0x08,0xa5,0x08,
    0xa5,0x08,0xa5,0x08,0xa5,0x08,0xa5,0x08,0xa5,0x08,0xa5,0x08,0xa5,0x08,0xa5,0x08,
    0xa5,0x08,0xa5,0x08,0xa5,0x08,0xa5,0x08,0xa5,0x08,0xa5,0x08,0xa5,0x08,0xa5,0x08,
    0xa5,0x08,0xa5,0x08,0xa5,0x08,0xa5,0x08,0xa5,0x08,0xa5,0x08,0xa5,0x08,0xa5,0x08,
    0xa5,0x08,0xa5,0x08,0xa5,0x08,0xa5,0x08,0xa5,0x08,0xa5,0x08,0xa5,0x08,0xa5,0x08,
    0xa5,0x08,0xa5,0x08,0xa5,0x08,0xa5,0x08,0xa5,0x08,0xa5,0x08,0xa5,0x08,0xa5,0x08,
    0xa5,0x08,0xa5,0x08,0xa5,0x08,0xa5,0x08,0xa5,0x08,0xa5,0x08,0xa5,0x08,0xa5,0x08,
    0xa5,0x08,0xa5,0x08,0xa5,0x08,0xa5,0x08,0xa5,0x08,0xa5,0x08,0xa5,0x08,0xa5,0x08,
    0xa5,0x08,0xa5,0x08,0xa5,0x08,0xa5,0x08,0xa5,0x08,0xa5,0x08,0xa5,0x08,0xa5,0x08,
    0xa5,0x08,0xa5,0x08,0xa5,0x08,0xa5,0x08,0xa5,0x08,0xa5,0x08,0xa5,0x08,0xa5,0x08,
    0xa5,0x08,0xa5,0x08,0xa5,0x08,0xa5,0x08,0xa5,0x08,0xa5,0x08,0xa5,0x08,0xa5,0x08,
    0xa5,0x08,0xa5,0x08,0xa5,0x08,0xa5,0x08,0xa5,0x08,0xa5,0x08,0xa5,0x08,0xa5,0x08,
    0xa5,0x08,0xa5,0x08,0xa5,0x08,0xa5,0x08,0xa5,0x08,0xa5,0x08,0xa5,0x08,0xa5,0x08,
    0xa5,0x08,0xa5,0x08,0xa5,0x08,0xa5,0x08,0xa5,0x08,0xa5,0x08,0xa5,0x08,0xa5,0x08,
    0xa5,0x08,0xa5,0x08,0xa5,0x08,0xa5,0x08,0xa5,0x08,0xa5,0x08,0xa5,0x08,0xa5,0x08,
    0xa5,0x08,0xa5,0x08,0xa5,0x08,0xa5,0x08,0xa5,0x08,0xa5,0x08,0xa5,0x08,0xa5,0x08,
    0xa5,0x08,0xa5,0x08,0xa5,0x08,0xa5,0x08,0xa5,0x08,0xa5,0x08,0xa5,0x08,0xc5,0x10,
    0xa5,0x08,0xa5,0x08,0x84,0x92,0xc4,0xfb,0x84,0xf3,0x85,0xf3,0x85,0xf3,0x65,0xf3,
    0x65,0xf3,0x65,0xf3,0x65,0xf3,0x65,0xf3,0x65,0xf3,0x45,0xeb,0x65,0xfb,0x45,0xeb,
    0x25,0x31,0x85,0x00,0xc5,0x10,0xa5,0x08,0xa5,0x08,0xa5,0x08,0xa5,0x08,0xa5,0x08,
    0xa5,0x08,0xa5,0x08,0xa5,0x08,0xa5,0x08,0xa5,0x08,0xa5,0x08,0xa5,0x08,0xa5,0x08,
    0xa5,0x08,0xa5,0x08,0xa5,0x08,0xa5,0x08,0xa5,0x08,0xa5,0x08,0xa5,0x08,0xa5,0x08,
    0xa5,0x08,0xa5,0x08,0xa5,0x08,0xa5,0x08,0xa5,0x08,0xa5,0x08,0xa5,0x08,0xa5,0x08,
    0xa5,0x08,0xa5,0x08,0xa5,0x08,0xa5,0x08,0xa5,0x08,0xa5,0x08,0xa5,0x08,0xa5,0x08,
    0xa5,0x08,0xa5,0x08,0xa5,0x08,0xa5,0x08,0xa5,0x08,0xa5,0x08,0xa5,0x08,0xa5,0x08,
    0xa5,0x08,0xa5,0x08,0xa5,0x08,0xa5,0x08,0xa5,0x08,0xa5,0x08,0xa5,0x08,0xa5,0x08,
    0xa5,0x08,0xa5,0x08,0xa5,0x08,0xa5,0x08,0xa5,0x08,0xa5,0x08,0xa5,0x08,0xa5,0x08,
    0xa5,0x08,0xa5,0x08,0xa5,0x08,0xa5,0x08,0xa5,0x08,0xa5,0x08,0xa5,0x08,0xa5,0x08,
    0xa5,0x08,0xa5,0x08,0xa5,0x08,0xa5,0x08,0xa5,0x08,0xa5,0x08,0xa5,0x08,0xa5,0x08,
    0xa5,0x08,0xa5,0x08,0xa5,0x08,0xa5,0x08,0xa5,0x08,0xa5,0x08,0xa5,0x08,0xa5,0x08,
    0xa5,0x08,0xa5,0x08,0xa5,0x08,0xa5,0x08,0xa5,0x08,0xa5,0x08,0xa5,0x08,0xa5,0x08,
    0xa5,0x08,0xa5,0x08,0xa5,0x08,0xa5,0x08,0xa5,0x08,0xa5,0x08,0xa5,0x08,0xa5,0x08,
    0xa5,0x08,0xa5,0x08,0xa5,0x08,0xa5,0x08,0xa5,0x08,0xa5,0x08,0xa5,0x08,0xa5,0x08,
    0xa5,0x08,0xa5,0x08,0xa5,0x08,0xa5,0x08,0xa5,0x08,0xa5,0x08,0xa5,0x08,0xa5,0x08,
    0xa5,0x08,0xa5,0x08,0xa5,0x08,0xa5,0x08,0xa5,0x08,0xa5,0x08,0xa5,0x08,0xa5,0x08,
    0xa5,0x08,0xa5,0x08,0xa5,0x08,0xa5,0x08,0xa5,0x08,0xa5,0x08,0xa5,0x08,0xa5,0x08,
    0xa5,0x08,0xa5,0x08,0xa5,0x08,0xa5,0x08,0xa5,0x08,0xa5,0x08,0xa5,0x08,0xa5,0x08,
    0xa5,0x08,0xa5,0x08,0xa5,0x08,0xa5,0x08,0xa5,0x08,0xa5,0x08,0xa5,0x08,0xa5,0x08,
    0xa5,0x08,0xa5,0x08,0xa5,0x08,0xa5,0x08,0xa5,0x08,0xa5,0x08,0xa5,0x08,0xa5,0x08,
    0xa5,0x08,0xa5,0x08,0xa5,0x08,0xa5,0x08,0xa5,0x08,0xa5,0x08,0xa5,0x08,0xa5,0x08,
    0xa5,0x08,0xa5,0x08,0xa5,0x08,0xa5,0x08,0xa5,0x08,0xa5,0x08,0xa5,0x08,0xa5,0x08,
    0xa5,0x08,0xa5,0x08,0xa5,0x08,0xa5,0x08,0xa5,0x08,0xa5,0x08,0xa5,0x08,0xa5,0x08,
    0xa5,0x08,0xa5,0x08,0xa5,0x08,0xa5,0x08,0xa5,0x08,0xa5,0x08,0xa5,0x08,0xa5,0x08,
    0xa5,0x08,0xa5,0x08,0xa5,0x08,0xa5,0x08,0xa5,0x08,0xa5,0x08,0xa5,0x08,0xa5,0x08,
    0xa5,0x08,0xa5,0x08,0xa5,0x08,0xa5,0x08,0xc5,0x10,0xa5,0x08,0x85,0x00,0xe5,0x69,
    0xc4,0xfb,0x85,0xf3,0x65,0xf3,0x65,0xf3,0x65,0xf3,0x65,0xf3,0x65,0xf3,0x45,0xf3,
    0x45,0xf3,0x45,0xf3,0x45,0xeb,0x65,0xfb,0xe5,0xca,0xc5,0x18,0xa5,0x08,0xa5,0x10,
    0xa5,0x08,0xa5,0x08,0xa5,0x08,0xa5,0x08,0xa5,0x08,0xa5,0x08,0xa5,0x08,0xa5,0x08,
    0xa5,0x08,0xa5,0x08,0xa5,0x08,0xa5,0x08,0xa5,0x08,0xa5,0x08,0xa5,0x08,0xa5,0x08,
    0xa5,0x08,0xa5,0x08,0xa5,0x08,0xa5,0x08,0xa5,0x08,0xa5,0x08,0xa5,0x08,0xa5,0x08,
    0xa5,0x08,0xa5,0x08,0xa5,0x08,0xa5,0x08,0xa5,0x08,0xa5,0x08,0xa5,0x08,0xa5,0x08,
    0xa5,0x08,0xa5,0x08,0xa5,0x08,0xa5,0x08,0xa5,0x08,0xa5,0x08,0xa5,0x08,0xa5,0x08,
    0xa5,0x08,0xa5,0x08,0xa5,0x08,0xa5,0x08,0xa5,0x08,0xa5,0x08,0xa5,0x08,0xa5,0x08,
    0xa5,0x08,0xa5,0x08,0xa5,0x08,0xa5,0x08,0xa5,0x08,0xa5,0x08,0xa5,0x08,0xa5,0x08,
    0xa5,0x08,0xa5,0x08,0xa5,0x08,0xa5,0x08,0xa5,0x08,0xa5,0x08,0xa5,0x08,0xa5,0x08,
    0xa5,0x08,0xa5,0x08,0xa5,0x08,0xa5,0x08,0xa5,0x08,0xa5,0x08,0xa5,0x08,0xa5,0x08,
    0xa5,0x08,0xa5,0x08,0xa5,0x08,0xa5,0x08,0xa5,0x08,0xa5,0x08,0xa5,0x08,0xa5,0x08,
    0xa5,0x08,0xa5,0x08,0xa5,0x08,0xa5,0x08,0xa5,0x08,0xa5,0x08,0xa5,0x08,0xa5,0x08,
    0xa5,0x08,0xa5,0x08,0xa5,0x08,0xa5,0x08,0xa5,0x08,0xa5,0x08,0xa5,0x08,0xa5,0x08,
    0xa5,0x08,0xa5,0x08,0xa5,0x08,0xa5,0x08,0xa5,0x08,0xa5,0x08,0xa5,0x08,0xa5,0x08,
    0xa5,0x08,0xa5,0x08,0xa5,0x08,0xa5,0x08,0xa5,0x08,0xa5,0x08,0xa5,0x08,0xa5,0x08,
    0xa5,0x08,0xa5,0x08,0xa5,0x08,0xa5,0x08,0xa5,0x08,0xa5,0x08,0xa5,0x08,0xa5,0x08,
    0xa5,0x08,0xa5,0x08,0xa5,0x08,0xa5,0x08,0xa5,0x08,0xa5,0x08,0xa5,0x08,0xa5,0x08,
    0xa5,0x08,0xa5,0x08,0xa5,0x08,0xa5,0x08,0xa5,0x08,0xa5,0x08,0xa5,0x08,0xa5,0x08,
    0xa5,0x08,0xa5,0x08,0xa5,0x08,0xa5,0x08,0xa5,0x08,0xa5,0x08,0xa5,0x08,0xa5,0x08,
    0xa5,0x08,0xa5,0x08,0xa5,0x08,0xa5,0x08,0xa5,0x08,0xa5,0x08,0xa5,0x08,0xa5,0x08,
    0xa5,0x08,0xa5,0x08,0xa5,0x08,0xa5,0x08,0xa5,0x08,0xa5,0x08,0xa5,0x08,0xa5,0x08,
    0xa5,0x08,0xa5,0x08,0xa5,0x08,0xa5,0x08,0xa5,0x08,0xa5,0x08,0xa5,0x08,0xa5,0x08,
    0xa5,0x08,0xa5,0x08,0xa5,0x08,0xa5,0x08,0xa5,0x08,0xa5,0x08,0xa5,0x08,0xa5,0x08,
    0xa5,0x08,0xa5,0x08,0xa5,0x08,0xa5,0x08,0xa5,0x08,0xa5,0x08,0xa5,0x08,0xa5,0x08,
    0xa5,0x08,0xa5,0x08,0xa5,0x08,0xa5,0x08,0xa5,0x08,0xa5,0x08,0xa5,0x08,0xa5,0x08,
    0xa5,0x08,0xa5,0x08,0xa5,0x08,0xa5,0x08,0xa5,0x08,0xa5,0x08,0xa5,0x08,0xa5,0x08,
    0xa5,0x08,0xa5,0x10,0xc5,0x10,0x65,0x00,0xc5,0x69,0xa4,0xfb,0x65,0xf3,0x65,0xf3,
    0x65,0xf3,0x65,0xf3,0x45,0xf3,0x45,0xf3,0x45,0xf3,0x45,0xf3,0x45,0xf3,0x45,0xeb,
    0x85,0xfb,0xa5,0xb2,0x85,0x00,0xc5,0x10,0xa5,0x08,0xa5,0x08,0xa5,0x08,0xa5,0x08,
    0xa5,0x08,0xa5,0x08,0xa5,0x08,0xa5,0x08,0xa5,0x08,0xa5,0x08,0xa5,0x08,0xa5,0x08,
    0xa5,0x08,0xa5,0x08,0xa5,0x08,0xa5,0x08,0xa5,0x08,0xa5,0x08,0xa5,0x08,0xa5,0x08,
    0xa5,0x08,0xa5,0x08,0xa5,0x08,0xa5,0x08,0xa5,0x08,0xa5,0x08,0xa5,0x08,0xa5,0x08,
    0xa5,0x08,0xa5,0x08,0xa5,0x08,0xa5,0x08,0xa5,0x08,0xa5,0x08,0xa5,0x08,0xa5,0x08,
    0xa5,0x08,0xa5,0x08,0xa5,0x08,0xa5,0x08,0xa5,0x08,0xa5,0x08,0xa5,0x08,0xa5,0x08,
    0xa5,0x08,0xa5,0x08,0xa5,0x08,0xa5,0x08,0xa5,0x08,0xa5,0x08,0xa5,0x08,0xa5,0x08,
    0xa5,0x08,0xa5,0x08,0xa5,0x08,0xa5,0x08,0xa5,0x08,0xa5,0x08,0xa5,0x08,0xa5,0x08,
    0xa5,0x08,0xa5,0x08,0xa5,0x08,0xa5,0x08,0xa5,0x08,0xa5,0x08,0xa5,0x08,0xa5,0x08,
    0xa5,0x08,0xa5,0x08,0xa5,0x08,0xa5,0x08,0xa5,0x08,0xa5,0x08,0xa5,0x08,0xa5,0x08,
    0xa5,0x08,0xa5,0x08,0xa5,0x08,0xa5,0x08,0xa5,0x08,0xa5,0x08,0xa5,0x08,0xa5,0x08,
    0xa5,0x08,0xa5,0x08,0xa5,0x08,0xa5,0x08,0xa5,0x08,0xa5,0x08,0xa5,0x08,0xa5,0x08,
    0xa5,0x08,0xa5,0x08,0xa5,0x08,0xa5,0x08,0xa5,0x08,0xa5,0x08,0xa5,0x08,0xa5,0x08,
    0xa5,0x08,0xa5,0x08,0xa5,0x08,0xa5,0x08,0xa5,0x08,0xa5,0x08,0xa5,0x08,0xa5,0x08,
    0xa5,0x08,0xa5,0x08,0xa5,0x08,0xa5,0x08,0xa5,0x08,0xa5,0x08,0xa5,0x08,0xa5,0x08,
    0xa5,0x08,0xa5,0x08,0xa5,0x08,0xa5,0x08,0xa5,0x08,0xa5,0x08,0xa5,0x08,0xa5,0x08,
    0xa5,0x08,0xa5,0x08,0xa5,0x08,0xa5,0x08,0xa5,0x08,0xa5,0x08,0xa5,0x08,0xa5,0x08,
    0xa5,0x08,0xa5,0x08,0xa5,0x08,0xa5,0x08,0xa5,0x08,0xa5,0x08,0xa5,0x08,0xa5,0x08,
    0xa5,0x08,0xa5,0x08,0xa5,0x08,0xa5,0x08,0xa5,0x08,0xa5,0x08,0xa5,0x08,0xa5,0x08,
    0xa5,0x08,0xa5,0x08,0xa5,0x08,0xa5,0x08,0xa5,0x08,0xa5,0x08,0xa5,0x08,0xa5,0x08,
    0xa5,0x08,0xa5,0x08,0xa5,0x08,0xa5,0x08,0xa5,0x08,0xa5,0x08,0xa5,0x08,0xa5,0x08,
    0xa5,0x08,0xa5,0x08,0xa5,0x08,0xa5,0x08,0xa5,0x08,0xa5,0x08,0xa5,0x08,0xa5,0x08,
    0xa5,0x08,0xa5,0x08,0xa5,0x08,0xa5,0x08,0xa5,0x08,0xa5,0x08,0xa5,0x08,0xa5,0x08,
    0xa5,0x08,0xa5,0x08,0xa5,0x08,0xa5,0x08,0xa5,0x08,0xa5,0x08,0xa5,0x08,0xa5,0x08,
    0xa5,0x08,0xa5,0x08,0xa5,0x08,0xa5,0x08,0xa5,0x08,0xa5,0x08,0xa5,0x08,0xa5,0x08,
    0xa5,0x08,0xa5,0x08,0xa5,0x08,0xa5,0x08,0xa5,0x08,0xa5,0x08,0xa5,0x08,0xc5,0x10,
    0x65,0x00,0x25,0x82,0xc5,0xfb,0x65,0xeb,0x65,0xf3,0x45,0xf3,0x45,0xf3,0x45,0xf3,
    0x45,0xf3,0x45,0xf3,0x45,0xf3,0x45,0xf3,0x25,0xeb,0x65,0xfb,0xc5,0x69,0x85,0x00,
    0xc5,0x10,0xa5,0x08,0xa5,0x08,0xa5,0x08,0xa5,0x08,0xa5,0x08,0xa5,0x08,0xa5,0x08,
    0xa5,0x08,0xa5,0x08,0xa5,0x08,0xa5,0x08,0xa5,0x08,0xa5,0x08,0xa5,0x08,0xa5,0x08,
    0xa5,0x08,0xa5,0x08,0xa5,0x08,0xa5,0x08,0xa5,0x08,0xa5,0x08,0xa5,0x08,0xa5,0x08,
    0xa5,0x08,0xa5,0x08,0xa5,0x08,0xa5,0x08,0xa5,0x08,0xa5,0x08,0xa5,0x08,0xa5,0x08,
    0xa5,0x08,0xa5,0x08,0xa5,0x08,0xa5,0x08,0xa5,0x08,0xa5,0x08,0xa5,0x08,0xa5,0x08,
    0xa5,0x08,0xa5,0x08,0xa5,0x08,0xa5,0x08,0xa5,0x08,0xa5,0x08,0xa5,0x08,0xa5,0x08,
    0xa5,0x08,0xa5,0x08,0xa5,0x08,0xa5,0x08,0xa5,0x08,0xa5,0x08,0xa5,0x08,0xa5,0x08,
    0xa5,0x08,0xa5,0x08,0xa5,0x08,0xa5,0x08,0xa5,0x08,0xa5,0x08,0xa5,0x08,0xa5,0x08,
    0xa5,0x08,0xa5,0x08,0xa5,0x08,0xa5,0x08,0xa5,0x08,0xa5,0x08,0xa5,0x08,0xa5,0x08,
    0xa5,0x08,0xa5,0x08,0xa5,0x08,0xa5,0x08,0xa5,0x08,0xa5,0x08,0xa5,0x08,0xa5,0x08,
    0xa5,0x08,0xa5,0x08,0xa5,0x08,0xa5,0x08,0xa5,0x08,0xa5,0x08,0xa5,0x08,0xa5,0x08,
    0xa5,0x08,0xa5,0x08,0xa5,0x08,0xa5,0x08,0xa5,0x08,0xa5,0x08,0xa5,0x08,0xa5,0x08,
    0xa5,0x08,0xa5,0x08,0xa5,0x08,0xa5,0x08,0xa5,0x08,0xa5,0x08,0xa5,0x08,0xa5,0x08,
    0xa5,0x08,0xa5,0x08,0xa5,0x08,0xa5,0x08,0xa5,0x08,0xa5,0x08,0xa5,0x08,0xa5,0x08,
    0xa5,0x08,0xa5,0x08,0xa5,0x08,0xa5,0x08,0xa5,0x08,0xa5,0x08,0xa5,0x08,0xa5,0x08,
    0xa5,0x08,0xa5,0x08,0xa5,0x08,0xa5,0x08,0xa5,0x08,0xa5,0x08,0xa5,0x08,0xa5,0x08,
    0xa5,0x08,0xa5,0x08,0xa5,0x08,0xa5,0x08,0xa5,0x08,0xa5,0x08,0xa5,0x08,0xa5,0x08,
    0xa5,0x08,0xa5,0x08,0xa5,0x08,0xa5,0x08,0xa5,0x08,0xa5,0x08,0xa5,0x08,0xa5,0x08,
    0xa5,0x08,0xa5,0x08,0xa5,0x08,0xa5,0x08,0xa5,0x08,0xa5,0x08,0xa5,0x08,0xa5,0x08,
    0xa5,0x08,0xa5,0x08,0xa5,0x08,0xa5,0x08,0xa5,0x08,0xa5,0x08,0xa5,0x08,0xa5,0x08,
    0xa5,0x08,0xa5,0x08,0xa5,0x08,0xa5,0x08,0xa5,0x08,0xa5,0x08,0xa5,0x08,0xa5,0x08,
    0xa5,0x08,0xa5,0x08,0xa5,0x08,0xa5,0x08,0xa5,0x08,0xa5,0x08,0xa5,0x08,0xa5,0x08,
    0xa5,0x08,0xa5,0x08,0xa5,0x08,0xa5,0x08,0xa5,0x08,0xa5,0x08,0xa5,0x08,0xa5,0x08,
    0xa5,0x08,0xa5,0x08,0xa5,0x08,0xa5,0x08,0xa5,0x08,0xa5,0x08,0xa5,0x08,0xa5,0x08,
    0xa5,0x08,0xa5,0x08,0xa5,0x08,0xa5,0x08,0xa5,0x08,0xa5,0x08,0xa5,0x08,0xa5,0x08,
    0xa5,0x08,0xa5,0x08,0xa5,0x08,0xa5,0x10,0xc5,0x10,0x85,0x00,0x65,0x9a,0xa5,0xfb,
    0x45,0xeb,0x45,0xf3,0x45,0xf3,0x45,0xf3,0x45,0xf3,0x45,0xf3,0x45,0xf3,0x45,0xf3,
    0x45,0xf3,0x45,0xf3,0x45,0xf3,0x45,0x39,0x85,0x00,0xc5,0x10,0xa5,0x08,0xa5,0x08,
    0xa5,0x08,0xa5,0x08,0xa5,0x08,0xa5,0x08,0xa5,0x08,0xa5,0x08,0xa5,0x08,0xa5,0x08,
    0xa5,0x08,0xa5,0x08,0xa5,0x08,0xa5,0x08,0xa5,0x08,0xa5,0x08,0xa5,0x08,0xa5,0x08,
    0xa5,0x08,0xa5,0x08,0xa5,0x08,0xa5,0x08,0xa5,0x08,0xa5,0x08,0xa5,0x08,0xa5,0x08,
    0xa5,0x08,0xa5,0x08,0xa5,0x08,0xa5,0x08,0xa5,0x08,0xa5,0x08,0xa5,0x08,0xa5,0x08,
    0xa5,0x08,0xa5,0x08,0xa5,0x08,0xa5,0x08,0xa5,0x08,0xa5,0x08,0xa5,0x08,0xa5,0x08,
    0xa5,0x08,0xa5,0x08,0xa5,0x08,0xa5,0x08,0xa5,0x08,0xa5,0x08,0xa5,0x08,0xa5,0x08,
    0xa5,0x08,0xa5,0x08,0xa5,0x08,0xa5,0x08,0xa5,0x08,0xa5,0x08,0xa5,0x08,0xa5,0x08,
    0xa5,0x08,0xa5,0x08,0xa5,0x08,0xa5,0x08,0xa5,0x08,0xa5,0x08,0xa5,0x08,0xa5,0x08,
    0xa5,0x08,0xa5,0x08,0xa5,0x08,0xa5,0x08,0xa5,0x08,0xa5,0x08,0xa5,0x08,0xa5,0x08,
    0xa5,0x08,0xa5,0x08,0xa5,0x08,0xa5,0x08,0xa5,0x08,0xa5,0x08,0xa5,0x08,0xa5,0x08,
    0xa5,0x08,0xa5,0x08,0xa5,0x08,0xa5,0x08,0xa5,0x08,0xa5,0x08,0xa5,0x08,0xa5,0x08,
    0xa5,0x08,0xa5,0x08,0xa5,0x08,0xa5,0x08,0xa5,0x08,0xa5,0x08,0xa5,0x08,0xa5,0x08,
    0xa5,0x08,0xa5,0x08,0xa5,0x08,0xa5,0x08,0xa5,0x08,0xa5,0x08,0xa5,0x08,0xa5,0x08,
    0xa5,0x08,0xa5,0x08,0xa5,0x08,0xa5,0x08,0xa5,0x08,0xa5,0x08,0xa5,0x08,0xa5,0x08,
    0xa5,0x08,0xa5,0x08,0xa5,0x08,0xa5,0x08,0xa5,0x08,0xa5,0x08,0xa5,0x08,0xa5,0x08,
    0xa5,0x08,0xa5,0x08,0xa5,0x08,0xa5,0x08,0xa5,0x08,0xa5,0x08,0xa5,0x08,0xa5,0x08,
    0xa5,0x08,0xa5,0x08,0xa5,0x08,0xa5,0x08,0xa5,0x08,0xa5,0x08,0xa5,0x08,0xa5,0x08,
    0xa5,0x08,0xa5,0x08,0xa5,0x08,0xa5,0x08,0xa5,0x08,0xa5,0x08,0xa5,0x08,0xa5,0x08,
    0xa5,0x08,0xa5,0x08,0xa5,0x08,0xa5,0x08,0xa5,0x08,0xa5,0x08,0xa5,0x08,0xa5,0x08,
    0xa5,0x08,0xa5,0x08,0xa5,0x08,0xa5,0x08,0xa5,0x08,0xa5,0x08,0xa5,0x08,0xa5,0x08,
    0xa5,0x08,0xa5,0x08,0xa5,0x08,0xa5,0x08,0xa5,0x08,0xa5,0x08,0xa5,0x08,0xa5,0x08,
    0xa5,0x08,0xa5,0x08,0xa5,0x08,0xa5,0x08,0xa5,0x08,0xa5,0x08,0xa5,0x08,0xa5,0x08,
    0xa5,0x08,0xa5,0x08,0xa5,0x08,0xa5,0x08,0xa5,0x08,0xa5,0x08,0xa5,0x08,0xa5,0x08,
    0xa5,0x08,0xa5,0x08,0xa5,0x08,0xa5,0x08,0xa5,0x08,0xa5,0x08,0xa5,0x08,0xa5,0x08,
    0xa5,0x08,0xa5,0x08,0xa5,0x08,0xa5,0x08,0xa5,0x08,0xa5,0x08,0xa5,0x08,0xa5,0x08,
    0xa5,0x10,0xa5,0x08,0x85,0x00,0x65,0x9a,0x85,0xfb,0x45,0xeb,0x45,0xf3,0x45,0xf3,
    0x45,0xf3,0x45,0xf3,0x45,0xf3,0x25,0xf3,0x25,0xf3,0x25,0xeb,0x45,0xfb,0xe5,0xd2,
    0xc5,0x10,0xa5,0x08,0xa5,0x10,0xa5,0x08,0xa5,0x08,0xa5,0x08,0xa5,0x08,0xa5,0x08,
    0xa5,0x08,0xa5,0x08,0xa5,0x08,0xa5,0x08,0xa5,0x08,0xa5,0x08,0xa5,0x08,0xa5,0x08,
    0xa5,0x08,0xa5,0x08,0xa5,0x08,0xa5,0x08,0xa5,0x08,0xa5,0x08,0xa5,0x08,0xa5,0x08,
    0xa5,0x08,0xa5,0x08,0xa5,0x08,0xa5,0x08,0xa5,0x08,0xa5,0x08,0xa5,0x08,0xa5,0x08,
    0xa5,0x08,0xa5,0x08,0xa5,0x08,0xa5,0x08,0xa5,0x08,0xa5,0x08,0xa5,0x08,0xa5,0x08,
    0xa5,0x08,0xa5,0x08,0xa5,0x08,0xa5,0x08,0xa5,0x08,0xa5,0x08,0xa5,0x08,0xa5,0x08,
    0xa5,0x08,0xa5,0x08,0xa5,0x08,0xa5,0x08,0xa5,0x08,0xa5,0x08,0xa5,0x08,0xa5,0x08,
    0xa5,0x08,0xa5,0x08,0xa5,0x08,0xa5,0x08,0xa5,0x08,0xa5,0x08,0xa5,0x08,0xa5,0x08,
    0xa5,0x08,0xa5,0x08,0xa5,0x08,0xa5,0x08,0xa5,0x08,0xa5,0x08,0xa5,0x08,0xa5,0x08,
    0xa5,0x08,0xa5,0x08,0xa5,0x08,0xa5,0x08,0xa5,0x08,0xa5,0x08,0xa5,0x08,0xa5,0x08,
    0xa5,0x08,0xa5,0x08,0xa5,0x08,0xa5,0x08,0xa5,0x08,0xa5,0x08,0xa5,0x08,0xa5,0x08,
    0xa5,0x08,0xa5,0x08,0xa5,0x08,0xa5,0x08,0xa5,0x08,0xa5,0x08,0xa5,0x08,0xa5,0x08,
    0xa5,0x08,0xa5,0x08,0xa5,0x08,0xa5,0x08,0xa5,0x08,0xa5,0x08,0xa5,0x08,0xa5,0x08,
    0xa5,0x08,0xa5,0x08,0xa5,0x08,0xa5,0x08,0xa5,0x08,0xa5,0x08,0xa5,0x08,0xa5,0x08,
    0xa5,0x08,0xa5,0x08,0xa5,0x08,0xa5,0x08,0xa5,0x08,0xa5,0x08,0xa5,0x08,0xa5,0x08,
    0xa5,0x08,0xa5,0x08,0xa5,0x08,0xa5,0x08,0xa5,0x08,0xa5,0x08,0xa5,0x08,0xa5,0x08,
    0xa5,0x08,0xa5,0x08,0xa5,0x08,0xa5,0x08,0xa5,0x08,0xa5,0x08,0xa5,0x08,0xa5,0x08,
    0xa5,0x08,0xa5,0x08,0xa5,0x08,0xa5,0x08,0xa5,0x08,0xa5,0x08,0xa5,0x08,0xa5,0x08,
    0xa5,0x08,0xa5,0x08,0xa5,0x08,0xa5,0x08,0xa5,0x08,0xa5,0x08,0xa5,0x08,0xa5,0x08,
    0xa5,0x08,0xa5,0x08,0xa5,0x08,0xa5,0x08,0xa5,0x08,0xa5,0x08,0xa5,0x08,0xa5,0x08,
    0xa5,0x08,0xa5,0x08,0xa5,0x08,0xa5,0x08,0xa5,0x08,0xa5,0x08,0xa5,0x08,0xa5,0x08,
    0xa5,0x08,0xa5,0x08,0xa5,0x08,0xa5,0x08,0xa5,0x08,0xa5,0x08,0xa5,0x08,0xa5,0x08,
    0xa5,0x08,0xa5,0x08,0xa5,0x08,0xa5,0x08,0xa5,0x08,0xa5,0x08,0xa5,0x08,0xa5,0x08,
    0xa5,0x08,0xa5,0x08,0xa5,0x08,0xa5,0x08,0xa5,0x08,0xa5,0x08,0xa5,0x08,0xa5,0x08,
    0xa5,0x08,0xa5,0x08,0xa5,0x08,0xa5,0x08,0xa5,0x08,0xa5,0x08,0xa5,0x08,0xa5,0x08,
    0xa5,0x08,0xa5,0x08,0xa5,0x08,0xa5,0x08,0xa5,0x08,0xc5,0x10,0xa5,0x08,0x85,0x00,
    0xa5,0xba,0x85,0xfb,0x25,0xeb,0x45,0xf3,0x45,0xf3,0x25,0xf3,0x25,0xf3,0x25,0xf3,
    0x25,0xf3,0x25,0xf3,0x25,0xeb,0x65,0xfb,0x25,0x92,0x85,0x00,0xc5,0x10,0xa5,0x08,
    0xa5,0x08,0xa5,0x08,0xa5,0x08,0xa5,0x08,0xa5,0x08,0xa5,0x08,0xa5,0x08,0xa5,0x08,
    0xa5,0x08,0xa5,0x08,0xa5,0x08,0xa5,0x08,0xa5,0x08,0xa5,0x08,0xa5,0x08,0xa5,0x08,
    0xa5,0x08,0xa5,0x08,0xa5,0x08,0xa5,0x08,0xa5,0x08,0xa5,0x08,0xa5,0x08,0xa5,0x08,
    0xa5,0x08,0xa5,0x08,0xa5,0x08,0xa5,0x08,0xa5,0x08,0xa5,0x08,0xa5,0x08,0xa5,0x08,
    0xa5,0x08,0xa5,0x08,0xa5,0x08,0xa5,0x08,0xa5,0x08,0xa5,0x08,0xa5,0x08,0xa5,0x08,
    0xa5,0x08,0xa5,0x08,0xa5,0x08,0xa5,0x08,0xa5,0x08,0xa5,0x08,0xa5,0x08,0xa5,0x08,
    0xa5,0x08,0xa5,0x08,0xa5,0x08,0xa5,0x08,0xa5,0x08,0xa5,0x08,0xa5,0x08,0xa5,0x08,
    0xa5,0x08,0xa5,0x08,0xa5,0x08,0xa5,0x08,0xa5,0x08,0xa5,0x08,0xa5,0x08,0xa5,0x08,
    0xa5,0x08,0xa5,0x08,0xa5,0x08,0xa5,0x08,0xa5,0x08,0xa5,0x08,0xa5,0x08,0xa5,0x08,
    0xa5,0x08,0xa5,0x08,0xa5,0x08,0xa5,0x08,0xa5,0x08,0xa5,0x08,0xa5,0x08,0xa5,0x08,
    0xa5,0x08,0xa5,0x08,0xa5,0x08,0xa5,0x08,0xa5,0x08,0xa5,0x08,0xa5,0x08,0xa5,0x08,
    0xa5,0x08,0xa5,0x08,0xa5,0x08,0xa5,0x08,0xa5,0x08,0xa5,0x08,0xa5,0x08,0xa5,0x08,
    0xa5,0x08,0xa5,0x08,0xa5,0x08,0xa5,0x08,0xa5,0x08,0xa5,0x08,0xa5,0x08,0xa5,0x08,
    0xa5,0x08,0xa5,0x08,0xa5,0x08,0xa5,0x08,0xa5,0x08,0xa5,0x08,0xa5,0x08,0xa5,0x08,
    0xa5,0x08,0xa5,0x08,0xa5,0x08,0xa5,0x08,0xa5,0x08,0xa5,0x08,0xa5,0x08,0xa5,0x08,
    0xa5,0x08,0xa5,0x08,0xa5,0x08,0xa5,0x08,0xa5,0x08,0xa5,0x08,0xa5,0x08,0xa5,0x08,
    0xa5,0x08,0xa5,0x08,0xa5,0x08,0xa5,0x08,0xa5,0x08,0xa5,0x08,0xa5,0x08,0xa5,0x08,
    0xa5,0x08,0xa5,0x08,0xa5,0x08,0xa5,0x08,0xa5,0x08,0xa5,0x08,0xa5,0x08,0xa5,0x08,
    0xa5,0x08,0xa5,0x08,0xa5,0x08,0xa5,0x08,0xa5,0x08,0xa5,0x08,0xa5,0x08,0xa5,0x08,
    0xa5,0x08,0xa5,0x08,0xa5,0x08,0xa5,0x08,0xa5,0x08,0xa5,0x08,0xa5,0x08,0xa5,0x08,
    0xa5,0x08,0xa5,0x08,0xa5,0x08,0xa5,0x08,0xa5,0x08,0xa5,0x08,0xa5,0x08,0xa5,0x08,
    0xa5,0x08,0xa5,0x08,0xa5,0x08,0xa5,0x08,0xa5,0x08,0xa5,0x08,0xa5,0x08,0xa5,0x08,
    0xa5,0x08,0xa5,0x08,0xa5,0x08,0xa5,0x08,0xa5,0x08,0xa5,0x08,0xa5,0x08,0xa5,0x08,
    0xa5,0x08,0xa5,0x08,0xa5,0x08,0xa5,0x08,0xa5,0x08,0xa5,0x08,0xa5,0x08,0xa5,0x08,
    0xa5,0x08,0xa5,0x08,0xa5,0x08,0xa5,0x08,0xa5,0x08,0xa5,0x08,0xa5,0x08,0xa5,0x08,
    0xa5,0x08,0xa5,0x08,0xc5,0x10,0xa5,0x08,0xc5,0x18,0xe5,0xca,0x65,0xfb,0x25,0xeb,
    0x45,0xf3,0x25,0xf3,0x25,0xf3,0x25,0xf3,0x25,0xf3,0x25,0xf3,0x25,0xf3,0x25,0xf3,
    0x25,0xf3,0x05,0x31,0xa5,0x08,0xc5,0x10,0xa5,0x08,0xa5,0x08,0xa5,0x08,0xa5,0x08,
    0xa5,0x08,0xa5,0x08,0xa5,0x08,0xa5,0x08,0xa5,0x08,0xa5,0x08,0xa5,0x08,0xa5,0x08,
    0xa5,0x08,0xa5,0x08,0xa5,0x08,0xa5,0x08,0xa5,0x08,0xa5,0x08,0xa5,0x08,0xa5,0x08,
    0xa5,0x08,0xa5,0x08,0xa5,0x08,0xa5,0x08,0xa5,0x08,0xa5,0x08,0xa5,0x08,0xa5,0x08,
    0xa5,0x08,0xa5,0x08,0xa5,0x08,0xa5,0x08,0xa5,0x08,0xa5,0x08,0xa5,0x08,0xa5,0x08,
    0xa5,0x08,0xa5,0x08,0xa5,0x08,0xa5,0x08,0xa5,0x08,0xa5,0x08,0xa5,0x08,0xa5,0x08,
    0xa5,0x08,0xa5,0x08,0xa5,0x08,0xa5,0x08,0xa5,0x08,0xa5,0x08,0xa5,0x08,0xa5,0x08,
    0xa5,0x08,0xa5,0x08,0xa5,0x08,0xa5,0x08,0xa5,0x08,0xa5,0x08,0xa5,0x08,0xa5,0x08,
    0xa5,0x08,0xa5,0x08,0xa5,0x08,0xa5,0x08,0xa5,0x08,0xa5,0x08,0xa5,0x08,0xa5,0x08,
    0xa5,0x08,0xa5,0x08,0xa5,0x08,0xa5,0x08,0xa5,0x08,0xa5,0x08,0xa5,0x08,0xa5,0x08,
    0xa5,0x08,0xa5,0x08,0xa5,0x08,0xa5,0x08,0xa5,0x08,0xa5,0x08,0xa5,0x08,0xa5,0x08,
    0xa5,0x08,0xa5,0x08,0xa5,0x08,0xa5,0x08,0xa5,0x08,0xa5,0x08,0xa5,0x08,0xa5,0x08,
    0xa5,0x08,0xa5,0x08,0xa5,0x08,0xa5,0x08,0xa5,0x08,0xa5,0x08,0xa5,0x08,0xa5,0x08,
    0xa5,0x08,0xa5,0x08,0xa5,0x08,0xa5,0x08,0xa5,0x08,0xa5,0x08,0xa5,0x08,0xa5,0x08,
    0xa5,0x08,0xa5,0x08,0xa5,0x08,0xa5,0x08,0xa5,0x08,0xa5,0x08,0xa5,0x08,0xa5,0x08,
    0xa5,0x08,0xa5,0x08,0xa5,0x08,0xa5,0x08,0xa5,0x08,0xa5,0x08,0xa5,0x08,0xa5,0x08,
    0xa5,0x08,0xa5,0x08,0xa5,0x08,0xa5,0x08,0xa5,0x08,0xa5,0x08,0xa5,0x08,0xa5,0x08,
    0xa5,0x08,0xa5,0x08,0xa5,0x08,0xa5,0x08,0xa5,0x08,0xa5,0x08,0xa5,0x08,0xa5,0x08,
    0xa5,0x08,0xa5,0x08,0xa5,0x08,0xa5,0x08,0xa5,0x08,0xa5,0x08,0xa5,0x08,0xa5,0x08,
    0xa5,0x08,0xa5,0x08,0xa5,0x08,0xa5,0x08,0xa5,0x08,0xa5,0x08,0xa5,0x08,0xa5,0x08,
    0xa5,0x08,0xa5,0x08,0xa5,0x08,0xa5,0x08,0xa5,0x08,0xa5,0x08,0xa5,0x08,0xa5,0x08,
    0xa5,0x08,0xa5,0x08,0xa5,0x08,0xa5,0x08,0xa5,0x08,0xa5,0x08,0xa5,0x08,0xa5,0x08,
    0xa5,0x08,0xa5,0x08,0xa5,0x08,0xa5,0x08,0xa5,0x08,0xa5,0x08,0xa5,0x08,0xa5,0x08,
    0xa5,0x08,0xa5,0x08,0xa5,0x08,0xa5,0x08,0xa5,0x08,0xa5,0x08,0xa5,0x08,0xa5,0x08,
    0xa5,0x08,0xa5,0x08,0xa5,0x08,0xa5,0x08,0xa5,0x08,0xa5,0x08,0xa5,0x08,0xa5,0x08,
    0xa5,0x08,0xa5,0x08,0xa5,0x08,0xa5,0x08,0xa5,0x08,0xa5,0x08,0xa5,0x08,0xc5,0x10,
    0x85,0x00,0x25,0x31,0x25,0xe3,0x45,0xf3,0x25,0xf3,0x25,0xf3,0x25,0xf3,0x25,0xf3,
    0x26,0xf3,0x26,0xf3,0x26,0xf3,0x06,0xeb,0x46,0xfb,0x65,0xb2,0x85,0x00,0xc5,0x10,
    0xa5,0x08,0xa5,0x08,0xa5,0x08,0xa5,0x08,0xa5,0x08,0xa5,0x08,0xa5,0x08,0xa5,0x08,
    0xa5,0x08,0xa5,0x08,0xa5,0x08,0xa5,0x08,0xa5,0x08,0xa5,0x08,0xa5,0x08,0xa5,0x08,
    0xa5,0x08,0xa5,0x08,0xa5,0x08,0xa5,0x08,0xa5,0x08,0xa5,0x08,0xa5,0x08,0xa5,0x08,
    0xa5,0x08,0xa5,0x08,0xa5,0x08,0xa5,0x08,0xa5,0x08,0xa5,0x08,0xa5,0x08,0xa5,0x08,
    0xa5,0x08,0xa5,0x08,0xa5,0x08,0xa5,0x08,0xa5,0x08,0xa5,0x08,0xa5,0x08,0xa5,0x08,
    0xa5,0x08,0xa5,0x08,0xa5,0x08,0xa5,0x08,0xa5,0x08,0xa5,0x08,0xa5,0x08,0xa5,0x08,
    0xa5,0x08,0xa5,0x08,0xa5,0x08,0xa5,0x08,0xa5,0x08,0xa5,0x08,0xa5,0x08,0xa5,0x08,
    0xa5,0x08,0xa5,0x08,0xa5,0x08,0xa5,0x08,0xa5,0x08,0xa5,0x08,0xa5,0x08,0xa5,0x08,
    0xa5,0x08,0xa5,0x08,0xa5,0x08,0xa5,0x08,0xa5,0x08,0xa5,0x08,0xa5,0x08,0xa5,0x08,
    0xa5,0x08,0xa5,0x08,0xa5,0x08,0xa5,0x08,0xa5,0x08,0xa5,0x08,0xa5,0x08,0xa5,0x08,
    0xa5,0x08,0xa5,0x08,0xa5,0x08,0xa5,0x08,0xa5,0x08,0xa5,0x08,0xa5,0x08,0xa5,0x08,
    0xa5,0x08,0xa5,0x08,0xa5,0x08,0xa5,0x08,0xa5,0x08,0xa5,0x08,0xa5,0x08,0xa5,0x08,
    0xa5,0x08,0xa5,0x08,0xa5,0x08,0xa5,0x08,0xa5,0x08,0xa5,0x08,0xa5,0x08,0xa5,0x08,
    0xa5,0x08,0xa5,0x08,0xa5,0x08,0xa5,0x08,0xa5,0x08,0xa5,0x08,0xa5,0x08,0xa5,0x08,
    0xa5,0x08,0xa5,0x08,0xa5,0x08,0xa5,0x08,0xa5,0x08,0xa5,0x08,0xa5,0x08,0xa5,0x08,
    0xa5,0x08,0xa5,0x08,0xa5,0x08,0xa5,0x08,0xa5,0x08,0xa5,0x08,0xa5,0x08,0xa5,0x08,
    0xa5,0x08,0xa5,0x08,0xa5,0x08,0xa5,0x08,0xa5,0x08,0xa5,0x08,0xa5,0x08,0xa5,0x08,
    0xa5,0x08,0xa5,0x08,0xa5,0x08,0xa5,0x08,0xa5,0x08,0xa5,0x08,0xa5,0x08,0xa5,0x08,
    0xa5,0x08,0xa5,0x08,0xa5,0x08,0xa5,0x08,0xa5,0x08,0xa5,0x08,0xa5,0x08,0xa5,0x08,
    0xa5,0x08,0xa5,0x08,0xa5,0x08,0xa5,0x08,0xa5,0x08,0xa5,0x08,0xa5,0x08,0xa5,0x08,
    0xa5,0x08,0xa5,0x08,0xa5,0x08,0xa5,0x08,0xa5,0x08,0xa5,0x08,0xa5,0x08,0xa5,0x08,
    0xa5,0x08,0xa5,0x08,0xa5,0x08,0xa5,0x08,0xa5,0x08,0xa5,0x08,0xa5,0x08,0xa5,0x08,
    0xa5,0x08,0xa5,0x08,0xa5,0x08,0xa5,0x08,0xa5,0x08,0xa5,0x08,0xa5,0x08,0xa5,0x08,
    0xa5,0x08,0xa5,0x08,0xa5,0x08,0xa5,0x08,0xa5,0x08,0xa5,0x08,0xa5,0x08,0xa5,0x08,
    0xa5,0x08,0xa5,0x08,0xa5,0x08,0xa5,0x08,0xa5,0x08,0xa5,0x08,0xa5,0x08,0xa5,0x08,
    0xa5,0x08,0xa5,0x08,0xa5,0x08,0xa5,0x08,0xc5,0x10,0x85,0x00,0xa5,0x61,0x85,0xfb,
    0x25,0xeb,0x25,0xf3,0x25,0xf3,0x26,0xf3,0x06,0xf3,0x06,0xf3,0x06,0xf3,0x06,0xf3,
    0x06,0xeb,0x26,0xfb,0xa5,0x69,0x85,0x00,0xc5,0x10,0xa5,0x08,0xa5,0x08,0xa5,0x08,
    0xa5,0x08,0xa5,0x08,0xa5,0x08,0xa5,0x08,0xa5,0x08,0xa5,0x08,0xa5,0x08,0xa5,0x08,
    0xa5,0x08,0xa5,0x08,0xa5,0x08,0xa5,0x08,0xa5,0x08,0xa5,0x08,0xa5,0x08,0xa5,0x08,
    0xa5,0x08,0xa5,0x08,0xa5,0x08,0xa5,0x08,0xa5,0x08,0xa5,0x08,0xa5,0x08,0xa5,0x08,
    0xa5,0x08,0xa5,0x08,0xa5,0x08,0xa5,0x08,0xa5,0x08,0xa5,0x08,0xa5,0x08,0xa5,0x08,
    0xa5,0x08,0xa5,0x08,0xa5,0x08,0xa5,0x08,0xa5,0x08,0xa5,0x08,0xa5,0x08,0xa5,0x08,
    0xa5,0x08,0xa5,0x08,0xa5,0x08,0xa5,0x08,0xa5,0x08,0xa5,0x08,0xa5,0x08,0xa5,0x08,
    0xa5,0x08,0xa5,0x08,0xa5,0x08,0xa5,0x08,0xa5,0x08,0xa5,0x08,0xa5,0x08,0xa5,0x08,
    0xa5,0x08,0xa5,0x08,0xa5,0x08,0xa5,0x08,0xa5,0x08,0xa5,0x08,0xa5,0x08,0xa5,0x08,
    0xa5,0x08,0xa5,0x08,0xa5,0x08,0xa5,0x08,0xa5,0x08,0xa5,0x08,0xa5,0x08,0xa5,0x08,
    0xa5,0x08,0xa5,0x08,0xa5,0x08,0xa5,0x08,0xa5,0x08,0xa5,0x08,0xa5,0x08,0xa5,0x08,
    0xa5,0x08,0xa5,0x08,0xa5,0x08,0xa5,0x08,0xa5,0x08,0xa5,0x08,0xa5,0x08,0xa5,0x08,
    0xa5,0x08,0xa5,0x08,0xa5,0x08,0xa5,0x08,0xa5,0x08,0xa5,0x08,0xa5,0x08,0xa5,0x08,
    0xa5,0x08,0xa5,0x08,0xa5,0x08,0xa5,0x08,0xa5,0x08,0xa5,0x08,0xa5,0x08,0xa5,0x08,
    0xa5,0x08,0xa5,0x08,0xa5,0x08,0xa5,0x08,0xa5,0x08,0xa5,0x08,0xa5,0x08,0xa5,0x08,
    0xa5,0x08,0xa5,0x08,0xa5,0x08,0xa5,0x08,0xa5,0x08,0xa5,0x08,0xa5,0x08,0xa5,0x08,
    0xa5,0x08,0xa5,0x08,0xa5,0x08,0xa5,0x08,0xa5,0x08,0xa5,0x08,0xa5,0x08,0xa5,0x08,
    0xa5,0x08,0xa5,0x08,0xa5,0x08,0xa5,0x08,0xa5,0x08,0xa5,0x08,0xa5,0x08,0xa5,0x08,
    0xa5,0x08,0xa5,0x08,0xa5,0x08,0xa5,0x08,0xa5,0x08,0xa5,0x08,0xa5,0x08,0xa5,0x08,
    0xa5,0x08,0xa5,0x08,0xa5,0x08,0xa5,0x08,0xa5,0x08,0xa5,0x08,0xa5,0x08,0xa5,0x08,
    0xa5,0x08,0xa5,0x08,0xa5,0x08,0xa5,0x08,0xa5,0x08,0xa5,0x08,0xa5,0x08,0xa5,0x08,
    0xa5,0x08,0xa5,0x08,0xa5,0x08,0xa5,0x08,0xa5,0x08,0xa5,0x08,0xa5,0x08,0xa5,0x08,
    0xa5,0x08,0xa5,0x08,0xa5,0x08,0xa5,0x08,0xa5,0x08,0xa5,0x08,0xa5,0x08,0xa5,0x08,
    0xa5,0x08,0xa5,0x08,0xa5,0x08,0xa5,0x08,0xa5,0x08,0xa5,0x08,0xa5,0x08,0xa5,0x08,
    0xa5,0x08,0xa5,0x08,0xa5,0x08,0xa5,0x08,0xa5,0x08,0xa5,0x08,0xa5,0x08,0xa5,0x08,
    0xa5,0x08,0xa5,0x08,0xa5,0x08,0xa5,0x08,0xa5,0x08,0xa5,0x08,0xa5,0x08,0xa5,0x08,
    0xa5,0x08,0xc5,0x10,0xa5,0x08,0x45,0x9a,0x45,0xfb,0x25,0xeb,0x26,0xf3,0x06,0xf3,
    0x06,0xf3,0x06,0xf3,0x06,0xf3,0x06,0xf3,0x06,0xf3,0x06,0xf3,0x26,0xf3,0x05,0x31,
    0xa5,0x08,0xa5,0x10,0xa5,0x08,0xa5,0x08,0xa5,0x08,0xa5,0x08,0xa5,0x08,0xa5,0x08,
    0xa5,0x08,0xa5,0x08,0xa5,0x08,0xa5,0x08,0xa5,0x08,0xa5,0x08,0xa5,0x08,0xa5,0x08,
    0xa5,0x08,0xa5,0x08,0xa5,0x08,0xa5,0x08,0xa5,0x08,0xa5,0x08,0xa5,0x08,0xa5,0x08,
    0xa5,0x08,0xa5,0x08,0xa5,0x08,0xa5,0x08,0xa5,0x08,0xa5,0x08,0xa5,0x08,0xa5,0x08,
    0xa5,0x08,0xa5,0x08,0xa5,0x08,0xa5,0x08,0xa5,0x08,0xa5,0x08,0xa5,0x08,0xa5,0x08,
    0xa5,0x08,0xa5,0x08,0xa5,0x08,0xa5,0x08,0xa5,0x08,0xa5,0x08,0xa5,0x08,0xa5,0x08,
    0xa5,0x08,0xa5,0x08,0xa5,0x08,0xa5,0x08,0xa5,0x08,0xa5,0x08,0xa5,0x08,0xa5,0x08,
    0xa5,0x08,0xa5,0x08,0xa5,0x08,0xa5,0x08,0xa5,0x08,0xa5,0x08,0xa5,0x08,0xa5,0x08,
    0xa5,0x08,0xa5,0x08,0xa5,0x08,0xa5,0x08,0xa5,0x08,0xa5,0x08,0xa5,0x08,0xa5,0x08,
    0xa5,0x08,0xa5,0x08,0xa5,0x08,0xa5,0x08,0xa5,0x08,0xa5,0x08,0xa5,0x08,0xa5,0x08,
    0xa5,0x08,0xa5,0x08,0xa5,0x08,0xa5,0x08,0xa5,0x08,0xa5,0x08,0xa5,0x08,0xa5,0x08,
    0xa5,0x08,0xa5,0x08,0xa5,0x08,0xa5,0x08,0xa5,0x08,0xa5,0x08,0xa5,0x08,0xa5,0x08,
    0xa5,0x08,0xa5,0x08,0xa5,0x08,0xa5,0x08,0xa5,0x08,0xa5,0x08,0xa5,0x08,0xa5,0x08,
    0xa5,0x08,0xa5,0x08,0xa5,0x08,0xa5,0x08,0xa5,0x08,0xa5,0x08,0xa5,0x08,0xa5,0x08,
    0xa5,0x08,0xa5,0x08,0xa5,0x08,0xa5,0x08,0xa5,0x08,0xa5,0x08,0xa5,0x08,0xa5,0x08,
    0xa5,0x08,0xa5,0x08,0xa5,0x08,0xa5,0x08,0xa5,0x08,0xa5,0x08,0xa5,0x08,0xa5,0x08,
    0xa5,0x08,0xa5,0x08,0xa5,0x08,0xa5,0x08,0xa5,0x08,0xa5,0x08,0xa5,0x08,0xa5,0x08,
    0xa5,0x08,0xa5,0x08,0xa5,0x08,0xa5,0x08,0xa5,0x08,0xa5,0x08,0xa5,0x08,0xa5,0x08,
    0xa5,0x08,0xa5,0x08,0xa5,0x08,0xa5,0x08,0xa5,0x08,0xa5,0x08,0xa5,0x08,0xa5,0x08,
    0xa5,0x08,0xa5,0x08,0xa5,0x08,0xa5,0x08,0xa5,0x08,0xa5,0x08,0xa5,0x08,0xa5,0x08,
    0xa5,0x08,0xa5,0x08,0xa5,0x08,0xa5,0x08,0xa5,0x08,0xa5,0x08,0xa5,0x08,0xa5,0x08,
    0xa5,0x08,0xa5,0x08,0xa5,0x08,0xa5,0x08,0xa5,0x08,0xa5,0x08,0xa5,0x08,0xa5,0x08,
    0xa5,0x08,0xa5,0x08,0xa5,0x08,0xa5,0x08,0xa5,0x08,0xa5,0x08,0xa5,0x08,0xa5,0x08,
    0xa5,0x08,0xa5,0x08,0xa5,0x08,0xa5,0x08,0xa5,0x08,0xa5,0x08,0xa5,0x08,0xa5,0x08,
    0xa5,0x08,0xa5,0x08,0xa5,0x08,0xa5,0x08,0xa5,0x08,0xa5,0x08,0xa5,0x08,0xa5,0x08,
    0xa5,0x08,0xa5,0x08,0xa5,0x08,0xa5,0x08,0xa5,0x08,0xa5,0x10,0xa5,0x08,0xa5,0x08,
    0xc5,0xd2,0x46,0xfb,0x06,0xeb,0x06,0xf3,0x06,0xf3,0x06,0xf3,0x06,0xf3,0x06,0xf3,
    0x06,0xf3,0xe6,0xea,0x26,0xfb,0x25,0x9a,0x85,0x00,0xc5,0x10,0xa5,0x08,0xa5,0x08,
    0xa5,0x08,0xa5,0x08,0xa5,0x08,0xa5,0x08,0xa5,0x08,0xa5,0x08,0xa5,0x08,0xa5,0x08,
    0xa5,0x08,0xa5,0x08,0xa5,0x08,0xa5,0x08,0xa5,0x08,0xa5,0x08,0xa5,0x08,0xa5,0x08,
    0xa5,0x08,0xa5,0x08,0xa5,0x08,0xa5,0x08,0xa5,0x08,0xa5,0x08,0xa5,0x08,0xa5,0x08,
    0xa5,0x08,0xa5,0x08,0xa5,0x08,0xa5,0x08,0xa5,0x08,0xa5,0x08,0xa5,0x08,0xa5,0x08,
    0xa5,0x08,0xa5,0x08,0xa5,0x08,0xa5,0x08,0xa5,0x08,0xa5,0x08,0xa5,0x08,0xa5,0x08,
    0xa5,0x08,0xa5,0x08,0xa5,0x08,0xa5,0x08,0xa5,0x08,0xa5,0x08,0xa5,0x08,0xa5,0x08,
    0xa5,0x08,0xa5,0x08,0xa5,0x08,0xa5,0x08,0xa5,0x08,0xa5,0x08,0xa5,0x08,0xa5,0x08,
    0xa5,0x08,0xa5,0x08,0xa5,0x08,0xa5,0x08,0xa5,0x08,0xa5,0x08,0xa5,0x08,0xa5,0x08,
    0xa5,0x08,0xa5,0x08,0xa5,0x08,0xa5,0x08,0xa5,0x08,0xa5,0x08,0xa5,0x08,0xa5,0x08,
    0xa5,0x08,0xa5,0x08,0xa5,0x08,0xa5,0x08,0xa5,0x08,0xa5,0x08,0xa5,0x08,0xa5,0x08,
    0xa5,0x08,0xa5,0x08,0xa5,0x08,0xa5,0x08,0xa5,0x08,0xa5,0x08,0xa5,0x08,0xa5,0x08,
    0xa5,0x08,0xa5,0x08,0xa5,0x08,0xa5,0x08,0xa5,0x08,0xa5,0x08,0xa5,0x08,0xa5,0x08,
    0xa5,0x08,0xa5,0x08,0xa5,0x08,0xa5,0x08,0xa5,0x08,0xa5,0x08,0xa5,0x08,0xa5,0x08,
    0xa5,0x08,0xa5,0x08,0xa5,0x08,0xa5,0x08,0xa5,0x08,0xa5,0x08,0xa5,0x08,0xa5,0x08,
    0xa5,0x08,0xa5,0x08,0xa5,0x08,0xa5,0x08,0xa5,0x08,0xa5,0x08,0xa5,0x08,0xa5,0x08,
    0xa5,0x08,0xa5,0x08,0xa5,0x08,0xa5,0x08,0xa5,0x08,0xa5,0x08,0xa5,0x08,0xa5,0x08,
    0xa5,0x08,0xa5,0x08,0xa5,0x08,0xa5,0x08,0xa5,0x08,0xa5,0x08,0xa5,0x08,0xa5,0x08,
    0xa5,0x08,0xa5,0x08,0xa5,0x08,0xa5,0x08,0xa5,0x08,0xa5,0x08,0xa5,0x08,0xa5,0x08,
    0xa5,0x08,0xa5,0x08,0xa5,0x08,0xa5,0x08,0xa5,0x08,0xa5,0x08,0xa5,0x08,0xa5,0x08,
    0xa5,0x08,0xa5,0x08,0xa5,0x08,0xa5,0x08,0xa5,0x08,0xa5,0x08,0xa5,0x08,0xa5,0x08,
    0xa5,0x08,0xa5,0x08,0xa5,0x08,0xa5,0x08,0xa5,0x08,0xa5,0x08,0xa5,0x08,0xa5,0x08,
    0xa5,0x08,0xa5,0x08,0xa5,0x08,0xa5,0x08,0xa5,0x08,0xa5,0x08,0xa5,0x08,0xa5,0x08,
    0xa5,0x08,0xa5,0x08,0xa5,0x08,0xa5,0x08,0xa5,0x08,0xa5,0x08,0xa5,0x08,0xa5,0x08,
    0xa5,0x08,0xa5,0x08,0xa5,0x08,0xa5,0x08,0xa5,0x08,0xa5,0x08,0xa5,0x08,0xa5,0x08,
    0xa5,0x08,0xa5,0x08,0xa5,0x08,0xa5,0x08,0xa5,0x08,0xa5,0x08,0xa5,0x08,0xa5,0x08,
    0xa5,0x08,0xa5,0x08,0xc5,0x10,0x85,0x00,0x85,0x59,0x46,0xfb,0x06,0xeb,0x06,0xf3,
    0x06,0xf3,0x06,0xf3,0x06,0xf3,0x06,0xf3,0xe6,0xf2,0xe6,0xf2,0x06,0xf3,0xe6,0xe2,
    0xe5,0x18,0xa5,0x08,0xa5,0x10,0xa5,0x08,0xa5,0x08,0xa5,0x08,0xa5,0x08,0xa5,0x08,
    0xa5,0x08,0xa5,0x08,0xa5,0x08,0xa5,0x08,0xa5,0x08,0xa5,0x08,0xa5,0x08,0xa5,0x08,
    0xa5,0x08,0xa5,0x08,0xa5,0x08,0xa5,0x08,0xa5,0x08,0xa5,0x08,0xa5,0x08,0xa5,0x08,
    0xa5,0x08,0xa5,0x08,0xa5,0x08,0xa5,0x08,0xa5,0x08,0xa5,0x08,0xa5,0x08,0xa5,0x08,
    0xa5,0x08,0xa5,0x08,0xa5,0x08,0xa5,0x08,0xa5,0x08,0xa5,0x08,0xa5,0x08,0xa5,0x08,
    0xa5,0x08,0xa5,0x08,0xa5,0x08,0xa5,0x08,0xa5,0x08,0xa5,0x08,0xa5,0x08,0xa5,0x08,
    0xa5,0x08,0xa5,0x08,0xa5,0x08,0xa5,0x08,0xa5,0x08,0xa5,0x08,0xa5,0x08,0xa5,0x08,
    0xa5,0x08,0xa5,0x08,0xa5,0x08,0xa5,0x08,0xa5,0x08,0xa5,0x08,0xa5,0x08,0xa5,0x08,
    0xa5,0x08,0xa5,0x08,0xa5,0x08,0xa5,0x08,0xa5,0x08,0xa5,0x08,0xa5,0x08,0xa5,0x08,
    0xa5,0x08,0xa5,0x08,0xa5,0x08,0xa5,0x08,0xa5,0x08,0xa5,0x08,0xa5,0x08,0xa5,0x08,
    0xa5,0x08,0xa5,0x08,0xa5,0x08,0xa5,0x08,0xa5,0x08,0xa5,0x08,0xa5,0x08,0xa5,0x08,
    0xa5,0x08,0xa5,0x08,0xa5,0x08,0xa5,0x08,0xa5,0x08,0xa5,0x08,0xa5,0x08,0xa5,0x08,
    0xa5,0x08,0xa5,0x08,0xa5,0x08,0xa5,0x08,0xa5,0x08,0xa5,0x08,0xa5,0x08,0xa5,0x08,
    0xa5,0x08,0xa5,0x08,0xa5,0x08,0xa5,0x08,0xa5,0x08,0xa5,0x08,0xa5,0x08,0xa5,0x08,
    0xa5,0x08,0xa5,0x08,0xa5,0x08,0xa5,0x08,0xa5,0x08,0xa5,0x08,0xa5,0x08,0xa5,0x08,
    0xa5,0x08,0xa5,0x08,0xa5,0x08,0xa5,0x08,0xa5,0x08,0xa5,0x08,0xa5,0x08,0xa5,0x08,
    0xa5,0x08,0xa5,0x08,0xa5,0x08,0xa5,0x08,0xa5,0x08,0xa5,0x08,0xa5,0x08,0xa5,0x08,
    0xa5,0x08,0xa5,0x08,0xa5,0x08,0xa5,0x08,0xa5,0x08,0xa5,0x08,0xa5,0x08,0xa5,0x08,
    0xa5,0x08,0xa5,0x08,0xa5,0x08,0xa5,0x08,0xa5,0x08,0xa5,0x08,0xa5,0x08,0xa5,0x08,
    0xa5,0x08,0xa5,0x08,0xa5,0x08,0xa5,0x08,0xa5,0x08,0xa5,0x08,0xa5,0x08,0xa5,0x08,
    0xa5,0x08,0xa5,0x08,0xa5,0x08,0xa5,0x08,0xa5,0x08,0xa5,0x08,0xa5,0x08,0xa5,0x08,
    0xa5,0x08,0xa5,0x08,0xa5,0x08,0xa5,0x08,0xa5,0x08,0xa5,0x08,0xa5,0x08,0xa5,0x08,
    0xa5,0x08,0xa5,0x08,0xa5,0x08,0xa5,0x08,0xa5,0x08,0xa5,0x08,0xa5,0x08,0xa5,0x08,
    0xa5,0x08,0xa5,0x08,0xa5,0x08,0xa5,0x08,0xa5,0x08,0xa5,0x08,0xa5,0x08,0xa5,0x08,
    0xa5,0x08,0xa5,0x08,0xa5,0x08,0xa5,0x08,0xa5,0x08,0xa5,0x08,0xa5,0x08,0xa5,0x08,
    0xa5,0x08,0xa5,0x08,0xa5,0x08,0xa5,0x08,0xa5,0x08,0xa5,0x08,0xa5,0x08,0xc5,0x10,
    0x85,0x00,0x85,0xba,0x46,0xfb,0x06,0xeb,0x06,0xf3,0xe6,0xf2,0xe6,0xf2,0xe6,0xf2,
    0xe6,0xf2,0xe6,0xf2,0xe6,0xea,0x26,0xfb,0xc5,0x81,0x85,0x00,0xc5,0x10,0xa5,0x08,
    0xa5,0x08,0xa5,0x08,0xa5,0x08,0xa5,0x08,0xa5,0x08,0xa5,0x08,0xa5,0x08,0xa5,0x08,
    0xa5,0x08,0xa5,0x08,0xa5,0x08,0xa5,0x08,0xa5,0x08,0xa5,0x08,0xa5,0x08,0xa5,0x08,
    0xa5,0x08,0xa5,0x08,0xa5,0x08,0xa5,0x08,0xa5,0x08,0xa5,0x08,0xa5,0x08,0xa5,0x08,
    0xa5,0x08,0xa5,0x08,0xa5,0x08,0xa5,0x08,0xa5,0x08,0xa5,0x08,0xa5,0x08,0xa5,0x08,
    0xa5,0x08,0xa5,0x08,0xa5,0x08,0xa5,0x08,0xa5,0x08,0xa5,0x08,0xa5,0x08,0xa5,0x08,
    0xa5,0x08,0xa5,0x08,0xa5,0x08,0xa5,0x08,0xa5,0x08,0xa5,0x08,0xa5,0x08,0xa5,0x08,
    0xa5,0x08,0xa5,0x08,0xa5,0x08,0xa5,0x08,0xa5,0x08,0xa5,0x08,0xa5,0x08,0xa5,0x08,
    0xa5,0x08,0xa5,0x08,0xa5,0x08,0xa5,0x08,0xa5,0x08,0xa5,0x08,0xa5,0x08,0xa5,0x08,
    0xa5,0x08,0xa5,0x08,0xa5,0x08,0xa5,0x08,0xa5,0x08,0xa5,0x08,0xa5,0x08,0xa5,0x08,
    0xa5,0x08,0xa5,0x08,0xa5,0x08,0xa5,0x08,0xa5,0x08,0xa5,0x08,0xa5,0x08,0xa5,0x08,
    0xa5,0x08,0xa5,0x08,0xa5,0x08,0xa5,0x08,0xa5,0x08,0xa5,0x08,0xa5,0x08,0xa5,0x08,
    0xa5,0x08,0xa5,0x08,0xa5,0x08,0xa5,0x08,0xa5,0x08,0xa5,0x08,0xa5,0x08,0xa5,0x08,
    0xa5,0x08,0xa5,0x08,0xa5,0x08,0xa5,0x08,0xa5,0x08,0xa5,0x08,0xa5,0x08,0xa5,0x08,
    0xa5,0x08,0xa5,0x08,0xa5,0x08,0xa5,0x08,0xa5,0x08,0xa5,0x08,0xa5,0x08,0xa5,0x08,
    0xa5,0x08,0xa5,0x08,0xa5,0x08,0xa5,0x08,0xa5,0x08,0xa5,0x08,0xa5,0x08,0xa5,0x08,
    0xa5,0x08,0xa5,0x08,0xa5,0x08,0xa5,0x08,0xa5,0x08,0xa5,0x08,0xa5,0x08,0xa5,0x08,
    0xa5,0x08,0xa5,0x08,0xa5,0x08,0xa5,0x08,0xa5,0x08,0xa5,0x08,0xa5,0x08,0xa5,0x08,
    0xa5,0x08,0xa5,0x08,0xa5,0x08,0xa5,0x08,0xa5,0x08,0xa5,0x08,0xa5,0x08,0xa5,0x08,
    0xa5,0x08,0xa5,0x08,0xa5,0x08,0xa5,0x08,0xa5,0x08,0xa5,0x08,0xa5,0x08,0xa5,0x08,
    0xa5,0x08,0xa5,0x08,0xa5,0x08,0xa5,0x08,0xa5,0x08,0xa5,0x08,0xa5,0x08,0xa5,0x08,
    0xa5,0x08,0xa5,0x08,0xa5,0x08,0xa5,0x08,0xa5,0x08,0xa5,0x08,0xa5,0x08,0xa5,0x08,
    0xa5,0x08,0xa5,0x08,0xa5,0x08,0xa5,0x08,0xa5,0x08,0xa5,0x08,0xa5,0x08,0xa5,0x08,
    0xa5,0x08,0xa5,0x08,0xa5,0x08,0xa5,0x08,0xa5,0x08,0xa5,0x08,0xa5,0x08,0xa5,0x08,
    0xa5,0x08,0xa5,0x08,0xa5,0x08,0xa5,0x08,0xa5,0x08,0xa5,0x08,0xa5,0x08,0xa5,0x08,
    0xa5,0x08,0xa5,0x08,0xa5,0x08,0xa5,0x08,0xa5,0x08,0xa5,0x08,0xa5,0x08,0xa5,0x08,
    0xa5,0x08,0xa5,0x08,0xa5,0x08,0xc5,0x10,0xa5,0x08,0x25,0x31,0xe6,0xe2,0x06,0xf3,
    0xe6,0xf2,0xe6,0xf2,0xe6,0xf2,0xe6,0xf2,0xe6,0xf2,0xe6,0xf2,0xe6,0xf2,0xe6,0xf2,
    0xc6,0xe2,0xe5,0x18,0xa5,0x08,0xa5,0x10,0xa5,0x08,0xa5,0x08,0xa5,0x08,0xa5,0x08,
    0xa5,0x08,0xa5,0x08,0xa5,0x08,0xa5,0x08,0xa5,0x08,0xa5,0x08,0xa5,0x08,0xa5,0x08,
    0xa5,0x08,0xa5,0x08,0xa5,0x08,0xa5,0x08,0xa5,0x08,0xa5,0x08,0xa5,0x08,0xa5,0x08,
    0xa5,0x08,0xa5,0x08,0xa5,0x08,0xa5,0x08,0xa5,0x08,0xa5,0x08,0xa5,0x08,0xa5,0x08,
    0xa5,0x08,0xa5,0x08,0xa5,0x08,0xa5,0x08,0xa5,0x08,0xa5,0x08,0xa5,0x08,0xa5,0x08,
    0xa5,0x08,0xa5,0x08,0xa5,0x08,0xa5,0x08,0xa5,0x08,0xa5,0x08,0xa5,0x08,0xa5,0x08,
    0xa5,0x08,0xa5,0x08,0xa5,0x08,0xa5,0x08,0xa5,0x08,0xa5,0x08,0xa5,0x08,0xa5,0x08,
    0xa5,0x08,0xa5,0x08,0xa5,0x08,0xa5,0x08,0xa5,0x08,0xa5,0x08,0xa5,0x08,0xa5,0x08,
    0xa5,0x08,0xa5,0x08,0xa5,0x08,0xa5,0x08,0xa5,0x08,0xa5,0x08,0xa5,0x08,0xa5,0x08,
    0xa5,0x08,0xa5,0x08,0xa5,0x08,0xa5,0x08,0xa5,0x08,0xa5,0x08,0xa5,0x08,0xa5,0x08,
    0xa5,0x08,0xa5,0x08,0xa5,0x08,0xa5,0x08,0xa5,0x08,0xa5,0x08,0xa5,0x08,0xa5,0x08,
    0xa5,0x08,0xa5,0x08,0xa5,0x08,0xa5,0x08,0xa5,0x08,0xa5,0x08,0xa5,0x08,0xa5,0x08,
    0xa5,0x08,0xa5,0x08,0xa5,0x08,0xa5,0x08,0xa5,0x08,0xa5,0x08,0xa5,0x08,0xa5,0x08,
    0xa5,0x08,0xa5,0x08,0xa5,0x08,0xa5,0x08,0xa5,0x08,0xa5,0x08,0xa5,0x08,0xa5,0x08,
    0xa5,0x08,0xa5,0x08,0xa5,0x08,0xa5,0x08,0xa5,0x08,0xa5,0x08,0xa5,0x08,0xa5,0x08,
    0xa5,0x08,0xa5,0x08,0xa5,0x08,0xa5,0x08,0xa5,0x08,0xa5,0x08,0xa5,0x08,0xa5,0x08,
    0xa5,0x08,0xa5,0x08,0xa5,0x08,0xa5,0x08,0xa5,0x08,0xa5,0x08,0xa5,0x08,0xa5,0x08,
    0xa5,0x08,0xa5,0x08,0xa5,0x08,0xa5,0x08,0xa5,0x08,0xa5,0x08,0xa5,0x08,0xa5,0x08,
    0xa5,0x08,0xa5,0x08,0xa5,0x08,0xa5,0x08,0xa5,0x08,0xa5,0x08,0xa5,0x08,0xa5,0x08,
    0xa5,0x08,0xa5,0x08,0xa5,0x08,0xa5,0x08,0xa5,0x08,0xa5,0x08,0xa5,0x08,0xa5,0x08,
    0xa5,0x08,0xa5,0x08,0xa5,0x08,0xa5,0x08,0xa5,0x08,0xa5,0x08,0xa5,0x08,0xa5,0x08,
    0xa5,0x08,0xa5,0x08,0xa5,0x08,0xa5,0x08,0xa5,0x08,0xa5,0x08,0xa5,0x08,0xa5,0x08,
    0xa5,0x08,0xa5,0x08,0xa5,0x08,0xa5,0x08,0xa5,0x08,0xa5,0x08,0xa5,0x08,0xa5,0x08,
    0xa5,0x08,0xa5,0x08,0xa5,0x08,0xa5,0x08,0xa5,0x08,0xa5,0x08,0xa5,0x08,0xa5,0x08,
    0xa5,0x08,0xa5,0x08,0xa5,0x08,0xa5,0x08,0xa5,0x08,0xa5,0x08,0xa5,0x08,0xa5,0x08,
    0xa5,0x08,0xa5,0x08,0xa5,0x08,0xa5,0x08,0xa5,0x08,0xa5,0x08,0xa5,0x08,0xa5,0x08,
    0xc5,0x10,0x85,0x00,0xa5,0x61,0x26,0xfb,0xe6,0xea,0xe6,0xf2,0xe6,0xf2,0xe6,0xf2,
    0xe6,0xf2,0xe6,0xf2,0xe6,0xf2,0xc6,0xea,0x06,0xfb,0xc5,0x81,0x85,0x00,0xc5,0x10,
    0xa5,0x08,0xa5,0x08,0xa5,0x08,0xa5,0x08,0xa5,0x08,0xa5,0x08,0xa5,0x08,0xa5,0x08,
    0xa5,0x08,0xa5,0x08,0xa5,0x08,0xa5,0x08,0xa5,0x08,0xa5,0x08,0xa5,0x08,0xa5,0x08,
    0xa5,0x08,0xa5,0x08,0xa5,0x08,0xa5,0x08,0xa5,0x08,0xa5,0x08,0xa5,0x08,0xa5,0x08,
    0xa5,0x08,0xa5,0x08,0xa5,0x08,0xa5,0x08,0xa5,0x08,0xa5,0x08,0xa5,0x08,0xa5,0x08,
    0xa5,0x08,0xa5,0x08,0xa5,0x08,0xa5,0x08,0xa5,0x08,0xa5,0x08,0xa5,0x08,0xa5,0x08,
    0xa5,0x08,0xa5,0x08,0xa5,0x08,0xa5,0x08,0xa5,0x08,0xa5,0x08,0xa5,0x08,0xa5,0x08,
    0xa5,0x08,0xa5,0x08,0xa5,0x08,0xa5,0x08,0xa5,0x08,0xa5,0x08,0xa5,0x08,0xa5,0x08,
    0xa5,0x08,0xa5,0x08,0xa5,0x08,0xa5,0x08,0xa5,0x08,0xa5,0x08,0xa5,0x08,0xa5,0x08,
    0xa5,0x08,0xa5,0x08,0xa5,0x08,0xa5,0x08,0xa5,0x08,0xa5,0x08,0xa5,0x08,0xa5,0x08,
    0xa5,0x08,0xa5,0x08,0xa5,0x08,0xa5,0x08,0xa5,0x08,0xa5,0x08,0xa5,0x08,0xa5,0x08,
    0xa5,0x08,0xa5,0x08,0xa5,0x08,0xa5,0x08,0xa5,0x08,0xa5,0x08,0xa5,0x08,0xa5,0x08,
    0xa5,0x08,0xa5,0x08,0xa5,0x08,0xa5,0x08,0xa5,0x08,0xa5,0x08,0xa5,0x08,0xa5,0x08,
    0xa5,0x08,0xa5,0x08,0xa5,0x08,0xa5,0x08,0xa5,0x08,0xa5,0x08,0xa5,0x08,0xa5,0x08,
    0xa5,0x08,0xa5,0x08,0xa5,0x08,0xa5,0x08,0xa5,0x08,0xa5,0x08,0xa5,0x08,0xa5,0x08,
    0xa5,0x08,0xa5,0x08,0xa5,0x08,0xa5,0x08,0xa5,0x08,0xa5,0x08,0xa5,0x08,0xa5,0x08,
    0xa5,0x08,0xa5,0x08,0xa5,0x08,0xa5,0x08,0xa5,0x08,0xa5,0x08,0xa5,0x08,0xa5,0x08,
    0xa5,0x08,0xa5,0x08,0xa5,0x08,0xa5,0x08,0xa5,0x08,0xa5,0x08,0xa5,0x08,0xa5,0x08,
    0xa5,0x08,0xa5,0x08,0xa5,0x08,0xa5,0x08,0xa5,0x08,0xa5,0x08,0xa5,0x08,0xa5,0x08,
    0xa5,0x08,0xa5,0x08,0xa5,0x08,0xa5,0x08,0xa5,0x08,0xa5,0x08,0xa5,0x08,0xa5,0x08,
    0xa5,0x08,0xa5,0x08,0xa5,0x08,0xa5,0x08,0xa5,0x08,0xa5,0x08,0xa5,0x08,0xa5,0x08,
    0xa5,0x08,0xa5,0x08,0xa5,0x08,0xa5,0x08,0xa5,0x08,0xa5,0x08,0xa5,0x08,0xa5,0x08,
    0xa5,0x08,0xa5,0x08,0xa5,0x08,0xa5,0x08,0xa5,0x08,0xa5,0x08,0xa5,0x08,0xa5,0x08,
    0xa5,0x08,0xa5,0x08,0xa5,0x08,0xa5,0x08,0xa5,0x08,0xa5,0x08,0xa5,0x08,0xa5,0x08,
    0xa5,0x08,0xa5,0x08,0xa5,0x08,0xa5,0x08,0xa5,0x08,0xa5,0x08,0xa5,0x08,0xa5,0x08,
    0xa5,0x08,0xa5,0x08,0xa5,0x08,0xa5,0x08,0xa5,0x08,0xa5,0x08,0xa5,0x08,0xa5,0x08,
    0xa5,0x08,0xa5,0x08,0xa5,0x08,0xa5,0x08,0xa5,0x10,0xa5,0x08,0xe5,0x18,0xe6,0xe2,
    0x06,0xf3,0xe6,0xf2,0xe6,0xf2,0xe6,0xf2,0xe6,0xf2,0xc6,0xf2,0xc6,0xf2,0xc6,0xf2,
    0xe6,0xf2,0xa6,0xda,0xc5,0x10,0xa5,0x08,0xa5,0x10,0xa5,0x08,0xa5,0x08,0xa5,0x08,
    0xa5,0x08,0xa5,0x08,0xa5,0x08,0xa5,0x08,0xa5,0x08,0xa5,0x08,0xa5,0x08,0xa5,0x08,
    0xa5,0x08,0xa5,0x08,0xa5,0x08,0xa5,0x08,0xa5,0x08,0xa5,0x08,0xa5,0x08,0xa5,0x08,
    0xa5,0x08,0xa5,0x08,0xa5,0x08,0xa5,0x08,0xa5,0x08,0xa5,0x08,0xa5,0x08,0xa5,0x08,
    0xa5,0x08,0xa5,0x08,0xa5,0x08,0xa5,0x08,0xa5,0x08,0xa5,0x08,0xa5,0x08,0xa5,0x08,
    0xa5,0x08,0xa5,0x08,0xa5,0x08,0xa5,0x08,0xa5,0x08,0xa5,0x08,0xa5,0x08,0xa5,0x08,
    0xa5,0x08,0xa5,0x08,0xa5,0x08,0xa5,0x08,0xa5,0x08,0xa5,0x08,0xa5,0x08,0xa5,0x08,
    0xa5,0x08,0xa5,0x08,0xa5,0x08,0xa5,0x08,0xa5,0x08,0xa5,0x08,0xa5,0x08,0xa5,0x08,
    0xa5,0x08,0xa5,0x08,0xa5,0x08,0xa5,0x08,0xa5,0x08,0xa5,0x08,0xa5,0x08,0xa5,0x08,
    0xa5,0x08,0xa5,0x08,0xa5,0x08,0xa5,0x08,0xa5,0x08,0xa5,0x08,0xa5,0x08,0xa5,0x08,
    0xa5,0x08,0xa5,0x08,0xa5,0x08,0xa5,0x08,0xa5,0x08,0xa5,0x08,0xa5,0x08,0xa5,0x08,
    0xa5,0x08,0xa5,0x08,0xa5,0x08,0xa5,0x08,0xa5,0x08,0xa5,0x08,0xa5,0x08,0xa5,0x08,
    0xa5,0x08,0xa5,0x08,0xa5,0x08,0xa5,0x08,0xa5,0x08,0xa5,0x08,0xa5,0x08,0xa5,0x08,
    0xa5,0x08,0xa5,0x08,0xa5,0x08,0xa5,0x08,0xa5,0x08,0xa5,0x08,0xa5,0x08,0xa5,0x08,
    0xa5,0x08,0xa5,0x08,0xa5,0x08,0xa5,0x08,0xa5,0x08,0xa5,0x08,0xa5,0x08,0xa5,0x08,
    0xa5,0x08,0xa5,0x08,0xa5,0x08,0xa5,0x08,0xa5,0x08,0xa5,0x08,0xa5,0x08,0xa5,0x08,
    0xa5,0x08,0xa5,0x08,0xa5,0x08,0xa5,0x08,0xa5,0x08,0xa5,0x08,0xa5,0x08,0xa5,0x08,
    0xa5,0x08,0xa5,0x08,0xa5,0x08,0xa5,0x08,0xa5,0x08,0xa5,0x08,0xa5,0x08,0xa5,0x08,
    0xa5,0x08,0xa5,0x08,0xa5,0x08,0xa5,0x08,0xa5,0x08,0xa5,0x08,0xa5,0x08,0xa5,0x08,
    0xa5,0x08,0xa5,0x08,0xa5,0x08,0xa5,0x08,0xa5,0x08,0xa5,0x08,0xa5,0x08,0xa5,0x08,
    0xa5,0x08,0xa5,0x08,0xa5,0x08,0xa5,0x08,0xa5,0x08,0xa5,0x08,0xa5,0x08,0xa5,0x08,
    0xa5,0x08,0xa5,0x08,0xa5,0x08,0xa5,0x08,0xa5,0x08,0xa5,0x08,0xa5,0x08,0xa5,0x08,
    0xa5,0x08,0xa5,0x08,0xa5,0x08,0xa5,0x08,0xa5,0x08,0xa5,0x08,0xa5,0x08,0xa5,0x08,
    0xa5,0x08,0xa5,0x08,0xa5,0x08,0xa5,0x08,0xa5,0x08,0xa5,0x08,0xa5,0x08,0xa5,0x08,
    0xa5,0x08,0xa5,0x08,0xa5,0x08,0xa5,0x08,0xa5,0x08,0xa5,0x08,0xa5,0x08,0xa5,0x08,
    0xa5,0x08,0xa5,0x08,0xa5,0x08,0xa5,0x08,0xa5,0x08,0xa5,0x08,0xa5,0x08,0xa5,0x08,
    0xa5,0x08,0xc5,0x10,0x85,0x00,0xe5,0x81,0x26,0xfb,0xe6,0xea,0xe6,0xf2,0xc6,0xf2,
    0xc6,0xf2,0xc6,0xf2,0xc6,0xf2,0xc6,0xf2,0xc6,0xea,0xe6,0xfa,0x85,0x61,0x85,0x00,
    0xc5,0x10,0xa5,0x08,0xa5,0x08,0xa5,0x08,0xa5,0x08,0xa5,0x08,0xa5,0x08,0xa5,0x08,
    0xa5,0x08,0xa5,0x08,0xa5,0x08,0xa5,0x08,0xa5,0x08,0xa5,0x08,0xa5,0x08,0xa5,0x08,
    0xa5,0x08,0xa5,0x08,0xa5,0x08,0xa5,0x08,0xa5,0x08,0xa5,0x08,0xa5,0x08,0xa5,0x08,
    0xa5,0x08,0xa5,0x08,0xa5,0x08,0xa5,0x08,0xa5,0x08,0xa5,0x08,0xa5,0x08,0xa5,0x08,
    0xa5,0x08,0xa5,0x08,0xa5,0x08,0xa5,0x08,0xa5,0x08,0xa5,0x08,0xa5,0x08,0xa5,0x08,
    0xa5,0x08,0xa5,0x08,0xa5,0x08,0xa5,0x08,0xa5,0x08,0xa5,0x08,0xa5,0x08,0xa5,0x08,
    0xa5,0x08,0xa5,0x08,0xa5,0x08,0xa5,0x08,0xa5,0x08,0xa5,0x08,0xa5,0x08,0xa5,0x08,
    0xa5,0x08,0xa5,0x08,0xa5,0x08,0xa5,0x08,0xa5,0x08,0xa5,0x08,0xa5,0x08,0xa5,0x08,
    0xa5,0x08,0xa5,0x08,0xa5,0x08,0xa5,0x08,0xa5,0x08,0xa5,0x08,0xa5,0x08,0xa5,0x08,
    0xa5,0x08,0xa5,0x08,0xa5,0x08,0xa5,0x08,0xa5,0x08,0xa5,0x08,0xa5,0x08,0xa5,0x08,
    0xa5,0x08,0xa5,0x08,0xa5,0x08,0xa5,0x08,0xa5,0x08,0xa5,0x08,0xa5,0x08,0xa5,0x08,
    0xa5,0x08,0xa5,0x08,0xa5,0x08,0xa5,0x08,0xa5,0x08,0xa5,0x08,0xa5,0x08,0xa5,0x08,
    0xa5,0x08,0xa5,0x08,0xa5,0x08,0xa5,0x08,0xa5,0x08,0xa5,0x08,0xa5,0x08,0xa5,0x08,
    0xa5,0x08,0xa5,0x08,0xa5,0x08,0xa5,0x08,0xa5,0x08,0xa5,0x08,0xa5,0x08,0xa5,0x08,
    0xa5,0x08,0xa5,0x08,0xa5,0x08,0xa5,0x08,0xa5,0x08,0xa5,0x08,0xa5,0x08,0xa5,0x08,
    0xa5,0x08,0xa5,0x08,0xa5,0x08,0xa5,0x08,0xa5,0x08,0xa5,0x08,0xa5,0x08,0xa5,0x08,
    0xa5,0x08,0xa5,0x08,0xa5,0x08,0xa5,0x08,0xa5,0x08,0xa5,0x08,0xa5,0x08,0xa5,0x08,
    0xa5,0x08,0xa5,0x08,0xa5,0x08,0xa5,0x08,0xa5,0x08,0xa5,0x08,0xa5,0x08,0xa5,0x08,
    0xa5,0x08,0xa5,0x08,0xa5,0x08,0xa5,0x08,0xa5,0x08,0xa5,0x08,0xa5,0x08,0xa5,0x08,
    0xa5,0x08,0xa5,0x08,0xa5,0x08,0xa5,0x08,0xa5,0x08,0xa5,0x08,0xa5,0x08,0xa5,0x08,
    0xa5,0x08,0xa5,0x08,0xa5,0x08,0xa5,0x08,0xa5,0x08,0xa5,0x08,0xa5,0x08,0xa5,0x08,
    0xa5,0x08,0xa5,0x08,0xa5,0x08,0xa5,0x08,0xa5,0x08,0xa5,0x08,0xa5,0x08,0xa5,0x08,
    0xa5,0x08,0xa5,0x08,0xa5,0x08,0xa5,0x08,0xa5,0x08,0xa5,0x08,0xa5,0x08,0xa5,0x08,
    0xa5,0x08,0xa5,0x08,0xa5,0x08,0xa5,0x08,0xa5,0x08,0xa5,0x08,0xa5,0x08,0xa5,0x08,
    0xa5,0x08,0xa5,0x08,0xa5,0x08,0xa5,0x08,0xa5,0x08,0xa5,0x08,0xa5,0x08,0xa5,0x08,
    0xa5,0x08,0xa5,0x08,0xa5,0x08,0xa5,0x08,0xa5,0x08,0xa5,0x10,0xa5,0x08,0xe5,0x18,
    0xc6,0xda,0xe6,0xf2,0xc6,0xf2,0xc6,0xf2,0xc6,0xf2,0xc6,0xf2,0xc6,0xf2,0xc6,0xf2,
    0xc6,0xea,0xe6,0xfa,0x66,0xc2,0xa5,0x00,0xc5,0x10,0xa5,0x08,0xa5,0x08,0xa5,0x08,
    0xa5,0x08,0xa5,0x08,0xa5,0x08,0xa5,0x08,0xa5,0x08,0xa5,0x08,0xa5,0x08,0xa5,0x08,
    0xa5,0x08,0xa5,0x08,0xa5,0x08,0xa5,0x08,0xa5,0x08,0xa5,0x08,0xa5,0x08,0xa5,0x08,
    0xa5,0x08,0xa5,0x08,0xa5,0x08,0xa5,0x08,0xa5,0x08,0xa5,0x08,0xa5,0x08,0xa5,0x08,
    0xa5,0x08,0xa5,0x08,0xa5,0x08,0xa5,0x08,0xa5,0x08,0xa5,0x08,0xa5,0x08,0xa5,0x08,
    0xa5,0x08,0xa5,0x08,0xa5,0x08,0xa5,0x08,0xa5,0x08,0xa5,0x08,0xa5,0x08,0xa5,0x08,
    0xa5,0x08,0xa5,0x08,0xa5,0x08,0xa5,0x08,0xa5,0x08,0xa5,0x08,0xa5,0x08,0xa5,0x08,
    0xa5,0x08,0xa5,0x08,0xa5,0x08,0xa5,0x08,0xa5,0x08,0xa5,0x08,0xa5,0x08,0xa5,0x08,
    0xa5,0x08,0xa5,0x08,0xa5,0x08,0xa5,0x08,0xa5,0x08,0xa5,0x08,0xa5,0x08,0xa5,0x08,
    0xa5,0x08,0xa5,0x08,0xa5,0x08,0xa5,0x08,0xa5,0x08,0xa5,0x08,0xa5,0x08,0xa5,0x08,
    0xa5,0x08,0xa5,0x08,0xa5,0x08,0xa5,0x08,0xa5,0x08,0xa5,0x08,0xa5,0x08,0xa5,0x08,
    0xa5,0x08,0xa5,0x08,0xa5,0x08,0xa5,0x08,0xa5,0x08,0xa5,0x08,0xa5,0x08,0xa5,0x08,
    0xa5,0x08,0xa5,0x08,0xa5,0x08,0xa5,0x08,0xa5,0x08,0xa5,0x08,0xa5,0x08,0xa5,0x08,
    0xa5,0x08,0xa5,0x08,0xa5,0x08,0xa5,0x08,0xa5,0x08,0xa5,0x08,0xa5,0x08,0xa5,0x08,
    0xa5,0x08,0xa5,0x08,0xa5,0x08,0xa5,0x08,0xa5,0x08,0xa5,0x08,0xa5,0x08,0xa5,0x08,
    0xa5,0x08,0xa5,0x08,0xa5,0x08,0xa5,0x08,0xa5,0x08,0xa5,0x08,0xa5,0x08,0xa5,0x08,
    0xa5,0x08,0xa5,0x08,0xa5,0x08,0xa5,0x08,0xa5,0x08,0xa5,0x08,0xa5,0x08,0xa5,0x08,
    0xa5,0x08,0xa5,0x08,0xa5,0x08,0xa5,0x08,0xa5,0x08,0xa5,0x08,0xa5,0x08,0xa5,0x08,
    0xa5,0x08,0xa5,0x08,0xa5,0x08,0xa5,0x08,0xa5,0x08,0xa5,0x08,0xa5,0x08,0xa5,0x08,
    0xa5,0x08,0xa5,0x08,0xa5,0x08,0xa5,0x08,0xa5,0x08,0xa5,0x08,0xa5,0x08,0xa5,0x08,
    0xa5,0x08,0xa5,0x08,0xa5,0x08,0xa5,0x08,0xa5,0x08,0xa5,0x08,0xa5,0x08,0xa5,0x08,
    0xa5,0x08,0xa5,0x08,0xa5,0x08,0xa5,0x08,0xa5,0x08,0xa5,0x08,0xa5,0x08,0xa5,0x08,
    0xa5,0x08,0xa5,0x08,0xa5,0x08,0xa5,0x08,0xa5,0x08,0xa5,0x08,0xa5,0x08,0xa5,0x08,
    0xa5,0x08,0xa5,0x08,0xa5,0x08,0xa5,0x08,0xa5,0x08,0xa5,0x08,0xa5,0x08,0xa5,0x08,
    0xa5,0x08,0xa5,0x08,0xa5,0x08,0xa5,0x08,0xa5,0x08,0xa5,0x08,0xa5,0x08,0xa5,0x08,
    0xa5,0x08,0xa5,0x08,0xa5,0x08,0xa5,0x08,0xa5,0x08,0xa5,0x08,0xa5,0x08,0xa5,0x08,
    0xa5,0x08,0xa5,0x08,0xc5,0x10,0x85,0x00,0x85,0x61,0x06,0xfb,0xc6,0xea,0xc6,0xf2,
    0xc6,0xf2,0xc6,0xf2,0xc6,0xf2,0xc6,0xf2,0xc6,0xf2,0xc6,0xf2,0xc6,0xf2,0x05,0x31,
    0xa5,0x00,0xa5,0x10,0xa5,0x08,0xa5,0x08,0xa5,0x08,0xa5,0x08,0xa5,0x08,0xa5,0x08,
    0xa5,0x08,0xa5,0x08,0xa5,0x08,0xa5,0x08,0xa5,0x08,0xa5,0x08,0xa5,0x08,0xa5,0x08,
    0xa5,0x08,0xa5,0x08,0xa5,0x08,0xa5,0x08,0xa5,0x08,0xa5,0x08,0xa5,0x08,0xa5,0x08,
    0xa5,0x08,0xa5,0x08,0xa5,0x08,0xa5,0x08,0xa5,0x08,0xa5,0x08,0xa5,0x08,0xa5,0x08,
    0xa5,0x08,0xa5,0x08,0xa5,0x08,0xa5,0x08,0xa5,0x08,0xa5,0x08,0xa5,0x08,0xa5,0x08,
    0xa5,0x08,0xa5,0x08,0xa5,0x08,0xa5,0x08,0xa5,0x08,0xa5,0x08,0xa5,0x08,0xa5,0x08,
    0xa5,0x08,0xa5,0x08,0xa5,0x08,0xa5,0x08,0xa5,0x08,0xa5,0x08,0xa5,0x08,0xa5,0x08,
    0xa5,0x08,0xa5,0x08,0xa5,0x08,0xa5,0x08,0xa5,0x08,0xa5,0x08,0xa5,0x08,0xa5,0x08,
    0xa5,0x08,0xa5,0x08,0xa5,0x08,0xa5,0x08,0xa5,0x08,0xa5,0x08,0xa5,0x08,0xa5,0x08,
    0xa5,0x08,0xa5,0x08,0xa5,0x08,0xa5,0x08,0xa5,0x08,0xa5,0x08,0xa5,0x08,0xa5,0x08,
    0xa5,0x08,0xa5,0x08,0xa5,0x08,0xa5,0x08,0xa5,0x08,0xa5,0x08,0xa5,0x08,0xa5,0x08,
    0xa5,0x08,0xa5,0x08,0xa5,0x08,0xa5,0x08,0xa5,0x08,0xa5,0x08,0xa5,0x08,0xa5,0x08,
    0xa5,0x08,0xa5,0x08,0xa5,0x08,0xa5,0x08,0xa5,0x08,0xa5,0x08,0xa5,0x08,0xa5,0x08,
    0xa5,0x08,0xa5,0x08,0xa5,0x08,0xa5,0x08,0xa5,0x08,0xa5,0x08,0xa5,0x08,0xa5,0x08,
    0xa5,0x08,0xa5,0x08,0xa5,0x08,0xa5,0x08,0xa5,0x08,0xa5,0x08,0xa5,0x08,0xa5,0x08,
    0xa5,0x08,0xa5,0x08,0xa5,0x08,0xa5,0x08,0xa5,0x08,0xa5,0x08,0xa5,0x08,0xa5,0x08,
    0xa5,0x08,0xa5,0x08,0xa5,0x08,0xa5,0x08,0xa5,0x08,0xa5,0x08,0xa5,0x08,0xa5,0x08,
    0xa5,0x08,0xa5,0x08,0xa5,0x08,0xa5,0x08,0xa5,0x08,0xa5,0x08,0xa5,0x08,0xa5,0x08,
    0xa5,0x08,0xa5,0x08,0xa5,0x08,0xa5,0x08,0xa5,0x08,0xa5,0x08,0xa5,0x08,0xa5,0x08,
    0xa5,0x08,0xa5,0x08,0xa5,0x08,0xa5,0x08,0xa5,0x08,0xa5,0x08,0xa5,0x08,0xa5,0x08,
    0xa5,0x08,0xa5,0x08,0xa5,0x08,0xa5,0x08,0xa5,0x08,0xa5,0x08,0xa5,0x08,0xa5,0x08,
    0xa5,0x08,0xa5,0x08,0xa5,0x08,0xa5,0x08,0xa5,0x08,0xa5,0x08,0xa5,0x08,0xa5,0x08,
    0xa5,0x08,0xa5,0x08,0xa5,0x08,0xa5,0x08,0xa5,0x08,0xa5,0x08,0xa5,0x08,0xa5,0x08,
    0xa5,0x08,0xa5,0x08,0xa5,0x08,0xa5,0x08,0xa5,0x08,0xa5,0x08,0xa5,0x08,0xa5,0x08,
    0xa5,0x08,0xa5,0x08,0xa5,0x08,0xa5,0x08,0xa5,0x08,0xa5,0x08,0xa5,0x08,0xa5,0x08,
    0xa5,0x08,0xa5,0x08,0xa5,0x08,0xa5,0x08,0xa5,0x08,0xa5,0x08,0xa5,0x10,0xa5,0x08,
    0xc5,0x10,0xa6,0xda,0xc6,0xf2,0xc6,0xea,0xc6,0xf2,0xc6,0xf2,0xc7,0xf2,0xc7,0xf2,
    0xc7,0xf2,0xa7,0xea,0xe7,0xfa,0xc6,0x89,0x85,0x00,0xc5,0x10,0xa5,0x08,0xa5,0x08,
    0xa5,0x08,0xa5,0x08,0xa5,0x08,0xa5,0x08,0xa5,0x08,0xa5,0x08,0xa5,0x08,0xa5,0x08,
    0xa5,0x08,0xa5,0x08,0xa5,0x08,0xa5,0x08,0xa5,0x08,0xa5,0x08,0xa5,0x08,0xa5,0x08,
    0xa5,0x08,0xa5,0x08,0xa5,0x08,0xa5,0x08,0xa5,0x08,0xa5,0x08,0xa5,0x08,0xa5,0x08,
    0xa5,0x08,0xa5,0x08,0xa5,0x08,0xa5,0x08,0xa5,0x08,0xa5,0x08,0xa5,0x08,0xa5,0x08,
    0xa5,0x08,0xa5,0x08,0xa5,0x08,0xa5,0x08,0xa5,0x08,0xa5,0x08,0xa5,0x08,0xa5,0x08,
    0xa5,0x08,0xa5,0x08,0xa5,0x08,0xa5,0x08,0xa5,0x08,0xa5,0x08,0xa5,0x08,0xa5,0x08,
    0xa5,0x08,0xa5,0x08,0xa5,0x08,0xa5,0x08,0xa5,0x08,0xa5,0x08,0xa5,0x08,0xa5,0x08,
    0xa5,0x08,0xa5,0x08,0xa5,0x08,0xa5,0x08,0xa5,0x08,0xa5,0x08,0xa5,0x08,0xa5,0x08,
    0xa5,0x08,0xa5,0x08,0xa5,0x08,0xa5,0x08,0xa5,0x08,0xa5,0x08,0xa5,0x08,0xa5,0x08,
    0xa5,0x08,0xa5,0x08,0xa5,0x08,0xa5,0x08,0xa5,0x08,0xa5,0x08,0xa5,0x08,0xa5,0x08,
    0xa5,0x08,0xa5,0x08,0xa5,0x08,0xa5,0x08,0xa5,0x08,0xa5,0x08,0xa5,0x08,0xa5,0x08,
    0xa5,0x08,0xa5,0x08,0xa5,0x08,0xa5,0x08,0xa5,0x08,0xa5,0x08,0xa5,0x08,0xa5,0x08,
    0xa5,0x08,0xa5,0x08,0xa5,0x08,0xa5,0x08,0xa5,0x08,0xa5,0x08,0xa5,0x08,0xa5,0x08,
    0xa5,0x08,0xa5,0x08,0xa5,0x08,0xa5,0x08,0xa5,0x08,0xa5,0x08,0xa5,0x08,0xa5,0x08,
    0xa5,0x08,0xa5,0x08,0xa5,0x08,0xa5,0x08,0xa5,0x08,0xa5,0x08,0xa5,0x08,0xa5,0x08,
    0xa5,0x08,0xa5,0x08,0xa5,0x08,0xa5,0x08,0xa5,0x08,0xa5,0x08,0xa5,0x08,0xa5,0x08,
    0xa5,0x08,0xa5,0x08,0xa5,0x08,0xa5,0x08,0xa5,0x08,0xa5,0x08,0xa5,0x08,0xa5,0x08,
    0xa5,0x08,0xa5,0x08,0xa5,0x08,0xa5,0x08,0xa5,0x08,0xa5,0x08,0xa5,0x08,0xa5,0x08,
    0xa5,0x08,0xa5,0x08,0xa5,0x08,0xa5,0x08,0xa5,0x08,0xa5,0x08,0xa5,0x08,0xa5,0x08,
    0xa5,0x08,0xa5,0x08,0xa5,0x08,0xa5,0x08,0xa5,0x08,0xa5,0x08,0xa5,0x08,0xa5,0x08,
    0xa5,0x08,0xa5,0x08,0xa5,0x08,0xa5,0x08,0xa5,0x08,0xa5,0x08,0xa5,0x08,0xa5,0x08,
    0xa5,0x08,0xa5,0x08,0xa5,0x08,0xa5,0x08,0xa5,0x08,0xa5,0x08,0xa5,0x08,0xa5,0x08,
    0xa5,0x08,0xa5,0x08,0xa5,0x08,0xa5,0x08,0xa5,0x08,0xa5,0x08,0xa5,0x08,0xa5,0x08,
    0xa5,0x08,0xa5,0x08,0xa5,0x08,0xa5,0x08,0xa5,0x08,0xa5,0x08,0xa5,0x08,0xa5,0x08,
    0xa5,0x08,0xa5,0x08,0xa5,0x08,0xa5,0x08,0xa5,0x08,0xa5,0x08,0xa5,0x08,0xa5,0x08,
    0xa5,0x08,0xa5,0x08,0xa5,0x08,0xc5,0x10,0x85,0x00,0xe6,0x89,0xe6,0xfa,0xc6,0xea,
    0xc7,0xf2,0xa7,0xf2,0xa7,0xf2,0xa7,0xf2,0xa7,0xf2,0xa7,0xea,0xc7,0xfa,0x46,0xc2,
    0xa5,0x08,0xc5,0x10,0xa5,0x08,0xa5,0x08,0xa5,0x08,0xa5,0x08,0xa5,0x08,0xa5,0x08,
    0xa5,0x08,0xa5,0x08,0xa5,0x08,0xa5,0x08,0xa5,0x08,0xa5,0x08,0xa5,0x08,0xa5,0x08,
    0xa5,0x08,0xa5,0x08,0xa5,0x08,0xa5,0x08,0xa5,0x08,0xa5,0x08,0xa5,0x08,0xa5,0x08,
    0xa5,0x08,0xa5,0x08,0xa5,0x08,0xa5,0x08,0xa5,0x08,0xa5,0x08,0xa5,0x08,0xa5,0x08,
    0xa5,0x08,0xa5,0x08,0xa5,0x08,0xa5,0x08,0xa5,0x08,0xa5,0x08,0xa5,0x08,0xa5,0x08,
    0xa5,0x08,0xa5,0x08,0xa5,0x08,0xa5,0x08,0xa5,0x08,0xa5,0x08,0xa5,0x08,0xa5,0x08,
    0xa5,0x08,0xa5,0x08,0xa5,0x08,0xa5,0x08,0xa5,0x08,0xa5,0x08,0xa5,0x08,0xa5,0x08,
    0xa5,0x08,0xa5,0x08,0xa5,0x08,0xa5,0x08,0xa5,0x08,0xa5,0x08,0xa5,0x08,0xa5,0x08,
    0xa5,0x08,0xa5,0x08,0xa5,0x08,0xa5,0x08,0xa5,0x08,0xa5,0x08,0xa5,0x08,0xa5,0x08,
    0xa5,0x08,0xa5,0x08,0xa5,0x08,0xa5,0x08,0xa5,0x08,0xa5,0x08,0xa5,0x08,0xa5,0x08,
    0xa5,0x08,0xa5,0x08,0xa5,0x08,0xa5,0x08,0xa5,0x08,0xa5,0x08,0xa5,0x08,0xa5,0x08,
    0xa5,0x08,0xa5,0x08,0xa5,0x08,0xa5,0x08,0xa5,0x08,0xa5,0x08,0xa5,0x08,0xa5,0x08,
    0xa5,0x08,0xa5,0x08,0xa5,0x08,0xa5,0x08,0xa5,0x08,0xa5,0x08,0xa5,0x08,0xa5,0x08,
    0xa5,0x08,0xa5,0x08,0xa5,0x08,0xa5,0x08,0xa5,0x08,0xa5,0x08,0xa5,0x08,0xa5,0x08,
    0xa5,0x08,0xa5,0x08,0xa5,0x08,0xa5,0x08,0xa5,0x08,0xa5,0x08,0xa5,0x08,0xa5,0x08,
    0xa5,0x08,0xa5,0x08,0xa5,0x08,0xa5,0x08,0xa5,0x08,0xa5,0x08,0xa5,0x08,0xa5,0x08,
    0xa5,0x08,0xa5,0x08,0xa5,0x08,0xa5,0x08,0xa5,0x08,0xa5,0x08,0xa5,0x08,0xa5,0x08,
    0xa5,0x08,0xa5,0x08,0xa5,0x08,0xa5,0x08,0xa5,0x08,0xa5,0x08,0xa5,0x08,0xa5,0x08,
    0xa5,0x08,0xa5,0x08,0xa5,0x08,0xa5,0x08,0xa5,0x08,0xa5,0x08,0xa5,0x08,0xa5,0x08,
    0xa5,0x08,0xa5,0x08,0xa5,0x08,0xa5,0x08,0xa5,0x08,0xa5,0x08,0xa5,0x08,0xa5,0x08,
    0xa5,0x08,0xa5,0x08,0xa5,0x08,0xa5,0x08,0xa5,0x08,0xa5,0x08,0xa5,0x08,0xa5,0x08,
    0xa5,0x08,0xa5,0x08,0xa5,0x08,0xa5,0x08,0xa5,0x08,0xa5,0x08,0xa5,0x08,0xa5,0x08,
    0xa5,0x08,0xa5,0x08,0xa5,0x08,0xa5,0x08,0xa5,0x08,0xa5,0x08,0xa5,0x08,0xa5,0x08,
    0xa5,0x08,0xa5,0x08,0xa5,0x08,0xa5,0x08,0xa5,0x08,0xa5,0x08,0xa5,0x08,0xa5,0x08,
    0xa5,0x08,0xa5,0x08,0xa5,0x08,0xa5,0x08,0xa5,0x08,0xa5,0x08,0xa5,0x08,0xa5,0x08,
    0xa5,0x08,0xa5,0x08,0xa5,0x08,0xa5,0x08,0xa5,0x08,0xa5,0x08,0xa5,0x08,0xc5,0x10,
    0xa5,0x00,0x25,0x41,0xc6,0xf2,0xc6,0xea,0xa7,0xf2,0xa7,0xf2,0xa7,0xf2,0xa7,0xf2,
    0xa7,0xf2,0xa7,0xf2,0xa7,0xf2,0xa7,0xea,0x05,0x31,0xa5,0x00,0xa5,0x10,0xa5,0x08,
    0xa5,0x08,0xa5,0x08,0xa5,0x08,0xa5,0x08,0xa5,0x08,0xa5,0x08,0xa5,0x08,0xa5,0x08,
    0xa5,0x08,0xa5,0x08,0xa5,0x08,0xa5,0x08,0xa5,0x08,0xa5,0x08,0xa5,0x08,0xa5,0x08,
    0xa5,0x08,0xa5,0x08,0xa5,0x08,0xa5,0x08,0xa5,0x08,0xa5,0x08,0xa5,0x08,0xa5,0x08,
    0xa5,0x08,0xa5,0x08,0xa5,0x08,0xa5,0x08,0xa5,0x08,0xa5,0x08,0xa5,0x08,0xa5,0x08,
    0xa5,0x08,0xa5,0x08,0xa5,0x08,0xa5,0x08,0xa5,0x08,0xa5,0x08,0xa5,0x08,0xa5,0x08,
    0xa5,0x08,0xa5,0x08,0xa5,0x08,0xa5,0x08,0xa5,0x08,0xa5,0x08,0xa5,0x08,0xa5,0x08,
    0xa5,0x08,0xa5,0x08,0xa5,0x08,0xa5,0x08,0xa5,0x08,0xa5,0x08,0xa5,0x08,0xa5,0x08,
    0xa5,0x08,0xa5,0x08,0xa5,0x08,0xa5,0x08,0xa5,0x08,0xa5,0x08,0xa5,0x08,0xa5,0x08,
    0xa5,0x08,0xa5,0x08,0xa5,0x08,0xa5,0x08,0xa5,0x08,0xa5,0x08,0xa5,0x08,0xa5,0x08,
    0xa5,0x08,0xa5,0x08,0xa5,0x08,0xa5,0x08,0xa5,0x08,0xa5,0x08,0xa5,0x08,0xa5,0x08,
    0xa5,0x08,0xa5,0x08,0xa5,0x08,0xa5,0x08,0xa5,0x08,0xa5,0x08,0xa5,0x08,0xa5,0x08,
    0xa5,0x08,0xa5,0x08,0xa5,0x08,0xa5,0x08,0xa5,0x08,0xa5,0x08,0xa5,0x08,0xa5,0x08,
    0xa5,0x08,0xa5,0x08,0xa5,0x08,0xa5,0x08,0xa5,0x08,0xa5,0x08,0xa5,0x08,0xa5,0x08,
    0xa5,0x08,0xa5,0x08,0xa5,0x08,0xa5,0x08,0xa5,0x08,0xa5,0x08,0xa5,0x08,0xa5,0x08,
    0xa5,0x08,0xa5,0x08,0xa5,0x08,0xa5,0x08,0xa5,0x08,0xa5,0x08,0xa5,0x08,0xa5,0x08,
    0xa5,0x08,0xa5,0x08,0xa5,0x08,0xa5,0x08,0xa5,0x08,0xa5,0x08,0xa5,0x08,0xa5,0x08,
    0xa5,0x08,0xc5,0x10,0xc5,0x10,0xc5,0x10,0xc5,0x10,0xc5,0x10,0xa5,0x08,0xa5,0x08,
    0xa5,0x08,0xa5,0x08,0xa5,0x08,0xa5,0x08,0xa5,0x08,0xa5,0x08,0xa5,0x08,0xa5,0x08,
    0xa5,0x08,0xa5,0x08,0xa5,0x08,0xa5,0x08,0xa5,0x08,0xa5,0x08,0xa5,0x08,0xa5,0x08,
    0xa5,0x08,0xa5,0x08,0xa5,0x08,0xa5,0x08,0xa5,0x08,0xa5,0x08,0xa5,0x08,0xa5,0x08,
    0xa5,0x08,0xa5,0x08,0xa5,0x08,0xa5,0x08,0xa5,0x08,0xa5,0x08,0xa5,0x08,0xa5,0x08,
    0xa5,0x08,0xa5,0x08,0xa5,0x08,0xa5,0x08,0xa5,0x08,0xa5,0x08,0xa5,0x08,0xa5,0x08,
    0xa5,0x08,0xa5,0x08,0xa5,0x08,0xa5,0x08,0xa5,0x08,0xa5,0x08,0xa5,0x08,0xa5,0x08,
    0xa5,0x08,0xa5,0x08,0xa5,0x08,0xa5,0x08,0xa5,0x08,0xa5,0x08,0xa5,0x08,0xa5,0x08,
    0xa5,0x08,0xa5,0x08,0xa5,0x08,0xa5,0x08,0xa5,0x08,0xa5,0x08,0xa5,0x08,0xa5,0x08,
    0xa5,0x08,0xa5,0x08,0xa5,0x08,0xa5,0x08,0xc5,0x10,0xa5,0x08,0x46,0xba,0xc7,0xfa,
    0xa7,0xea,0xa7,0xf2,0xa7,0xf2,0xa7,0xf2,0xa7,0xf2,0xa7,0xf2,0xa7,0xea,0xc7,0xfa,
    0xc6,0x89,0x85,0x00,0xc5,0x10,0xa5,0x08,0xa5,0x08,0xa5,0x08,0xa5,0x08,0xa5,0x08,
    0xa5,0x08,0xa5,0x08,0xa5,0x08,0xa5,0x08,0xa5,0x08,0xa5,0x08,0xa5,0x08,0xa5,0x08,
    0xa5,0x08,0xa5,0x08,0xa5,0x08,0xa5,0x08,0xa5,0x08,0xa5,0x08,0xa5,0x08,0xa5,0x08,
    0xa5,0x08,0xa5,0x08,0xa5,0x08,0xa5,0x08,0xa5,0x08,0xa5,0x08,0xa5,0x08,0xa5,0x08,
    0xa5,0x08,0xa5,0x08,0xa5,0x08,0xa5,0x08,0xa5,0x08,0xa5,0x08,0xa5,0x08,0xa5,0x08,
    0xa5,0x08,0xa5,0x08,0xa5,0x08,0xa5,0x08,0xa5,0x08,0xa5,0x08,0xa5,0x08,0xa5,0x08,
    0xa5,0x08,0xa5,0x08,0xa5,0x08,0xa5,0x08,0xa5,0x08,0xa5,0x08,0xa5,0x08,0xa5,0x08,
    0xa5,0x08,0xa5,0x08,0xa5,0x08,0xa5,0x08,0xa5,0x08,0xa5,0x08,0xa5,0x08,0xa5,0x08,
    0xa5,0x08,0xa5,0x08,0xa5,0x08,0xa5,0x08,0xa5,0x08,0xa5,0x08,0xa5,0x08,0xa5,0x08,
    0xa5,0x08,0xa5,0x08,0xa5,0x08,0xa5,0x08,0xa5,0x08,0xa5,0x08,0xa5,0x08,0xa5,0x08,
    0xa5,0x08,0xa5,0x08,0xa5,0x08,0xa5,0x08,0xa5,0x08,0xa5,0x08,0xa5,0x08,0xa5,0x08,
    0xa5,0x08,0xa5,0x08,0xa5,0x08,0xa5,0x08,0xa5,0x08,0xa5,0x08,0xa5,0x08,0xa5,0x08,
    0xa5,0x08,0xa5,0x08,0xa5,0x08,0xa5,0x08,0xa5,0x08,0xa5,0x08,0xa5,0x08,0xa5,0x08,
    0xa5,0x08,0xa5,0x08,0xa5,0x08,0xa5,0x08,0xa5,0x08,0xa5,0x08,0xa5,0x08,0xa5,0x08,
    0xa5,0x08,0xa5,0x08,0xa5,0x08,0xa5,0x08,0xa5,0x08,0xa5,0x08,0xa5,0x08,0xa5,0x08,
    0xa5,0x08,0xa5,0x08,0xa5,0x08,0xa5,0x08,0xa5,0x08,0xa5,0x08,0xa5,0x08,0xa5,0x08,
    0xa5,0x08,0xa5,0x08,0xa5,0x08,0xc5,0x10,0xc5,0x10,0xa5,0x08,0x85,0x00,0x85,0x00,
    0x85,0x00,0x85,0x00,0xa5,0x08,0xc5,0x10,0xa5,0x08,0xa5,0x08,0xa5,0x08,0xa5,0x08,
    0xa5,0x08,0xa5,0x08,0xa5,0x08,0xa5,0x08,0xa5,0x08,0xa5,0x08,0xa5,0x08,0xa5,0x08,
    0xa5,0x08,0xa5,0x08,0xa5,0x08,0xa5,0x08,0xa5,0x08,0xa5,0x08,0xa5,0x08,0xa5,0x08,
    0xa5,0x08,0xa5,0x08,0xa5,0x08,0xa5,0x08,0xa5,0x08,0xa5,0x08,0xa5,0x08,0xa5,0x08,
    0xa5,0x08,0xa5,0x08,0xa5,0x08,0xa5,0x08,0xa5,0x08,0xa5,0x08,0xa5,0x08,0xa5,0x08,
    0xa5,0x08,0xa5,0x08,0xa5,0x08,0xa5,0x08,0xa5,0x08,0xa5,0x08,0xa5,0x08,0xa5,0x08,
    0xa5,0x08,0xa5,0x08,0xa5,0x08,0xa5,0x08,0xa5,0x08,0xa5,0x08,0xa5,0x08,0xa5,0x08,
    0xa5,0x08,0xa5,0x08,0xa5,0x08,0xa5,0x08,0xa5,0x08,0xa5,0x08,0xa5,0x08,0xa5,0x08,
    0xa5,0x08,0xa5,0x08,0xa5,0x08,0xa5,0x08,0xa5,0x08,0xa5,0x08,0xa5,0x08,0xa5,0x08,
    0xc5,0x10,0x85,0x00,0xc6,0x81,0xe7,0xfa,0xa7,0xea,0xa7,0xf2,0xa7,0xf2,0xa7,0xf2,
    0xa7,0xf2,0xa7,0xf2,0x87,0xea,0xa7,0xfa,0x66,0xca,0xa5,0x10,0xa5,0x08,0xa5,0x08,
    0xa5,0x08,0xa5,0x08,0xa5,0x08,0xa5,0x08,0xa5,0x08,0xa5,0x08,0xa5,0x08,0xa5,0x08,
    0xa5,0x08,0xa5,0x08,0xa5,0x08,0xa5,0x08,0xa5,0x08,0xa5,0x08,0xa5,0x08,0xa5,0x08,
    0xa5,0x08,0xa5,0x08,0xa5,0x08,0xa5,0x08,0xa5,0x08,0xa5,0x08,0xa5,0x08,0xa5,0x08,
    0xa5,0x08,0xa5,0x08,0xa5,0x08,0xa5,0x08,0xa5,0x08,0xa5,0x08,0xa5,0x08,0xa5,0x08,
    0xa5,0x08,0xa5,0x08,0xa5,0x08,0xa5,0x08,0xa5,0x08,0xa5,0x08,0xa5,0x08,0xa5,0x08,
    0xa5,0x08,0xa5,0x08,0xa5,0x08,0xa5,0x08,0xa5,0x08,0xa5,0x08,0xa5,0x08,0xa5,0x08,
    0xa5,0x08,0xa5,0x08,0xa5,0x08,0xa5,0x08,0xa5,0x08,0xa5,0x08,0xa5,0x08,0xa5,0x08,
    0xa5,0x08,0xa5,0x08,0xa5,0x08,0xa5,0x08,0xa5,0x08,0xa5,0x08,0xa5,0x08,0xa5,0x08,
    0xa5,0x08,0xa5,0x08,0xa5,0x08,0xa5,0x08,0xa5,0x08,0xa5,0x08,0xa5,0x08,0xa5,0x08,
    0xa5,0x08,0xa5,0x08,0xa5,0x08,0xa5,0x08,0xa5,0x08,0xa5,0x08,0xa5,0x08,0xa5,0x08,
    0xa5,0x08,0xa5,0x08,0xa5,0x08,0xa5,0x08,0xa5,0x08,0xa5,0x08,0xa5,0x08,0xa5,0x08,
    0xa5,0x08,0xa5,0x08,0xa5,0x08,0xa5,0x08,0xa5,0x08,0xa5,0x08,0xa5,0x08,0xa5,0x08,
    0xa5,0x08,0xa5,0x08,0xa5,0x08,0xa5,0x08,0xa5,0x08,0xa5,0x08,0xa5,0x08,0xa5,0x08,
    0xa5,0x08,0xa5,0x08,0xa5,0x08,0xa5,0x08,0xa5,0x08,0xa5,0x08,0xa5,0x08,0xa5,0x08,
    0xa5,0x08,0xa5,0x08,0xa5,0x08,0xa5,0x08,0xa5,0x08,0xa5,0x08,0xa5,0x08,0xa5,0x08,
    0xa5,0x08,0xa5,0x08,0xa5,0x08,0xa5,0x08,0xa5,0x08,0xa5,0x08,0xc5,0x10,0xa5,0x08,
    0x85,0x00,0x05,0x21,0xe4,0x61,0x44,0x82,0x24,0x7a,0x65,0x41,0xa5,0x08,0x85,0x00,
    0xc5,0x10,0xa5,0x10,0xa5,0x08,0xa5,0x08,0xa5,0x08,0xa5,0x08,0xa5,0x08,0xa5,0x08,
    0xa5,0x08,0xa5,0x08,0xa5,0x08,0xa5,0x08,0xa5,0x08,0xa5,0x08,0xa5,0x08,0xa5,0x08,
    0xa5,0x08,0xa5,0x08,0xa5,0x08,0xa5,0x08,0xa5,0x08,0xa5,0x08,0xa5,0x08,0xa5,0x08,
    0xa5,0x08,0xa5,0x08,0xa5,0x08,0xa5,0x08,0xa5,0x08,0xa5,0x08,0xa5,0x08,0xa5,0x08,
    0xa5,0x08,0xa5,0x08,0xa5,0x08,0xa5,0x08,0xa5,0x08,0xa5,0x08,0xa5,0x08,0xa5,0x08,
    0xa5,0x08,0xa5,0x08,0xa5,0x08,0xa5,0x08,0xa5,0x08,0xa5,0x08,0xa5,0x08,0xa5,0x08,
    0xa5,0x08,0xa5,0x08,0xa5,0x08,0xa5,0x08,0xa5,0x08,0xa5,0x08,0xa5,0x08,0xa5,0x08,
    0xa5,0x08,0xa5,0x08,0xa5,0x08,0xa5,0x08,0xa5,0x08,0xa5,0x08,0xa5,0x08,0xa5,0x08,
    0xa5,0x08,0xa5,0x08,0xa5,0x08,0xa5,0x08,0xc5,0x10,0xa5,0x00,0x25,0x41,0xc7,0xfa,
    0xa7,0xea,0xa7,0xf2,0xa7,0xf2,0x87,0xf2,0x87,0xf2,0x87,0xf2,0x87,0xf2,0x87,0xf2,
    0xa7,0xf2,0x05,0x31,0xa5,0x00,0xc5,0x10,0xa5,0x08,0xa5,0x08,0xa5,0x08,0xa5,0x08,
    0xa5,0x08,0xa5,0x08,0xa5,0x08,0xa5,0x08,0xa5,0x08,0xa5,0x08,0xa5,0x08,0xa5,0x08,
    0xa5,0x08,0xa5,0x08,0xa5,0x08,0xa5,0x08,0xa5,0x08,0xa5,0x08,0xa5,0x08,0xa5,0x08,
    0xa5,0x08,0xa5,0x08,0xa5,0x08,0xa5,0x08,0xa5,0x08,0xa5,0x08,0xa5,0x08,0xa5,0x08,
    0xa5,0x08,0xa5,0x08,0xa5,0x08,0xa5,0x08,0xa5,0x08,0xa5,0x08,0xa5,0x08,0xa5,0x08,
    0xa5,0x08,0xa5,0x08,0xa5,0x08,0xa5,0x08,0xa5,0x08,0xa5,0x08,0xa5,0x08,0xa5,0x08,
    0xa5,0x08,0xa5,0x08,0xa5,0x08,0xa5,0x08,0xa5,0x08,0xa5,0x08,0xa5,0x08,0xa5,0x08,
    0xa5,0x08,0xa5,0x08,0xa5,0x08,0xa5,0x08,0xa5,0x08,0xa5,0x08,0xa5,0x08,0xa5,0x08,
    0xa5,0x08,0xa5,0x08,0xa5,0x08,0xa5,0x08,0xa5,0x08,0xa5,0x08,0xa5,0x08,0xa5,0x08,
    0xa5,0x08,0xa5,0x08,0xa5,0x08,0xa5,0x08,0xa5,0x08,0xa5,0x08,0xa5,0x08,0xa5,0x08,
    0xa5,0x08,0xa5,0x08,0xa5,0x08,0xa5,0x08,0xa5,0x08,0xa5,0x08,0xa5,0x08,0xa5,0x08,
    0xa5,0x08,0xa5,0x08,0xa5,0x08,0xa5,0x08,0xa5,0x08,0xa5,0x08,0xa5,0x08,0xa5,0x08,
    0xa5,0x08,0xa5,0x08,0xa5,0x08,0xa5,0x08,0xa5,0x08,0xa5,0x08,0xa5,0x08,0xa5,0x08,
    0xa5,0x08,0xa5,0x08,0xa5,0x08,0xa5,0x08,0xa5,0x08,0xa5,0x08,0xa5,0x08,0xa5,0x08,
    0xa5,0x08,0xa5,0x08,0xa5,0x08,0xa5,0x08,0xa5,0x08,0xa5,0x08,0xa5,0x08,0xa5,0x08,
    0xa5,0x08,0xa5,0x08,0xa5,0x08,0xa5,0x08,0xa5,0x08,0xa5,0x08,0xa5,0x08,0xa5,0x08,
    0xa5,0x08,0xc5,0x10,0x85,0x00,0xc5,0x18,0x84,0x92,0xc4,0xeb,0xe4,0xfb,0xe4,0xfb,
    0xc4,0xfb,0xa4,0xfb,0xe5,0xc2,0x65,0x49,0xa5,0x00,0xa5,0x08,0xa5,0x10,0xa5,0x08,
    0xa5,0x08,0xa5,0x08,0xa5,0x08,0xa5,0x08,0xa5,0x08,0xa5,0x08,0xa5,0x08,0xa5,0x08,
    0xa5,0x08,0xa5,0x08,0xa5,0x08,0xa5,0x08,0xa5,0x08,0xa5,0x08,0xa5,0x08,0xa5,0x08,
    0xa5,0x08,0xa5,0x08,0xa5,0x08,0xa5,0x08,0xa5,0x08,0xa5,0x08,0xa5,0x08,0xa5,0x08,
    0xa5,0x08,0xa5,0x08,0xa5,0x08,0xa5,0x08,0xa5,0x08,0xa5,0x08,0xa5,0x08,0xa5,0x08,
    0xa5,0x08,0xa5,0x08,0xa5,0x08,0xa5,0x08,0xa5,0x08,0xa5,0x08,0xa5,0x08,0xa5,0x08,
    0xa5,0x08,0xa5,0x08,0xa5,0x08,0xa5,0x08,0xa5,0x08,0xa5,0x08,0xa5,0x08,0xa5,0x08,
    0xa5,0x08,0xa5,0x08,0xa5,0x08,0xa5,0x08,0xa5,0x08,0xa5,0x08,0xa5,0x08,0xa5,0x08,
    0xa5,0x08,0xa5,0x08,0xa5,0x08,0xa5,0x08,0xa5,0x08,0xa5,0x08,0xa5,0x08,0xa5,0x08,
    0xa5,0x08,0xc5,0x10,0xa5,0x00,0x26,0xb2,0xc7,0xfa,0x87,0xea,0x87,0xf2,0x87,0xf2,
    0x87,0xf2,0x87,0xf2,0x87,0xf2,0x87,0xea,0xa7,0xfa,0x66,0x61,0x85,0x00,0xc5,0x10,
    0xa5,0x08,0xa5,0x08,0xa5,0x08,0xa5,0x08,0xa5,0x08,0xa5,0x08,0xa5,0x08,0xa5,0x08,
    0xa5,0x08,0xa5,0x08,0xa5,0x08,0xa5,0x08,0xa5,0x08,0xa5,0x08,0xa5,0x08,0xa5,0x08,
    0xa5,0x08,0xa5,0x08,0xa5,0x08,0xa5,0x08,0xa5,0x08,0xa5,0x08,0xa5,0x08,0xa5,0x08,
    0xa5,0x08,0xa5,0x08,0xa5,0x08,0xa5,0x08,0xa5,0x08,0xa5,0x08,0xa5,0x08,0xa5,0x08,
    0xa5,0x08,0xa5,0x08,0xa5,0x08,0xa5,0x08,0xa5,0x08,0xa5,0x08,0xa5,0x08,0xa5,0x08,
    0xa5,0x08,0xa5,0x08,0xa5,0x08,0xa5,0x08,0xa5,0x08,0xa5,0x08,0xa5,0x08,0xa5,0x08,
    0xa5,0x08,0xa5,0x08,0xa5,0x08,0xa5,0x08,0xa5,0x08,0xa5,0x08,0xa5,0x08,0xa5,0x08,
    0xa5,0x08,0xa5,0x08,0xa5,0x08,0xa5,0x08,0xa5,0x08,0xa5,0x08,0xa5,0x08,0xa5,0x08,
    0xa5,0x08,0xa5,0x08,0xa5,0x08,0xa5,0x08,0xa5,0x08,0xa5,0x08,0xa5,0x08,0xa5,0x08,
    0xa5,0x08,0xa5,0x08,0xa5,0x08,0xa5,0x08,0xa5,0x08,0xa5,0x08,0xa5,0x08,0xa5,0x08,
    0xa5,0x08,0xa5,0x08,0xa5,0x08,0xa5,0x08,0xa5,0x08,0xa5,0x08,0xa5,0x08,0xa5,0x08,
    0xa5,0x08,0xa5,0x08,0xa5,0x08,0xa5,0x08,0xa5,0x08,0xa5,0x08,0xa5,0x08,0xa5,0x08,
    0xa5,0x08,0xa5,0x08,0xa5,0x08,0xa5,0x08,0xa5,0x08,0xa5,0x08,0xa5,0x08,0xa5,0x08,
    0xa5,0x08,0xa5,0x08,0xa5,0x08,0xa5,0x08,0xa5,0x08,0xa5,0x08,0xa5,0x08,0xa5,0x08,
    0xa5,0x08,0xa5,0x08,0xa5,0x08,0xa5,0x08,0xa5,0x08,0xa5,0x08,0xa5,0x08,0xa5,0x08,
    0xa5,0x08,0xa5,0x08,0xa5,0x08,0xa5,0x08,0xc5,0x10,0x85,0x00,0x45,0x31,0xa4,0xe3,
    0x04,0xfc,0xc4,0xf3,0xa4,0xeb,0x84,0xeb,0x84,0xeb,0x85,0xf3,0xa5,0xfb,0xa5,0xfb,
    0x45,0x92,0xa5,0x00,0xc5,0x10,0xa5,0x08,0xa5,0x08,0xa5,0x08,0xa5,0x08,0xa5,0x08,
    0xa5,0x08,0xa5,0x08,0xa5,0x08,0xa5,0x08,0xa5,0x08,0xa5,0x08,0xa5,0x08,0xa5,0x08,
    0xa5,0x08,0xa5,0x08,0xa5,0x08,0xa5,0x08,0xa5,0x08,0xa5,0x08,0xa5,0x08,0xa5,0x08,
    0xa5,0x08,0xa5,0x08,0xa5,0x08,0xa5,0x08,0xa5,0x08,0xa5,0x08,0xa5,0x08,0xa5,0x08,
    0xa5,0x08,0xa5,0x08,0xa5,0x08,0xa5,0x08,0xa5,0x08,0xa5,0x08,0xa5,0x08,0xa5,0x08,
    0xa5,0x08,0xa5,0x08,0xa5,0x08,0xa5,0x08,0xa5,0x08,0xa5,0x08,0xa5,0x08,0xa5,0x08,
    0xa5,0x08,0xa5,0x08,0xa5,0x08,0xa5,0x08,0xa5,0x08,0xa5,0x08,0xa5,0x08,0xa5,0x08,
    0xa5,0x08,0xa5,0x08,0xa5,0x08,0xa5,0x08,0xa5,0x08,0xa5,0x08,0xa5,0x08,0xa5,0x08,
    0xa5,0x08,0xa5,0x08,0xa5,0x08,0xa5,0x08,0xa5,0x08,0xc5,0x10,0x85,0x00,0x86,0x69,
    0xc7,0xfa,0x87,0xea,0x87,0xf2,0x87,0xf2,0x87,0xf2,0x87,0xf2,0x87,0xf2,0x87,0xea,
    0xa7,0xfa,0xe6,0x99,0x85,0x00,0xc5,0x10,0xa5,0x08,0xa5,0x08,0xa5,0x08,0xa5,0x08,
    0xa5,0x08,0xa5,0x08,0xa5,0x08,0xa5,0x08,0xa5,0x08,0xa5,0x08,0xa5,0x08,0xa5,0x08,
    0xa5,0x08,0xa5,0x08,0xa5,0x08,0xa5,0x08,0xa5,0x08,0xa5,0x08,0xa5,0x08,0xa5,0x08,
    0xa5,0x08,0xa5,0x08,0xa5,0x08,0xa5,0x08,0xa5,0x08,0xa5,0x08,0xa5,0x08,0xa5,0x08,
    0xa5,0x08,0xa5,0x08,0xa5,0x08,0xa5,0x08,0xa5,0x08,0xa5,0x08,0xa5,0x08,0xa5,0x08,
    0xa5,0x08,0xa5,0x08,0xa5,0x08,0xa5,0x08,0xa5,0x08,0xa5,0x08,0xa5,0x08,0xa5,0x08,
    0xa5,0x08,0xa5,0x08,0xa5,0x08,0xa5,0x08,0xa5,0x08,0xa5,0x08,0xa5,0x08,0xa5,0x08,
    0xa5,0x08,0xa5,0x08,0xa5,0x08,0xa5,0x08,0xa5,0x08,0xa5,0x08,0xa5,0x08,0xa5,0x08,
    0xa5,0x08,0xa5,0x08,0xa5,0x08,0xa5,0x08,0xa5,0x08,0xa5,0x08,0xa5,0x08,0xa5,0x08,
    0xa5,0x08,0xa5,0x08,0xa5,0x08,0xa5,0x08,0xa5,0x08,0xa5,0x08,0xa5,0x08,0xa5,0x08,
    0xa5,0x08,0xa5,0x08,0xa5,0x08,0xa5,0x08,0xa5,0x08,0xa5,0x08,0xa5,0x08,0xa5,0x08,
    0xa5,0x08,0xa5,0x08,0xa5,0x08,0xa5,0x08,0xa5,0x08,0xa5,0x08,0xa5,0x08,0xa5,0x08,
    0xa5,0x08,0xa5,0x08,0xa5,0x08,0xa5,0x08,0xa5,0x08,0xa5,0x08,0xa5,0x08,0xa5,0x08,
    0xa5,0x08,0xa5,0x08,0xa5,0x08,0xa5,0x08,0xa5,0x08,0xa5,0x08,0xa5,0x08,0xa5,0x08,
    0xa5,0x08,0xa5,0x08,0xa5,0x08,0xa5,0x08,0xa5,0x08,0xa5,0x08,0xa5,0x08,0xa5,0x08,
    0xa5,0x08,0xa5,0x08,0xa5,0x08,0xa5,0x08,0xa5,0x08,0xa5,0x08,0xa5,0x08,0xa5,0x08,
    0xc5,0x10,0x85,0x00,0x24,0xbb,0x24,0xfc,0xc4,0xeb,0xc4,0xf3,0xa4,0xf3,0xc4,0xfb,
    0x84,0xf3,0x65,0xeb,0x65,0xeb,0x65,0xeb,0xa5,0xfb,0x25,0x8a,0x85,0x00,0xc5,0x10,
    0xa5,0x08,0xa5,0x08,0xa5,0x08,0xa5,0x08,0xa5,0x08,0xa5,0x08,0xa5,0x08,0xa5,0x08,
    0xa5,0x08,0xa5,0x08,0xa5,0x08,0xa5,0x08,0xa5,0x08,0xa5,0x08,0xa5,0x08,0xa5,0x08,
    0xa5,0x08,0xa5,0x08,0xa5,0x08,0xa5,0x08,0xa5,0x08,0xa5,0x08,0xa5,0x08,0xa5,0x08,
    0xa5,0x08,0xa5,0x08,0xa5,0x08,0xa5,0x08,0xa5,0x08,0xa5,0x08,0xa5,0x08,0xa5,0x08,
    0xa5,0x10,0xc5,0x10,0xc5,0x10,0xc5,0x10,0xc5,0x10,0xc5,0x10,0xa5,0x10,0xa5,0x08,
    0xa5,0x08,0xa5,0x08,0xa5,0x08,0xa5,0x08,0xa5,0x08,0xa5,0x08,0xa5,0x08,0xa5,0x08,
    0xa5,0x08,0xa5,0x08,0xa5,0x08,0xa5,0x08,0xa5,0x08,0xa5,0x08,0xa5,0x08,0xa5,0x08,
    0xa5,0x08,0xa5,0x08,0xa5,0x08,0xa5,0x08,0xa5,0x08,0xa5,0x08,0xa5,0x08,0xa5,0x08,
    0xa5,0x08,0xc5,0x10,0xa5,0x00,0x25,0x39,0xa7,0xf2,0x87,0xea,0x87,0xf2,0x87,0xf2,
    0x87,0xf2,0x87,0xf2,0x87,0xf2,0x87,0xea,0x87,0xfa,0x47,0xca,0xa5,0x10,0xa5,0x08,
    0xa5,0x08,0xa5,0x08,0xa5,0x08,0xa5,0x08,0xa5,0x08,0xa5,0x08,0xa5,0x08,0xa5,0x08,
    0xa5,0x08,0xa5,0x08,0xa5,0x08,0xa5,0x08,0xa5,0x08,0xa5,0x08,0xa5,0x08,0xa5,0x08,
    0xa5,0x08,0xa5,0x08,0xa5,0x08,0xa5,0x08,0xa5,0x08,0xa5,0x08,0xa5,0x08,0xa5,0x08,
    0xa5,0x08,0xa5,0x08,0xa5,0x08,0xa5,0x08,0xa5,0x08,0xa5,0x08,0xa5,0x08,0xa5,0x08,
    0xa5,0x08,0xa5,0x08,0xa5,0x08,0xa5,0x08,0xa5,0x08,0xa5,0x08,0xa5,0x08,0xa5,0x08,
    0xa5,0x08,0xa5,0x08,0xa5,0x08,0xa5,0x08,0xa5,0x08,0xa5,0x08,0xa5,0x08,0xa5,0x08,
    0xa5,0x08,0xa5,0x08,0xa5,0x08,0xa5,0x08,0xa5,0x08,0xa5,0x08,0xa5,0x08,0xa5,0x08,
    0xa5,0x08,0xa5,0x08,0xa5,0x08,0xa5,0x08,0xa5,0x08,0xa5,0x08,0xa5,0x08,0xa5,0x08,
    0xa5,0x08,0xa5,0x08,0xa5,0x08,0xa5,0x08,0xa5,0x08,0xa5,0x08,0xa5,0x08,0xa5,0x08,
    0xa5,0x08,0xa5,0x08,0xa5,0x08,0xa5,0x08,0xa5,0x08,0xa5,0x08,0xa5,0x08,0xa5,0x08,
    0xa5,0x08,0xa5,0x08,0xa5,0x08,0xa5,0x08,0xa5,0x08,0xa5,0x08,0xa5,0x08,0xa5,0x08,
    0xa5,0x08,0xa5,0x08,0xa5,0x08,0xa5,0x08,0xa5,0x08,0xa5,0x08,0xa5,0x08,0xa5,0x08,
    0xa5,0x08,0xa5,0x08,0xa5,0x08,0xa5,0x08,0xa5,0x08,0xa5,0x08,0xa5,0x08,0xa5,0x08,
    0xa5,0x08,0xa5,0x08,0xa5,0x08,0xa5,0x08,0xa5,0x08,0xa5,0x08,0xa5,0x08,0xa5,0x08,
    0xa5,0x08,0xa5,0x08,0xa5,0x08,0xa5,0x08,0xa5,0x08,0xa5,0x08,0xa5,0x08,0xa5,0x08,
    0xa5,0x08,0xa5,0x08,0xa5,0x08,0xc5,0x10,0x65,0x00,0x64,0x82,0x23,0xfc,0xe4,0xeb,
    0xe4,0xf3,0xe4,0xfb,0xc4,0xf3,0x24,0xcb,0x64,0xe3,0xa5,0xfb,0x65,0xeb,0x65,0xf3,
    0x65,0xf3,0x65,0xf3,0x45,0x41,0x85,0x00,0xc5,0x10,0xa5,0x08,0xa5,0x08,0xa5,0x08,
    0xa5,0x08,0xa5,0x08,0xa5,0x08,0xa5,0x08,0xa5,0x08,0xa5,0x08,0xa5,0x08,0xa5,0x08,
    0xa5,0x08,0xa5,0x08,0xa5,0x08,0xa5,0x08,0xa5,0x08,0xa5,0x08,0xa5,0x08,0xa5,0x08,
    0xa5,0x08,0xa5,0x08,0xa5,0x08,0xa5,0x08,0xa5,0x08,0xa5,0x08,0xa5,0x08,0xa5,0x08,
    0xa5,0x08,0xa5,0x08,0xa5,0x08,0xc5,0x10,0xa5,0x08,0x84,0x00,0x84,0x00,0x84,0x00,
    0x84,0x00,0x84,0x00,0xa4,0x08,0xc5,0x10,0xa5,0x10,0xa5,0x08,0xa5,0x08,0xa5,0x08,
    0xa5,0x08,0xa5,0x08,0xa5,0x08,0xa5,0x08,0xa5,0x08,0xa5,0x08,0xa5,0x08,0xa5,0x08,
    0xa5,0x08,0xa5,0x08,0xa5,0x08,0xa5,0x08,0xa5,0x08,0xa5,0x08,0xa5,0x08,0xa5,0x08,
    0xa5,0x08,0xa5,0x08,0xa5,0x08,0xa5,0x08,0xa5,0x08,0xa5,0x10,0xa5,0x08,0xc5,0x10,
    0x67,0xd2,0x87,0xf2,0x87,0xea,0x67,0xf2,0x67,0xf2,0x67,0xf2,0x67,0xf2,0x67,0xf2,
    0x87,0xf2,0x87,0xea,0x05,0x31,0xa5,0x00,0xc5,0x10,0xa5,0x08,0xa5,0x08,0xa5,0x08,
    0xa5,0x08,0xa5,0x08,0xa5,0x08,0xa5,0x08,0xa5,0x08,0xa5,0x08,0xa5,0x08,0xa5,0x08,
    0xa5,0x08,0xa5,0x08,0xa5,0x08,0xa5,0x08,0xa5,0x08,0xa5,0x08,0xa5,0x08,0xa5,0x08,
    0xa5,0x08,0xa5,0x08,0xa5,0x08,0xa5,0x08,0xa5,0x08,0xa5,0x08,0xa5,0x08,0xa5,0x08,
    0xa5,0x08,0xa5,0x08,0xa5,0x08,0xa5,0x08,0xa5,0x08,0xa5,0x08,0xa5,0x08,0xa5,0x08,
    0xa5,0x08,0xa5,0x08,0xa5,0x08,0xa5,0x08,0xa5,0x08,0xa5,0x08,0xa5,0x08,0xa5,0x08,
    0xa5,0x08,0xa5,0x08,0xa5,0x08,0xa5,0x08,0xa5,0x08,0xa5,0x08,0xa5,0x08,0xa5,0x08,
    0xa5,0x08,0xa5,0x08,0xa5,0x08,0xa5,0x08,0xa5,0x08,0xa5,0x08,0xa5,0x08,0xa5,0x08,
    0xa5,0x08,0xa5,0x08,0xa5,0x08,0xa5,0x08,0xa5,0x08,0xa5,0x08,0xa5,0x08,0xa5,0x08,
    0xa5,0x08,0xa5,0x08,0xa5,0x08,0xa5,0x08,0xa5,0x08,0xa5,0x08,0xa5,0x08,0xa5,0x08,
    0xa5,0x08,0xa5,0x08,0xa5,0x08,0xa5,0x08,0xa5,0x08,0xa5,0x08,0xa5,0x08,0xa5,0x08,
    0xa5,0x08,0xa5,0x08,0xa5,0x08,0xa5,0x08,0xa5,0x08,0xa5,0x08,0xa5,0x08,0xa5,0x08,
    0xa5,0x08,0xa5,0x08,0xa5,0x08,0xa5,0x08,0xa5,0x08,0xa5,0x08,0xa5,0x08,0xa5,0x08,
    0xa5,0x08,0xa5,0x08,0xa5,0x08,0xa5,0x08,0xa5,0x08,0xa5,0x08,0xa5,0x08,0xa5,0x08,
    0xa5,0x08,0xa5,0x08,0xa5,0x08,0xa5,0x08,0xa5,0x08,0xa5,0x08,0xa5,0x08,0xa5,0x08,
    0xa5,0x08,0xa5,0x08,0xa5,0x08,0xa5,0x08,0xa5,0x08,0xa5,0x08,0xc5,0x10,0x85,0x00,
    0xc4,0x51,0x23,0xfc,0xe3,0xf3,0xe3,0xf3,0x03,0xfc,0xa4,0xe3,0x65,0x41,0xa5,0x08,
    0xe5,0x18,0x65,0x9a,0xa5,0xfb,0x45,0xf3,0x45,0xf3,0x65,0xfb,0x25,0xe3,0xe5,0x18,
    0xa5,0x08,0xa5,0x10,0xa5,0x08,0xa5,0x08,0xa5,0x08,0xa5,0x08,0xa5,0x08,0xa5,0x08,
    0xa5,0x08,0xa5,0x08,0xa5,0x08,0xa5,0x08,0xa5,0x08,0xa5,0x08,0xa5,0x08,0xa5,0x08,
    0xa5,0x08,0xa5,0x08,0xa5,0x08,0xa5,0x08,0xa5,0x08,0xa5,0x08,0xa5,0x08,0xa5,0x08,
    0xa5,0x08,0xa5,0x08,0xa5,0x08,0xa5,0x08,0xa5,0x08,0xa5,0x10,0xc5,0x10,0x84,0x00,
    0xc6,0x18,0x4a,0x49,0xac,0x61,0x8c,0x61,0xad,0x61,0x6b,0x51,0xe6,0x18,0xa4,0x00,
    0xa5,0x08,0xc5,0x10,0xa5,0x08,0xa5,0x08,0xa5,0x08,0xa5,0x08,0xa5,0x08,0xa5,0x08,
    0xa5,0x08,0xa5,0x08,0xa5,0x08,0xa5,0x08,0xa5,0x08,0xa5,0x08,0xa5,0x08,0xa5,0x08,
    0xa5,0x08,0xa5,0x08,0xa5,0x08,0xa5,0x08,0xa5,0x08,0xa5,0x08,0xa5,0x08,0xa5,0x08,
    0xa5,0x08,0xa5,0x08,0xc5,0x10,0x85,0x00,0xe6,0xa9,0xa7,0xfa,0x67,0xea,0x67,0xf2,
    0x67,0xf2,0x67,0xf2,0x67,0xf2,0x67,0xf2,0x67,0xea,0x87,0xfa,0x66,0x69,0x85,0x00,
    0xc5,0x10,0xa5,0x08,0xa5,0x08,0xa5,0x08,0xa5,0x08,0xa5,0x08,0xa5,0x08,0xa5,0x08,
    0xa5,0x08,0xa5,0x08,0xa5,0x08,0xa5,0x08,0xa5,0x08,0xa5,0x08,0xa5,0x08,0xa5,0x08,
    0xa5,0x08,0xa5,0x08,0xa5,0x08,0xa5,0x08,0xa5,0x08,0xa5,0x08,0xa5,0x08,0xa5,0x08,
    0xa5,0x08,0xa5,0x08,0xa5,0x08,0xa5,0x08,0xa5,0x08,0xa5,0x08,0xa5,0x08,0xa5,0x08,
    0xa5,0x08,0xa5,0x08,0xa5,0x08,0xa5,0x08,0xa5,0x08,0xa5,0x08,0xa5,0x08,0xa5,0x08,
    0xa5,0x08,0xa5,0x08,0xa5,0x08,0xa5,0x08,0xa5,0x08,0xa5,0x08,0xa5,0x08,0xa5,0x08,
    0xa5,0x08,0xa5,0x08,0xa5,0x08,0xa5,0x08,0xa5,0x08,0xa5,0x08,0xa5,0x08,0xa5,0x08,
    0xa5,0x08,0xa5,0x08,0xa5,0x08,0xa5,0x08,0xa5,0x08,0xa5,0x08,0xa5,0x08,0xa5,0x08,
    0xa5,0x08,0xa5,0x08,0xa5,0x08,0xa5,0x08,0xa5,0x08,0xa5,0x08,0xa5,0x08,0xa5,0x08,
    0xa5,0x08,0xa5,0x08,0xa5,0x08,0xa5,0x08,0xa5,0x08,0xa5,0x08,0xa5,0x08,0xa5,0x08,
    0xa5,0x08,0xa5,0x08,0xa5,0x08,0xa5,0x08,0xa5,0x08,0xa5,0x08,0xa5,0x08,0xa5,0x08,
    0xa5,0x08,0xa5,0x08,0xa5,0x08,0xa5,0x08,0xa5,0x08,0xa5,0x08,0xa5,0x08,0xa5,0x08,
    0xa5,0x08,0xa5,0x08,0xa5,0x08,0xa5,0x08,0xa5,0x08,0xa5,0x08,0xa5,0x08,0xa5,0x08,
    0xa5,0x08,0xa5,0x08,0xa5,0x08,0xa5,0x08,0xa5,0x08,0xa5,0x08,0xa5,0x08,0xa5,0x08,
    0xa5,0x08,0xa5,0x08,0xa5,0x08,0xa5,0x08,0xa5,0x08,0xa5,0x08,0xa5,0x08,0xa5,0x08,
    0xa5,0x08,0xa5,0x10,0xa5,0x08,0xc5,0x10,0xa3,0xdb,0x23,0xfc,0xe3,0xeb,0x03,0xf4,
    0xc3,0xe3,0x25,0x31,0x85,0x00,0xc5,0x10,0xa5,0x08,0x85,0x00,0x45,0x92,0x65,0xfb,
    0x45,0xf3,0x25,0xeb,0x65,0xfb,0x05,0x82,0x85,0x00,0xc5,0x10,0xa5,0x08,0xa5,0x08,
    0xa5,0x08,0xa5,0x08,0xa5,0x08,0xa5,0x08,0xa5,0x08,0xa5,0x08,0xa5,0x08,0xa5,0x08,
    0xa5,0x08,0xa5,0x08,0xa5,0x08,0xa5,0x08,0xa5,0x08,0xa5,0x08,0xa5,0x08,0xa5,0x08,
    0xa5,0x08,0xa5,0x08,0xa5,0x08,0xa5,0x08,0xa5,0x08,0xa5,0x08,0xa5,0x08,0xa5,0x08,
    0xc5,0x10,0xa4,0x08,0xa4,0x00,0x49,0x49,0x52,0xb2,0xb4,0xc2,0xb5,0xc2,0xb6,0xc2,
    0xb6,0xc2,0xb6,0xba,0x95,0xaa,0xcf,0x69,0xc5,0x10,0x84,0x00,0xc5,0x10,0xa5,0x10,
    0xa5,0x08,0xa5,0x08,0xa5,0x08,0xa5,0x08,0xa5,0x08,0xa5,0x08,0xa5,0x08,0xa5,0x08,
    0xa5,0x08,0xa5,0x08,0xa5,0x08,0xa5,0x08,0xa5,0x08,0xa5,0x08,0xa5,0x08,0xa5,0x08,
    0xa5,0x08,0xa5,0x08,0xa5,0x08,0xa5,0x08,0xa5,0x08,0xa5,0x08,0xc5,0x10,0x85,0x00,
    0x86,0x69,0x87,0xfa,0x67,0xea,0x67,0xf2,0x67,0xf2,0x67,0xf2,0x67,0xf2,0x67,0xf2,
    0x67,0xea,0x87,0xfa,0x86,0x79,0x85,0x00,0xc5,0x10,0xa5,0x08,0xa5,0x08,0xa5,0x08,
    0xa5,0x08,0xa5,0x08,0xa5,0x08,0xa5,0x08,0xa5,0x08,0xa5,0x08,0xa5,0x08,0xa5,0x08,
    0xa5,0x08,0xa5,0x08,0xa5,0x08,0xa5,0x08,0xa5,0x08,0xa5,0x08,0xa5,0x08,0xa5,0x08,
    0xa5,0x08,0xa5,0x08,0xa5,0x08,0xa5,0x08,0xa5,0x08,0xa5,0x08,0xa5,0x08,0xa5,0x08,
    0xa5,0x08,0xa5,0x08,0xa5,0x08,0xa5,0x08,0xa5,0x08,0xa5,0x08,0xa5,0x08,0xa5,0x08,
    0xa5,0x08,0xa5,0x08,0xa5,0x08,0xa5,0x08,0xa5,0x08,0xa5,0x08,0xa5,0x08,0xa5,0x08,
    0xa5,0x08,0xa5,0x08,0xa5,0x08,0xa5,0x08,0xa5,0x08,0xa5,0x08,0xa5,0x08,0xa5,0x08,
    0xa5,0x08,0xa5,0x08,0xa5,0x08,0xa5,0x08,0xa5,0x08,0xa5,0x08,0xa5,0x08,0xa5,0x08,
    0xa5,0x08,0xa5,0x08,0xa5,0x08,0xa5,0x08,0xa5,0x08,0xa5,0x08,0xa5,0x08,0xa5,0x08,
    0xa5,0x08,0xa5,0x08,0xa5,0x08,0xa5,0x08,0xa5,0x08,0xa5,0x08,0xa5,0x08,0xa5,0x08,
    0xa5,0x08,0xa5,0x08,0xa5,0x08,0xa5,0x08,0xa5,0x08,0xa5,0x08,0xa5,0x08,0xa5,0x08,
    0xa5,0x08,0xa5,0x08,0xa5,0x08,0xa5,0x08,0xa5,0x08,0xa5,0x08,0xa5,0x08,0xa5,0x08,
    0xa5,0x08,0xa5,0x08,0xa5,0x08,0xa5,0x08,0xa5,0x08,0xa5,0x08,0xa5,0x08,0xa5,0x08,
    0xa5,0x08,0xa5,0x08,0xa5,0x08,0xa5,0x08,0xa5,0x08,0xa5,0x08,0xa5,0x08,0xa5,0x08,
    0xa5,0x08,0xa5,0x08,0xa5,0x08,0xa5,0x08,0xa5,0x08,0xa5,0x08,0xa5,0x08,0xa5,0x08,
    0xa5,0x08,0xa5,0x08,0xa5,0x08,0xa5,0x08,0xa5,0x08,0xc5,0x10,0x85,0x00,0xe4,0x9a,
    0x63,0xfc,0x03,0xec,0x03,0xec,0x43,0xfc,0xe4,0x61,0x65,0x00,0xc5,0x10,0xa5,0x08,
    0xc5,0x10,0xc5,0x10,0x85,0x00,0xa5,0xba,0x65,0xfb,0x25,0xeb,0x25,0xeb,0x45,0xfb,
    0x85,0x59,0x85,0x00,0xc5,0x10,0xa5,0x08,0xa5,0x08,0xa5,0x08,0xa5,0x08,0xa5,0x08,
    0xa5,0x08,0xa5,0x08,0xa5,0x08,0xa5,0x08,0xa5,0x08,0xa5,0x08,0xa5,0x08,0xa5,0x08,
    0xa5,0x08,0xa5,0x08,0xa5,0x08,0xa5,0x08,0xa5,0x08,0xa5,0x08,0xa5,0x08,0xa5,0x08,
    0xa5,0x08,0xa5,0x08,0xa5,0x08,0xc5,0x10,0xa4,0x00,0xe6,0x20,0xee,0x81,0x93,0xca,
    0x93,0xc2,0x73,0xba,0x74,0xb2,0x94,0xb2,0x95,0xaa,0x95,0xaa,0xb6,0xb2,0xd8,0xba,
    0x74,0x9a,0x4a,0x39,0xa4,0x08,0xa5,0x08,0xa5,0x10,0xa5,0x08,0xa5,0x08,0xa5,0x08,
    0xa5,0x08,0xa5,0x08,0xa5,0x08,0xa5,0x08,0xa5,0x08,0xa5,0x08,0xa5,0x08,0xa5,0x08,
    0xa5,0x08,0xa5,0x08,0xa5,0x08,0xa5,0x08,0xa5,0x08,0xa5,0x08,0xa5,0x08,0xa5,0x08,
    0xa5,0x08,0xa5,0x08,0xc5,0x10,0xa5,0x00,0x25,0x49,0x87,0xfa,0x67,0xea,0x67,0xf2,
    0x67,0xf2,0x67,0xf2,0x67,0xf2,0x67,0xf2,0x67,0xea,0x87,0xfa,0xc6,0x99,0xa5,0x00,
    0xc5,0x10,0xa5,0x08,0xa5,0x08,0xa5,0x08,0xa5,0x08,0xa5,0x08,0xa5,0x08,0xa5,0x08,
    0xa5,0x08,0xa5,0x08,0xa5,0x08,0xa5,0x08,0xa5,0x08,0xa5,0x08,0xa5,0x08,0xa5,0x08,
    0xa5,0x08,0xa5,0x08,0xa5,0x08,0xa5,0x08,0xa5,0x08,0xa5,0x08,0xa5,0x08,0xa5,0x08,
    0xa5,0x08,0xa5,0x08,0xa5,0x08,0xa5,0x08,0xa5,0x08,0xa5,0x08,0xa5,0x08,0xa5,0x08,
    0xa5,0x08,0xa5,0x08,0xa5,0x08,0xa5,0x08,0xa5,0x08,0xa5,0x08,0xa5,0x08,0xa5,0x08,
    0xa5,0x08,0xa5,0x08,0xa5,0x08,0xa5,0x08,0xa5,0x08,0xa5,0x08,0xa5,0x08,0xa5,0x08,
    0xa5,0x08,0xa5,0x08,0xa5,0x08,0xa5,0x08,0xa5,0x08,0xa5,0x08,0xa5,0x08,0xa5,0x08,
    0xa5,0x08,0xa5,0x08,0xa5,0x08,0xa5,0x08,0xa5,0x08,0xa5,0x08,0xa5,0x08,0xa5,0x08,
    0xa5,0x08,0xa5,0x08,0xa5,0x08,0xa5,0x08,0xa5,0x08,0xa5,0x08,0xa5,0x08,0xa5,0x08,
    0xa5,0x08,0xa5,0x08,0xa5,0x08,0xa5,0x08,0xa5,0x08,0xa5,0x08,0xa5,0x08,0xa5,0x08,
    0xa5,0x08,0xa5,0x08,0xa5,0x08,0xa5,0x08,0xa5,0x08,0xa5,0x08,0xa5,0x08,0xa5,0x08,
    0xa5,0x08,0xa5,0x08,0xa5,0x08,0xa5,0x08,0xa5,0x08,0xa5,0x08,0xa5,0x08,0xa5,0x08,
    0xa5,0x08,0xa5,0x08,0xa5,0x08,0xa5,0x08,0xa5,0x08,0xa5,0x08,0xa5,0x08,0xa5,0x08,
    0xa5,0x08,0xa5,0x08,0xa5,0x08,0xa5,0x08,0xa5,0x08,0xa5,0x08,0xa5,0x08,0xa5,0x08,
    0xa5,0x08,0xa5,0x08,0xa5,0x08,0xa5,0x08,0xa5,0x08,0xa5,0x08,0xa5,0x08,0xa5,0x08,
    0xc5,0x10,0x85,0x00,0x04,0x62,0x83,0xfc,0x03,0xec,0x03,0xf4,0x43,0xfc,0x63,0xc3,
    0xa5,0x08,0xa5,0x10,0xa5,0x08,0xa5,0x08,0xa5,0x08,0xc5,0x10,0xa5,0x08,0x25,0x31,
    0x25,0xe3,0x45,0xf3,0x25,0xeb,0x45,0xf3,0x05,0xe3,0xe5,0x20,0xa5,0x08,0xa5,0x10,
    0xa5,0x08,0xa5,0x08,0xa5,0x08,0xa5,0x08,0xa5,0x08,0xa5,0x08,0xa5,0x08,0xa5,0x08,
    0xa5,0x08,0xa5,0x08,0xa5,0x08,0xa5,0x08,0xa5,0x08,0xa5,0x08,0xa5,0x08,0xa5,0x08,
    0xa5,0x08,0xa5,0x08,0xa5,0x08,0xa5,0x08,0xa5,0x08,0xa5,0x08,0xc5,0x10,0xa4,0x00,
    0x07,0x31,0x71,0xba,0x93,0xca,0x72,0xba,0x73,0xba,0x94,0xba,0xb5,0xc2,0xb6,0xba,
    0xb6,0xba,0x96,0xb2,0x96,0xaa,0x96,0xaa,0xb7,0xb2,0xd8,0xb2,0xd0,0x69,0xa4,0x08,
    0xc5,0x10,0xa5,0x10,0xa5,0x08,0xa5,0x08,0xa5,0x08,0xa5,0x08,0xa5,0x08,0xa5,0x08,
    0xa5,0x08,0xa5,0x08,0xa5,0x08,0xa5,0x08,0xa5,0x08,0xa5,0x08,0xa5,0x08,0xa5,0x08,
    0xa5,0x08,0xa5,0x08,0xa5,0x08,0xa5,0x08,0xa5,0x08,0xa5,0x08,0xc5,0x10,0xa5,0x00,
    0x05,0x39,0x67,0xf2,0x67,0xf2,0x67,0xf2,0x47,0xf2,0x47,0xea,0x47,0xea,0x47,0xea,
    0x47,0xea,0x68,0xfa,0x07,0xba,0xa5,0x00,0xa5,0x10,0xa5,0x08,0xa5,0x08,0xa5,0x08,
    0xa5,0x08,0xa5,0x08,0xa5,0x08,0xa5,0x08,0xa5,0x08,0xa5,0x08,0xa5,0x08,0xa5,0x08,
    0xa5,0x08,0xa5,0x08,0xa5,0x08,0xa5,0x08,0xa5,0x08,0xa5,0x08,0xa5,0x08,0xa5,0x08,
    0xa5,0x08,0xa5,0x08,0xa5,0x08,0xa5,0x08,0xa5,0x08,0xa5,0x08,0xa5,0x08,0xa5,0x08,
    0xa5,0x08,0xa5,0x08,0xa5,0x08,0xa5,0x08,0xa5,0x08,0xa5,0x08,0xa5,0x08,0xa5,0x08,
    0xa5,0x08,0xa5,0x08,0xa5,0x08,0xa5,0x08,0xa5,0x08,0xa5,0x08,0xa5,0x08,0xa5,0x08,
    0xa5,0x08,0xa5,0x08,0xa5,0x08,0xa5,0x08,0xa5,0x08,0xa5,0x08,0xa5,0x08,0xa5,0x08,
    0xa5,0x08,0xa5,0x08,0xa5,0x08,0xa5,0x08,0xa5,0x08,0xa5,0x08,0xa5,0x08,0xa5,0x08,
    0xa5,0x08,0xa5,0x08,0xa5,0x08,0xa5,0x08,0xa5,0x08,0xa5,0x08,0xa5,0x08,0xa5,0x08,
    0xa5,0x08,0xa5,0x08,0xa5,0x08,0xa5,0x08,0xa5,0x08,0xa5,0x08,0xa5,0x08,0xa5,0x08,
    0xa5,0x08,0xa5,0x08,0xa5,0x08,0xa5,0x08,0xa5,0x08,0xa5,0x08,0xa5,0x08,0xa5,0x08,
    0xa5,0x08,0xa5,0x08,0xa5,0x08,0xa5,0x08,0xa5,0x08,0xa5,0x08,0xa5,0x08,0xa5,0x08,
    0xa5,0x08,0xa5,0x08,0xa5,0x08,0xa5,0x08,0xa5,0x08,0xa5,0x08,0xa5,0x08,0xa5,0x08,
    0xa5,0x08,0xa5,0x08,0xa5,0x08,0xa5,0x08,0xa5,0x08,0xa5,0x08,0xa5,0x08,0xa5,0x08,
    0xa5,0x08,0xa5,0x08,0xa5,0x08,0xa5,0x08,0xa5,0x08,0xa5,0x08,0xa5,0x08,0xa5,0x08,
    0xa5,0x08,0xa5,0x08,0xa5,0x08,0xa5,0x10,0xa5,0x08,0xa5,0x08,0xa3,0xd3,0x43,0xfc,
    0x23,0xec,0x43,0xf4,0xe3,0xe3,0xe5,0x18,0xa5,0x08,0xc5,0x10,0xa5,0x08,0xa5,0x08,
    0xa5,0x08,0xa5,0x08,0xc5,0x10,0x85,0x00,0xa5,0x61,0x65,0xfb,0x25,0xeb,0x05,0xeb,
    0x45,0xfb,0x45,0x9a,0x85,0x00,0xc5,0x10,0xa5,0x08,0xa5,0x08,0xa5,0x08,0xa5,0x08,
    0xa5,0x08,0xa5,0x08,0xa5,0x08,0xa5,0x08,0xa5,0x08,0xc5,0x10,0xc5,0x10,0xa5,0x08,
    0xa5,0x08,0xa5,0x08,0xa5,0x08,0xa5,0x08,0xa5,0x08,0xa5,0x08,0xa5,0x08,0xa5,0x08,
    0xa5,0x08,0xc5,0x10,0xa4,0x08,0xe6,0x28,0x50,0xba,0x92,0xca,0x72,0xba,0x72,0xba,
    0x93,0xc2,0x93,0xc2,0x10,0x92,0x10,0x8a,0x52,0x9a,0x96,0xaa,0xb7,0xb2,0x97,0xaa,
    0xb7,0xaa,0xb7,0xa2,0xd9,0xb2,0xd0,0x69,0x83,0x00,0xa5,0x08,0xa5,0x10,0xa5,0x08,
    0xa5,0x08,0xa5,0x08,0xa5,0x08,0xa5,0x08,0xa5,0x08,0xa5,0x08,0xa5,0x08,0xa5,0x08,
    0xa5,0x08,0xa5,0x08,0xa5,0x08,0xa5,0x08,0xa5,0x08,0xa5,0x08,0xa5,0x08,0xa5,0x08,
    0xa5,0x08,0xa5,0x08,0xa5,0x10,0xa5,0x08,0xc5,0x18,0x47,0xe2,0x67,0xf2,0x47,0xea,
    0x47,0xea,0x48,0xea,0x48,0xea,0x48,0xea,0x47,0xea,0x68,0xfa,0x07,0xc2,0xa5,0x08,
    0xa5,0x08,0xa5,0x08,0xa5,0x08,0xa5,0x08,0xa5,0x08,0xa5,0x08,0xa5,0x08,0xa5,0x08,
    0xa5,0x08,0xa5,0x08,0xa5,0x08,0xa5,0x08,0xa5,0x08,0xa5,0x08,0xa5,0x08,0xa5,0x08,
    0xa5,0x08,0xa5,0x08,0xa5,0x08,0xa5,0x08,0xa5,0x08,0xa5,0x08,0xa5,0x08,0xa5,0x08,
    0xa5,0x08,0xa5,0x08,0xa5,0x08,0xa5,0x08,0xa5,0x08,0xa5,0x08,0xa5,0x08,0xa5,0x08,
    0xa5,0x08,0xa5,0x08,0xa5,0x08,0xa5,0x08,0xa5,0x08,0xa5,0x08,0xa5,0x08,0xa5,0x08,
    0xa5,0x08,0xa5,0x08,0xa5,0x08,0xa5,0x08,0xa5,0x08,0xa5,0x08,0xa5,0x08,0xa5,0x08,
    0xa5,0x08,0xa5,0x08,0xa5,0x08,0xa5,0x08,0xa5,0x08,0xa5,0x08,0xa5,0x08,0xa5,0x08,
    0xa5,0x08,0xa5,0x08,0xa5,0x08,0xa5,0x08,0xa5,0x08,0xa5,0x08,0xa5,0x08,0xa5,0x08,
    0xa5,0x08,0xa5,0x08,0xa5,0x08,0xa5,0x08,0xa5,0x08,0xa5,0x08,0xa5,0x08,0xa5,0x08,
    0xa5,0x08,0xa5,0x08,0xa5,0x08,0xa5,0x08,0xa5,0x08,0xa5,0x08,0xa5,0x08,0xa5,0x08,
    0xa5,0x08,0xa5,0x08,0xa5,0x08,0xa5,0x08,0xa5,0x08,0xa5,0x08,0xa5,0x08,0xa5,0x08,
    0xa5,0x08,0xa5,0x08,0xa5,0x08,0xa5,0x08,0xa5,0x08,0xa5,0x08,0xa5,0x08,0xa5,0x08,
    0xa5,0x08,0xa5,0x08,0xa5,0x08,0xa5,0x08,0xa5,0x08,0xa5,0x08,0xa5,0x08,0xa5,0x08,
    0xa5,0x08,0xa5,0x08,0xa5,0x08,0xa5,0x08,0xa5,0x08,0xa5,0x08,0xa5,0x08,0xa5,0x08,
    0xa5,0x08,0xa5,0x08,0xa5,0x08,0xa5,0x08,0xa5,0x08,0xa5,0x08,0xa5,0x08,0xc5,0x10,
    0x85,0x00,0x04,0x62,0x83,0xfc,0x23,0xf4,0x23,0xf4,0x63,0xfc,0x04,0x62,0x65,0x00,
    0xc5,0x10,0xa5,0x08,0xa5,0x08,0xa5,0x08,0xa5,0x08,0xa5,0x08,0xa5,0x08,0xc5,0x10,
    0xa5,0x08,0x85,0xb2,0x45,0xfb,0x05,0xeb,0x06,0xf3,0x26,0xf3,0x05,0x31,0xa5,0x00,
    0xa5,0x10,0xa5,0x08,0xa5,0x08,0xa5,0x08,0xa5,0x08,0xa5,0x08,0xa5,0x08,0xc5,0x10,
    0xc5,0x10,0xa4,0x08,0x84,0x08,0xc5,0x10,0xc5,0x10,0xc5,0x10,0xa5,0x08,0xa5,0x08,
    0xa5,0x08,0xa5,0x08,0xa5,0x08,0xa5,0x08,0xc5,0x10,0xa4,0x08,0xe6,0x20,0x50,0xc2,
    0x71,0xca,0x71,0xc2,0x71,0xc2,0x92,0xca,0x71,0xba,0x28,0x39,0xa4,0x00,0xa4,0x08,
    0xa5,0x10,0xe7,0x20,0xf1,0x79,0xd8,0xb2,0xb7,0xa2,0xb8,0xa2,0xb8,0xa2,0xd9,0xaa,
    0x33,0x7a,0xc6,0x18,0xa5,0x08,0xa5,0x10,0xa5,0x08,0xa5,0x08,0xa5,0x08,0xa5,0x08,
    0xa5,0x08,0xa5,0x08,0xa5,0x08,0xa5,0x08,0xa5,0x08,0xa5,0x08,0xa5,0x08,0xa5,0x08,
    0xa5,0x08,0xa5,0x08,0xa5,0x08,0xa5,0x08,0xa5,0x08,0xa5,0x08,0xa5,0x10,0xa5,0x08,
    0xc5,0x18,0x47,0xda,0x68,0xf2,0x48,0xea,0x48,0xea,0x48,0xea,0x48,0xea,0x48,0xea,
    0x48,0xea,0x48,0xf2,0x47,0xe2,0xc5,0x18,0xa5,0x08,0xa5,0x10,0xa5,0x08,0xa5,0x08,
    0xa5,0x08,0xa5,0x08,0xa5,0x08,0xa5,0x08,0xa5,0x08,0xa5,0x08,0xa5,0x08,0xa5,0x08,
    0xa5,0x08,0xa5,0x08,0xa5,0x08,0xa5,0x08,0xa5,0x08,0xa5,0x08,0xa5,0x08,0xa5,0x08,
    0xa5,0x08,0xa5,0x08,0xa5,0x08,0xa5,0x08,0xa5,0x08,0xa5,0x08,0xa5,0x08,0xa5,0x08,
    0xa5,0x08,0xa5,0x08,0xa5,0x08,0xa5,0x08,0xa5,0x08,0xa5,0x08,0xa5,0x08,0xa5,0x08,
    0xa5,0x08,0xa5,0x08,0xa5,0x08,0xa5,0x08,0xa5,0x08,0xa5,0x08,0xa5,0x08,0xa5,0x08,
    0xa5,0x08,0xa5,0x08,0xa5,0x08,0xa5,0x08,0xa5,0x08,0xa5,0x08,0xa5,0x08,0xa5,0x08,
    0xa5,0x08,0xa5,0x08,0xa5,0x08,0xa5,0x08,0xa5,0x08,0xa5,0x08,0xa5,0x08,0xa5,0x08,
    0xa5,0x08,0xa5,0x08,0xa5,0x08,0xa5,0x08,0xa5,0x08,0xa5,0x08,0xa5,0x08,0xa5,0x08,
    0xa5,0x08,0xa5,0x08,0xa5,0x08,0xa5,0x08,0xa5,0x08,0xa5,0x08,0xa5,0x08,0xa5,0x08,
    0xa5,0x08,0xa5,0x08,0xa5,0x08,0xa5,0x08,0xa5,0x08,0xa5,0x08,0xa5,0x08,0xa5,0x08,
    0xa5,0x08,0xa5,0x08,0xa5,0x08,0xa5,0x08,0xa5,0x08,0xa5,0x08,0xa5,0x08,0xa5,0x08,
    0xa5,0x08,0xa5,0x08,0xa5,0x08,0xa5,0x08,0xa5,0x08,0xa5,0x08,0xa5,0x08,0xa5,0x08,
    0xa5,0x08,0xa5,0x08,0xa5,0x08,0xa5,0x08,0xa5,0x08,0xa5,0x08,0xa5,0x08,0xa5,0x08,
    0xa5,0x08,0xa5,0x08,0xa5,0x08,0xa5,0x08,0xa5,0x08,0xa5,0x08,0xa5,0x08,0xa5,0x08,
    0xa5,0x08,0xa5,0x08,0xa5,0x08,0xc5,0x10,0x85,0x00,0x83,0xc3,0x63,0xfc,0x23,0xec,
    0x63,0xfc,0x63,0xbb,0x85,0x08,0xc5,0x10,0xa5,0x08,0xa5,0x08,0xa5,0x08,0xa5,0x08,
    0xa5,0x08,0xa5,0x08,0xa5,0x08,0xc5,0x10,0xa5,0x00,0x05,0x31,0x25,0xf3,0x06,0xf3,
    0x06,0xeb,0x46,0xfb,0x25,0x9a,0x85,0x00,0xc5,0x10,0xa5,0x08,0xa5,0x08,0xa5,0x08,
    0xa5,0x08,0xc5,0x10,0xc5,0x10,0x43,0x00,0x64,0x00,0x26,0x19,0x27,0x19,0x84,0x08,
    0x23,0x00,0xa5,0x08,0xc5,0x10,0xa5,0x08,0xa5,0x08,0xa5,0x08,0xa5,0x08,0xa5,0x10,
    0xa5,0x08,0xa5,0x08,0x0e,0xa2,0x91,0xd2,0x70,0xc2,0x71,0xc2,0x92,0xd2,0x71,0xc2,
    0x07,0x31,0x84,0x00,0xc5,0x10,0xc5,0x10,0xa5,0x08,0xa4,0x08,0x84,0x00,0xf0,0x69,
    0xd9,0xb2,0xb8,0xa2,0xb8,0xa2,0xb8,0xa2,0xfb,0xb2,0xf1,0x69,0x83,0x00,0xc5,0x10,
    0xa5,0x08,0xa5,0x08,0xa5,0x08,0xa5,0x08,0xa5,0x08,0xa5,0x08,0xa5,0x08,0xa5,0x08,
    0xa5,0x08,0xa5,0x08,0xa5,0x08,0xa5,0x08,0xa5,0x08,0xa5,0x08,0xa5,0x08,0xa5,0x08,
    0xa5,0x08,0xa5,0x08,0xa5,0x08,0xa5,0x10,0xa5,0x00,0xe7,0xb9,0x68,0xfa,0x48,0xea,
    0x48,0xea,0x48,0xea,0x48,0xea,0x48,0xea,0x48,0xea,0x48,0xf2,0x47,0xe2,0xe5,0x28,
    0xa5,0x08,0xa5,0x10,0xa5,0x08,0xa5,0x08,0xa5,0x08,0xa5,0x08,0xa5,0x08,0xa5,0x08,
    0xa5,0x08,0xa5,0x08,0xa5,0x08,0xa5,0x08,0xa5,0x08,0xa5,0x08,0xa5,0x08,0xa5,0x08,
    0xa5,0x08,0xa5,0x08,0xa5,0x08,0xa5,0x08,0xa5,0x08,0xa5,0x08,0xa5,0x08,0xa5,0x08,
    0xa5,0x08,0xa5,0x08,0xa5,0x08,0xa5,0x08,0xa5,0x08,0xa5,0x08,0xa5,0x08,0xa5,0x08,
    0xa5,0x08,0xa5,0x08,0xa5,0x08,0xa5,0x08,0xa5,0x08,0xa5,0x08,0xa5,0x08,0xa5,0x08,
    0xa5,0x08,0xa5,0x08,0xa5,0x08,0xa5,0x08,0xa5,0x08,0xa5,0x08,0xa5,0x08,0xa5,0x08,
    0xa5,0x08,0xa5,0x08,0xa5,0x08,0xa5,0x08,0xa5,0x08,0xa5,0x08,0xa5,0x08,0xa5,0x08,
    0xa5,0x08,0xa5,0x08,0xa5,0x08,0xa5,0x08,0xa5,0x08,0xa5,0x08,0xa5,0x08,0xa5,0x08,
    0xa5,0x08,0xa5,0x08,0xa5,0x08,0xa5,0x08,0xa5,0x08,0xa5,0x08,0xa5,0x08,0xa5,0x08,
    0xa5,0x08,0xa5,0x08,0xa5,0x08,0xa5,0x08,0xa5,0x08,0xa5,0x08,0xa5,0x08,0xa5,0x08,
    0xa5,0x08,0xa5,0x08,0xa5,0x08,0xa5,0x08,0xa5,0x08,0xa5,0x08,0xa5,0x08,0xa5,0x08,
    0xa5,0x08,0xa5,0x08,0xa5,0x08,0xa5,0x08,0xa5,0x08,0xa5,0x08,0xa5,0x08,0xa5,0x08,
    0xa5,0x08,0xa5,0x08,0xa5,0x08,0xa5,0x08,0xa5,0x08,0xa5,0x08,0xa5,0x08,0xa5,0x08,
    0xa5,0x08,0xa5,0x08,0xa5,0x08,0xa5,0x08,0xa5,0x08,0xa5,0x08,0xa5,0x08,0xa5,0x08,
    0xa5,0x08,0xa5,0x08,0xa5,0x08,0xa5,0x08,0xa5,0x08,0xa5,0x08,0xc5,0x10,0x85,0x00,
    0xa4,0x49,0x62,0xfc,0x43,0xf4,0x43,0xf4,0x62,0xfc,0xa4,0x49,0x85,0x00,0xc5,0x10,
    0xa5,0x08,0xa5,0x08,0xa5,0x08,0xa5,0x08,0xa5,0x08,0xa5,0x08,0xa5,0x08,0xa5,0x08,
    0xc5,0x10,0x85,0x00,0xe5,0x81,0x46,0xfb,0x06,0xeb,0x06,0xf3,0x06,0xf3,0x05,0x31,
    0xa5,0x08,0xa5,0x10,0xa5,0x08,0xa5,0x08,0xc5,0x10,0xa5,0x08,0x64,0x00,0xed,0x5a,
    0xb7,0xb5,0x5d,0xe7,0x7d,0xef,0x59,0xc6,0xd0,0x73,0xc5,0x08,0x84,0x08,0xc5,0x10,
    0xa5,0x08,0xa5,0x08,0xa5,0x08,0xc5,0x10,0x84,0x00,0xab,0x79,0x91,0xda,0x70,0xca,
    0x70,0xca,0x71,0xca,0x0e,0x9a,0x07,0x29,0xa4,0x00,0xc5,0x10,0xa5,0x08,0xa5,0x08,
    0xa5,0x08,0xc5,0x10,0xa5,0x08,0xa4,0x08,0xcf,0x61,0xb9,0xaa,0xb9,0xa2,0xb9,0xa2,
    0xb9,0xa2,0xda,0xaa,0x6b,0x39,0x83,0x00,0xc5,0x10,0xa5,0x08,0xa5,0x08,0xa5,0x08,
    0xa5,0x08,0xa5,0x08,0xa5,0x08,0xa5,0x08,0xa5,0x08,0xa5,0x08,0xa5,0x08,0xa5,0x08,
    0xa5,0x08,0xa5,0x08,0xa5,0x08,0xa5,0x08,0xa5,0x08,0xa5,0x08,0xa5,0x08,0xa5,0x10,
    0xa5,0x00,0xe7,0xb1,0x68,0xfa,0x48,0xea,0x48,0xea,0x48,0xea,0x48,0xea,0x48,0xea,
    0x48,0xea,0x48,0xea,0x68,0xfa,0x25,0x49,0xa5,0x00,0xc5,0x10,0xa5,0x08,0xa5,0x08,
    0xa5,0x08,0xa5,0x08,0xa5,0x08,0xa5,0x08,0xa5,0x08,0xa5,0x08,0xa5,0x08,0xa5,0x08,
    0xa5,0x08,0xa5,0x08,0xa5,0x08,0xa5,0x08,0xa5,0x08,0xa5,0x08,0xa5,0x08,0xa5,0x08,
    0xa5,0x08,0xa5,0x08,0xa5,0x08,0xa5,0x08,0xa5,0x08,0xa5,0x08,0xa5,0x08,0xa5,0x08,
    0xa5,0x08,0xa5,0x08,0xa5,0x08,0xa5,0x08,0xa5,0x08,0xa5,0x08,0xa5,0x08,0xa5,0x08,
    0xa5,0x08,0xa5,0x08,0xa5,0x08,0xa5,0x08,0xa5,0x08,0xa5,0x08,0xa5,0x08,0xa5,0x08,
    0xa5,0x08,0xa5,0x08,0xa5,0x08,0xa5,0x08,0xa5,0x08,0xa5,0x08,0xa5,0x08,0xa5,0x08,
    0xa5,0x08,0xa5,0x08,0xa5,0x08,0xa5,0x08,0xa5,0x08,0xa5,0x08,0xa5,0x08,0xa5,0x08,
    0xa5,0x08,0xa5,0x08,0xa5,0x08,0xa5,0x08,0xa5,0x08,0xa5,0x08,0xa5,0x08,0xa5,0x08,
    0xa5,0x08,0xa5,0x08,0xa5,0x08,0xa5,0x08,0xa5,0x08,0xa5,0x08,0xa5,0x08,0xa5,0x08,
    0xa5,0x08,0xa5,0x08,0xa5,0x08,0xa5,0x08,0xa5,0x08,0xa5,0x08,0xa5,0x08,0xa5,0x08,
    0xa5,0x08,0xa5,0x08,0xa5,0x08,0xa5,0x08,0xa5,0x08,0xa5,0x08,0xa5,0x08,0xa5,0x08,
    0xa5,0x08,0xa5,0x08,0xa5,0x08,0xa5,0x08,0xa5,0x08,0xa5,0x08,0xa5,0x08,0xa5,0x08,
    0xa5,0x08,0xa5,0x08,0xa5,0x08,0xa5,0x08,0xa5,0x08,0xa5,0x08,0xa5,0x08,0xa5,0x08,
    0xa5,0x08,0xa5,0x08,0xa5,0x08,0xa5,0x08,0xa5,0x08,0xa5,0x08,0xa5,0x08,0xa5,0x08,
    0xa5,0x08,0xa5,0x08,0xc5,0x10,0x85,0x08,0x63,0xbb,0x82,0xfc,0x42,0xec,0x82,0xfc,
    0x83,0xc3,0x85,0x00,0xc5,0x10,0xa5,0x08,0xa5,0x08,0xa5,0x08,0xa5,0x08,0xa5,0x08,
    0xa5,0x08,0xa5,0x08,0xa5,0x08,0xa5,0x08,0xa5,0x10,0xa5,0x08,0xe5,0x18,0xe6,0xe2,
    0x06,0xf3,0xe6,0xea,0x26,0xfb,0x25,0x9a,0x85,0x00,0xc5,0x10,0xa5,0x08,0xa5,0x08,
    0xa5,0x08,0x64,0x00,0xf4,0x9c,0xff,0xff,0xff,0xff,0xff,0xff,0xff,0xff,0xff,0xff,
    0xff,0xff,0x39,0xc6,0x06,0x19,0x84,0x08,0xc5,0x10,0xa5,0x08,0xc5,0x10,0x84,0x00,
    0x48,0x49,0x70,0xda,0x50,0xca,0x50,0xca,0x91,0xd2,0xed,0x99,0xa4,0x00,0xa4,0x08,
    0xc5,0x10,0xa5,0x08,0xa5,0x08,0xa5,0x08,0xa5,0x08,0xa5,0x08,0xa5,0x10,0xc5,0x10,
    0x83,0x00,0x6b,0x41,0xda,0xaa,0xb9,0xa2,0xb9,0x9a,0xda,0xa2,0xb9,0x9a,0x08,0x21,
    0x84,0x00,0xc5,0x10,0xa5,0x08,0xa5,0x08,0xa5,0x08,0xa5,0x08,0xa5,0x08,0xa5,0x08,
    0xa5,0x08,0xa5,0x08,0xa5,0x08,0xa5,0x08,0xa5,0x08,0xa5,0x08,0xa5,0x08,0xa5,0x08,
    0xa5,0x08,0xa5,0x08,0xa5,0x08,0xc5,0x10,0x85,0x00,0x86,0x81,0x68,0xfa,0x28,0xea,
    0x28,0xea,0x28,0xea,0x28,0xea,0x28,0xea,0x28,0xea,0x48,0xea,0x48,0xfa,0x26,0x49,
    0xa5,0x00,0xc5,0x10,0xa5,0x08,0xa5,0x08,0xa5,0x08,0xa5,0x08,0xa5,0x08,0xa5,0x08,
    0xa5,0x08,0xa5,0x08,0xa5,0x08,0xa5,0x08,0xa5,0x08,0xa5,0x08,0xa5,0x08,0xa5,0x08,
    0xa5,0x08,0xa5,0x08,0xa5,0x08,0xa5,0x08,0xa5,0x08,0xa5,0x08,0xa5,0x08,0xa5,0x08,
    0xa5,0x08,0xa5,0x08,0xa5,0x08,0xa5,0x08,0xa5,0x08,0xa5,0x08,0xa5,0x08,0xa5,0x08,
    0xa5,0x08,0xa5,0x08,0xa5,0x08,0xa5,0x08,0xa5,0x08,0xa5,0x08,0xa5,0x08,0xa5,0x08,
    0xa5,0x08,0xa5,0x08,0xa5,0x08,0xa5,0x08,0xa5,0x08,0xa5,0x08,0xa5,0x08,0xa5,0x08,
    0xa5,0x08,0xa5,0x08,0xa5,0x08,0xa5,0x08,0xa5,0x08,0xa5,0x08,0xa5,0x08,0xa5,0x08,
    0xa5,0x08,0xa5,0x08,0xa5,0x08,0xa5,0x08,0xa5,0x08,0xa5,0x08,0xa5,0x08,0xa5,0x08,
    0xa5,0x08,0xa5,0x08,0xa5,0x08,0xa5,0x08,0xa5,0x08,0xa5,0x08,0xa5,0x08,0xa5,0x08,
    0xa5,0x08,0xa5,0x08,0xa5,0x08,0xa5,0x08,0xa5,0x08,0xa5,0x08,0xa5,0x08,0xa5,0x08,
    0xa5,0x08,0xa5,0x08,0xa5,0x08,0xa5,0x08,0xa5,0x08,0xa5,0x08,0xa5,0x08,0xa5,0x08,
    0xa5,0x08,0xa5,0x08,0xa5,0x08,0xa5,0x08,0xa5,0x08,0xc5,0x10,0xc5,0x10,0xc5,0x10,
    0xc5,0x10,0xc5,0x10,0xc5,0x10,0xc5,0x10,0xc5,0x10,0xc5,0x10,0xc5,0x10,0xc5,0x10,
    0xc5,0x10,0xa5,0x08,0xa5,0x08,0xa5,0x08,0xa5,0x08,0xa5,0x08,0xa5,0x08,0xa5,0x08,
    0xa5,0x08,0xa5,0x08,0xa5,0x08,0xa5,0x08,0xa5,0x08,0xc5,0x10,0x85,0x00,0x84,0x39,
    0x82,0xfc,0x42,0xf4,0x42,0xf4,0xa2,0xfc,0x24,0x62,0x85,0x00,0xc5,0x10,0xa5,0x08,
    0xa5,0x08,0xa5,0x08,0xa5,0x08,0xa5,0x08,0xa5,0x08,0xa5,0x08,0xa5,0x08,0xa5,0x08,
    0xa5,0x08,0xc5,0x10,0x85,0x00,0xe5,0x81,0x26,0xfb,0xe6,0xea,0xe6,0xf2,0xe6,0xf2,
    0x25,0x39,0x85,0x00,0xc5,0x10,0xc5,0x10,0x43,0x00,0x52,0x84,0xff,0xff,0xbf,0xf7,
    0xbf,0xf7,0xdf,0xf7,0xdf,0xf7,0xdf,0xf7,0xbe,0xf7,0xff,0xff,0xf8,0xbd,0x84,0x08,
    0xc5,0x10,0xc5,0x10,0xa4,0x00,0xe6,0x28,0x4e,0xca,0x6f,0xd2,0x4f,0xca,0x70,0xd2,
    0x4f,0xc2,0xc6,0x18,0xa5,0x08,0xc5,0x10,0xa5,0x08,0xa5,0x08,0xa5,0x08,0xa5,0x08,
    0xa5,0x08,0xa5,0x08,0xa5,0x08,0xa5,0x08,0xc5,0x10,0x83,0x00,0x6b,0x41,0xda,0xa2,
    0xba,0xa2,0xba,0x9a,0xda,0xa2,0x99,0x92,0x09,0x29,0xa4,0x08,0xc5,0x10,0xa5,0x08,
    0xa5,0x08,0xa5,0x08,0xa5,0x08,0xa5,0x08,0xa5,0x08,0xa5,0x08,0xa5,0x08,0xa5,0x08,
    0xa5,0x08,0xa5,0x08,0xa5,0x08,0xa5,0x08,0xa5,0x08,0xa5,0x08,0xa5,0x08,0xc5,0x10,
    0x85,0x00,0x86,0x79,0x68,0xfa,0x28,0xea,0x28,0xea,0x28,0xea,0x28,0xea,0x28,0xea,
    0x28,0xea,0x28,0xea,0x48,0xfa,0x26,0x49,0xa5,0x00,0xc5,0x10,0xa5,0x08,0xa5,0x08,
    0xa5,0x08,0xa5,0x08,0xa5,0x08,0xa5,0x08,0xa5,0x08,0xa5,0x08,0xa5,0x08,0xa5,0x08,
    0xa5,0x08,0xa5,0x08,0xa5,0x08,0xa5,0x08,0xa5,0x08,0xa5,0x08,0xa5,0x08,0xa5,0x08,
    0xa5,0x08,0xa5,0x08,0xa5,0x08,0xa5,0x08,0xa5,0x08,0xa5,0x08,0xa5,0x08,0xa5,0x08,
    0xa5,0x08,0xa5,0x08,0xa5,0x08,0xa5,0x08,0xa5,0x08,0xa5,0x08,0xa5,0x08,0xa5,0x08,
    0xa5,0x08,0xa5,0x08,0xa5,0x08,0xa5,0x08,0xa5,0x08,0xa5,0x08,0xa5,0x08,0xa5,0x08,
    0xa5,0x08,0xa5,0x08,0xa5,0x08,0xa5,0x08,0xa5,0x08,0xa5,0x08,0xa5,0x08,0xa5,0x08,
    0xa5,0x08,0xa5,0x08,0xa5,0x08,0xa5,0x08,0xa5,0x08,0xa5,0x08,0xa5,0x08,0xa5,0x08,
    0xa5,0x08,0xa5,0x08,0xa5,0x08,0xa5,0x08,0xa5,0x08,0xa5,0x08,0xa5,0x08,0xa5,0x08,
    0xa5,0x08,0xa5,0x08,0xa5,0x08,0xa5,0x08,0xa5,0x08,0xa5,0x08,0xa5,0x08,0xa5,0x08,
    0xa5,0x08,0xa5,0x08,0xa5,0x08,0xa5,0x08,0xa5,0x08,0xa5,0x08,0xa5,0x08,0xa5,0x08,
    0xa5,0x08,0xa5,0x08,0xa5,0x08,0xa5,0x08,0xa5,0x08,0xa5,0x08,0xa5,0x08,0xa5,0x08,
    0xa5,0x08,0x85,0x00,0x85,0x00,0x85,0x00,0x85,0x00,0x85,0x00,0x85,0x00,0x85,0x00,
    0x85,0x00,0x85,0x00,0x85,0x00,0x85,0x00,0xa5,0x08,0xa5,0x10,0xa5,0x08,0xa5,0x08,
    0xa5,0x08,0xa5,0x08,0xa5,0x08,0xa5,0x08,0xa5,0x08,0xa5,0x08,0xa5,0x08,0xa5,0x08,
    0xa5,0x08,0xc5,0x10,0x85,0x00,0x03,0x9b,0xa2,0xfc,0x42,0xec,0x82,0xfc,0xc3,0xd3,
    0xa5,0x08,0xa5,0x08,0xa5,0x10,0xa5,0x08,0xa5,0x08,0xa5,0x08,0xa5,0x08,0xa5,0x08,
    0xa5,0x08,0xa5,0x08,0xa5,0x08,0xa5,0x08,0xa5,0x08,0xa5,0x10,0xa5,0x08,0xe5,0x18,
    0xc6,0xe2,0x06,0xf3,0xe6,0xea,0x06,0xfb,0x86,0xca,0xc5,0x10,0xc5,0x08,0x84,0x08,
    0x47,0x21,0x9e,0xf7,0xdf,0xff,0xdf,0xf7,0xdf,0xff,0xdf,0xff,0xdf,0xff,0xdf,0xff,
    0xdf,0xff,0xbf,0xf7,0xff,0xff,0xcd,0x52,0x43,0x00,0xc5,0x10,0xc5,0x10,0x0d,0xb2,
    0x6f,0xda,0x4f,0xca,0x4f,0xca,0x6f,0xd2,0x27,0x41,0xa4,0x00,0xc5,0x10,0xa5,0x08,
    0xa5,0x08,0xa5,0x08,0xa5,0x08,0xa5,0x08,0xa5,0x08,0xa5,0x08,0xa5,0x08,0xa5,0x08,
    0xa5,0x08,0xc5,0x10,0x83,0x00,0xaf,0x59,0xdb,0xaa,0xb9,0x9a,0xb9,0x9a,0xdb,0xa2,
    0x77,0x8a,0xc5,0x10,0xa5,0x08,0xa5,0x10,0xa5,0x08,0xa5,0x08,0xa5,0x08,0xa5,0x08,
    0xa5,0x08,0xa5,0x08,0xa5,0x08,0xa5,0x08,0xa5,0x08,0xa5,0x08,0xa5,0x08,0xa5,0x08,
    0xa5,0x08,0xa5,0x08,0xa5,0x08,0xc5,0x10,0x85,0x00,0x86,0x79,0x48,0xfa,0x28,0xea,
    0x28,0xea,0x28,0xea,0x28,0xea,0x28,0xea,0x28,0xea,0x28,0xea,0x48,0xfa,0x26,0x49,
    0xa5,0x00,0xc5,0x10,0xa5,0x08,0xa5,0x08,0xa5,0x08,0xa5,0x08,0xa5,0x08,0xa5,0x08,
    0xa5,0x08,0xa5,0x08,0xa5,0x08,0xa5,0x08,0xa5,0x08,0xa5,0x08,0xa5,0x08,0xa5,0x08,
    0xa5,0x08,0xa5,0x08,0xa5,0x08,0xa5,0x08,0xa5,0x08,0xa5,0x08,0xa5,0x08,0xa5,0x08,
    0xa5,0x08,0xa5,0x08,0xa5,0x08,0xa5,0x08,0xa5,0x08,0xa5,0x08,0xa5,0x08,0xa5,0x08,
    0xa5,0x08,0xa5,0x08,0xa5,0x08,0xa5,0x08,0xa5,0x08,0xa5,0x08,0xa5,0x08,0xa5,0x08,
    0xa5,0x08,0xa5,0x08,0xa5,0x08,0xa5,0x08,0xa5,0x08,0xa5,0x08,0xa5,0x08,0xa5,0x08,
    0xa5,0x08,0xa5,0x08,0xa5,0x08,0xa5,0x08,0xa5,0x08,0xa5,0x08,0xa5,0x08,0xa5,0x08,
    0xa5,0x08,0xa5,0x08,0xa5,0x08,0xa5,0x08,0xa5,0x08,0xa5,0x08,0xa5,0x08,0xa5,0x08,
    0xa5,0x08,0xa5,0x08,0xa5,0x08,0xa5,0x08,0xa5,0x08,0xa5,0x08,0xa5,0x08,0xa5,0x08,
    0xa5,0x08,0xa5,0x08,0xa5,0x08,0xa5,0x08,0xa5,0x08,0xa5,0x08,0xa5,0x08,0xa5,0x08,
    0xa5,0x08,0xa5,0x08,0xa5,0x08,0xa5,0x08,0xa5,0x08,0xa5,0x08,0xa5,0x08,0xa5,0x08,
    0xa5,0x08,0xa5,0x08,0xa5,0x08,0xc5,0x10,0x85,0x08,0xa4,0x8a,0x63,0xc3,0x43,0xb3,
    0x43,0xbb,0x43,0xbb,0x43,0xbb,0x43,0xbb,0x43,0xbb,0x43,0xbb,0x43,0xb3,0x83,0xc3,
    0x04,0x62,0x85,0x00,0xc5,0x10,0xa5,0x08,0xa5,0x08,0xa5,0x08,0xa5,0x08,0xa5,0x08,
    0xa5,0x08,0xa5,0x08,0xa5,0x08,0xa5,0x08,0xc5,0x10,0xa5,0x08,0xe5,0x18,0x62,0xec,
    0x62,0xf4,0x42,0xec,0xa2,0xfc,0x24,0x6a,0x65,0x00,0xc5,0x10,0xa5,0x08,0xa5,0x08,
    0xa5,0x08,0xa5,0x08,0xa5,0x08,0xa5,0x08,0xa5,0x08,0xa5,0x08,0xa5,0x08,0xa5,0x08,
    0xa5,0x08,0xa5,0x08,0xc5,0x10,0x85,0x00,0xc5,0x79,0x06,0xfb,0xe6,0xea,0xc6,0xea,
    0x06,0xfb,0xc5,0x81,0xa5,0x00,0x43,0x00,0x6f,0x6b,0xff,0xff,0xbf,0xf7,0xdf,0xff,
    0xdf,0xff,0xdf,0xff,0xdf,0xff,0xdf,0xff,0xdf,0xff,0xbf,0xf7,0xff,0xff,0x35,0xa5,
    0x43,0x00,0xa4,0x00,0xaa,0x89,0x6f,0xe2,0x4e,0xca,0x4e,0xca,0x6f,0xe2,0x8a,0x71,
    0x84,0x00,0xc5,0x10,0xa5,0x08,0xa5,0x08,0xa5,0x08,0xa5,0x08,0xa5,0x08,0xa5,0x08,
    0xa5,0x08,0xa5,0x08,0xa5,0x08,0xa5,0x08,0xa5,0x08,0xa5,0x08,0xc5,0x10,0xa4,0x08,
    0x55,0x7a,0xdb,0xaa,0xb9,0x9a,0xb9,0x9a,0xdb,0xaa,0x4a,0x31,0xa4,0x00,0xc5,0x10,
    0xa5,0x08,0xa5,0x08,0xa5,0x08,0xa5,0x08,0xa5,0x08,0xa5,0x08,0xa5,0x08,0xa5,0x08,
    0xa5,0x08,0xa5,0x08,0xa5,0x08,0xa5,0x08,0xa5,0x08,0xa5,0x08,0xa5,0x08,0xc5,0x10,
    0x85,0x00,0x66,0x79,0x48,0xfa,0x28,0xea,0x28,0xea,0x28,0xea,0x28,0xea,0x28,0xea,
    0x28,0xea,0x28,0xea,0x48,0xfa,0x26,0x49,0xa5,0x00,0xc5,0x10,0xa5,0x08,0xa5,0x08,
    0xa5,0x08,0xa5,0x08,0xa5,0x08,0xa5,0x08,0xa5,0x08,0xa5,0x08,0xa5,0x08,0xa5,0x08,
    0xa5,0x08,0xa5,0x08,0xa5,0x08,0xa5,0x08,0xa5,0x08,0xa5,0x08,0xa5,0x08,0xa5,0x08,
    0xa5,0x08,0xa5,0x08,0xa5,0x08,0xa5,0x08,0xa5,0x08,0xa5,0x08,0xa5,0x08,0xa5,0x08,
    0xa5,0x08,0xa5,0x08,0xa5,0x08,0xa5,0x08,0xa5,0x08,0xa5,0x08,0xa5,0x08,0xa5,0x08,
    0xa5,0x08,0xa5,0x08,0xa5,0x08,0xa5,0x08,0xa5,0x08,0xa5,0x08,0xa5,0x08,0xa5,0x08,
    0xa5,0x08,0xa5,0x08,0xa5,0x08,0xa5,0x08,0xa5,0x08,0xa5,0x08,0xa5,0x08,0xa5,0x08,
    0xa5,0x08,0xa5,0x08,0xa5,0x08,0xa5,0x08,0xa5,0x08,0xa5,0x08,0xa5,0x08,0xa5,0x08,
    0xa5,0x08,0xa5,0x08,0xa5,0x08,0xa5,0x08,0xa5,0x08,0xa5,0x08,0xa5,0x08,0xa5,0x08,
    0xa5,0x08,0xa5,0x08,0xa5,0x08,0xa5,0x08,0xa5,0x08,0xa5,0x08,0xa5,0x08,0xa5,0x08,
    0xa5,0x08,0xa5,0x08,0xa5,0x08,0xa5,0x08,0xa5,0x08,0xa5,0x08,0xa5,0x08,0xa5,0x08,
    0xa5,0x08,0xa5,0x08,0xa5,0x08,0xa5,0x08,0xa5,0x08,0xa5,0x08,0xa5,0x08,0xc5,0x10,
    0x85,0x00,0x63,0xc3,0x82,0xfc,0x63,0xfc,0x63,0xfc,0x63,0xfc,0x63,0xfc,0x63,0xfc,
    0x63,0xfc,0x63,0xfc,0x43,0xfc,0xa2,0xfc,0x84,0x82,0x65,0x00,0xc5,0x10,0xa5,0x08,
    0xa5,0x08,0xa5,0x08,0xa5,0x08,0xa5,0x08,0xa5,0x08,0xa5,0x08,0xa5,0x08,0xa5,0x08,
    0xa5,0x08,0xa5,0x10,0xa5,0x08,0x63,0xb3,0xe2,0xfc,0xc2,0xfc,0x22,0xe4,0xe5,0x18,
    0xa5,0x08,0xc5,0x10,0xa5,0x08,0xa5,0x08,0xa5,0x08,0xa5,0x08,0xa5,0x08,0xa5,0x08,
    0xa5,0x08,0xa5,0x08,0xa5,0x08,0xa5,0x08,0xa5,0x08,0xa5,0x08,0xa5,0x08,0xc5,0x10,
    0xa5,0x08,0x46,0xb2,0xe6,0xfa,0xc6,0xea,0xe6,0xf2,0xa6,0xe2,0xe5,0x20,0x23,0x00,
    0x73,0x8c,0xff,0xff,0xbf,0xf7,0xdf,0xff,0xdf,0xff,0xdf,0xff,0xdf,0xff,0xdf,0xff,
    0xdf,0xff,0xbf,0xf7,0xff,0xff,0x39,0xc6,0x43,0x00,0x27,0x39,0x4e,0xda,0x4e,0xd2,
    0x4e,0xd2,0x6f,0xda,0xec,0xa1,0xa4,0x00,0xa5,0x10,0xa5,0x08,0xa5,0x08,0xa5,0x08,
    0xa5,0x08,0xa5,0x08,0xa5,0x08,0xa5,0x08,0xa5,0x08,0xa5,0x08,0xa5,0x08,0xa5,0x08,
    0xa5,0x08,0xa5,0x08,0xc5,0x10,0xa4,0x08,0x08,0x21,0xb9,0x9a,0xfb,0xaa,0xfb,0xaa,
    0x98,0x92,0xe6,0x18,0xa4,0x08,0xa5,0x10,0xa5,0x08,0xa5,0x08,0xa5,0x08,0xa5,0x08,
    0xa5,0x08,0xa5,0x08,0xa5,0x08,0xa5,0x08,0xa5,0x08,0xa5,0x08,0xa5,0x08,0xa5,0x08,
    0xa5,0x08,0xa5,0x08,0xa5,0x08,0xc5,0x10,0x85,0x00,0x66,0x79,0x48,0xfa,0x08,0xea,
    0x28,0xea,0x28,0xea,0x28,0xea,0x28,0xea,0x28,0xea,0x28,0xea,0x48,0xfa,0x06,0x49,
    0xa5,0x00,0xc5,0x10,0xa5,0x08,0xa5,0x08,0xa5,0x08,0xa5,0x08,0xa5,0x08,0xa5,0x08,
    0xa5,0x08,0xa5,0x08,0xa5,0x08,0xa5,0x08,0xa5,0x08,0xa5,0x08,0xa5,0x08,0xa5,0x08,
    0xa5,0x08,0xa5,0x08,0xa5,0x08,0xa5,0x08,0xa5,0x08,0xa5,0x08,0xa5,0x08,0xa5,0x08,
    0xa5,0x08,0xa5,0x08,0xa5,0x08,0xa5,0x08,0xa5,0x08,0xa5,0x08,0xa5,0x08,0xa5,0x08,
    0xa5,0x08,0xa5,0x08,0xa5,0x08,0xa5,0x08,0xa5,0x08,0xa5,0x08,0xa5,0x08,0xa5,0x08,
    0xa5,0x08,0xa5,0x08,0xa5,0x08,0xa5,0x08,0xa5,0x08,0xa5,0x08,0xa5,0x08,0xa5,0x08,
    0xa5,0x08,0xa5,0x08,0xa5,0x08,0xa5,0x08,0xa5,0x08,0xa5,0x08,0xa5,0x08,0xa5,0x08,
    0xa5,0x08,0xa5,0x08,0xa5,0x08,0xa5,0x08,0xa5,0x08,0xa5,0x08,0xa5,0x08,0xa5,0x08,
    0xa5,0x08,0xa5,0x08,0xa5,0x08,0xa5,0x08,0xa5,0x08,0xa5,0x08,0xa5,0x08,0xa5,0x08,
    0xa5,0x08,0xa5,0x08,0xa5,0x08,0xa5,0x08,0xa5,0x08,0xa5,0x08,0xa5,0x08,0xa5,0x08,
    0xa5,0x08,0xa5,0x08,0xa5,0x08,0xa5,0x08,0xa5,0x08,0xa5,0x08,0xa5,0x08,0xa5,0x08,
    0xa5,0x08,0xa5,0x08,0xa5,0x08,0xc5,0x10,0x85,0x00,0x63,0xbb,0x82,0xfc,0x43,0xfc,
    0x63,0xfc,0x63,0xfc,0x63,0xfc,0x63,0xfc,0x63,0xfc,0x63,0xfc,0x43,0xf4,0xa2,0xfc,
    0x84,0x82,0x65,0x00,0xc5,0x10,0xa5,0x08,0xa5,0x08,0xa5,0x08,0xa5,0x08,0xa5,0x08,
    0xa5,0x08,0xa5,0x08,0xa5,0x08,0xa5,0x08,0xa5,0x08,0xc5,0x10,0xa5,0x08,0xe5,0x18,
    0x03,0x9b,0x83,0xb3,0x64,0x31,0x85,0x00,0xc5,0x10,0xa5,0x08,0xa5,0x08,0xa5,0x08,
    0xa5,0x08,0xa5,0x08,0xa5,0x08,0xa5,0x08,0xa5,0x08,0xa5,0x08,0xa5,0x08,0xa5,0x08,
    0xa5,0x08,0xa5,0x08,0xa5,0x08,0xc5,0x10,0xa5,0x00,0x05,0x31,0xc6,0xf2,0xc6,0xf2,
    0xc6,0xea,0xe6,0xfa,0xe6,0x81,0x03,0x00,0xf1,0x7b,0xff,0xff,0xbf,0xf7,0xdf,0xff,
    0xdf,0xff,0xdf,0xff,0xdf,0xff,0xdf,0xff,0xdf,0xff,0xbf,0xf7,0xff,0xff,0x97,0xad,
    0x64,0x10,0x4d,0xca,0x4e,0xda,0x4e,0xd2,0x4e,0xd2,0x4e,0xda,0xe6,0x28,0xa4,0x00,
    0xc5,0x10,0xa5,0x08,0xa5,0x08,0xa5,0x08,0xa5,0x08,0xa5,0x08,0xa5,0x08,0xa5,0x08,
    0xa5,0x08,0xa5,0x08,0xa5,0x08,0xa5,0x08,0xa5,0x08,0xa5,0x08,0xa5,0x08,0xc5,0x10,
    0xa4,0x08,0xe7,0x20,0x12,0x6a,0x34,0x7a,0x08,0x29,0xa4,0x08,0xc5,0x10,0xa5,0x08,
    0xa5,0x08,0xa5,0x08,0xa5,0x08,0xa5,0x08,0xa5,0x08,0xa5,0x08,0xa5,0x08,0xa5,0x08,
    0xa5,0x08,0xa5,0x08,0xa5,0x08,0xa5,0x08,0xa5,0x08,0xa5,0x08,0xa5,0x08,0xc5,0x10,
    0xa5,0x00,0x66,0x79,0x48,0xfa,0x08,0xea,0x28,0xea,0x28,0xea,0x29,0xea,0x28,0xea,
    0x28,0xea,0x08,0xea,0x28,0xfa,0x06,0x49,0xa5,0x00,0xc5,0x10,0xa5,0x08,0xa5,0x08,
    0xa5,0x08,0xa5,0x08,0xa5,0x08,0xa5,0x08,0xa5,0x08,0xa5,0x08,0xa5,0x08,0xa5,0x08,
    0xa5,0x08,0xa5,0x08,0xa5,0x08,0xa5,0x08,0xa5,0x08,0xa5,0x08,0xa5,0x08,0xa5,0x08,
    0xa5,0x08,0xa5,0x08,0xa5,0x08,0xa5,0x08,0xa5,0x08,0xa5,0x08,0xa5,0x08,0xa5,0x08,
    0xa5,0x08,0xa5,0x08,0xa5,0x08,0xa5,0x08,0xa5,0x08,0xa5,0x08,0xa5,0x08,0xa5,0x08,
    0xa5,0x08,0xa5,0x08,0xa5,0x08,0xa5,0x08,0xa5,0x08,0xa5,0x08,0xa5,0x08,0xa5,0x08,
    0xa5,0x08,0xa5,0x08,0xa5,0x08,0xa5,0x08,0xa5,0x08,0xa5,0x08,0xa5,0x08,0xa5,0x08,
    0xa5,0x08,0xa5,0x08,0xa5,0x08,0xa5,0x08,0xa5,0x08,0xa5,0x08,0xa5,0x08,0xa5,0x08,
    0xa5,0x08,0xa5,0x08,0xa5,0x08,0xa5,0x08,0xa5,0x08,0xa5,0x08,0xa5,0x08,0xa5,0x08,
    0xa5,0x08,0xa5,0x08,0xa5,0x08,0xa5,0x08,0xa5,0x08,0xa5,0x08,0xa5,0x08,0xa5,0x08,
    0xa5,0x08,0xa5,0x08,0xa5,0x08,0xa5,0x08,0xa5,0x08,0xa5,0x08,0xa5,0x08,0xa5,0x08,
    0xa5,0x08,0xa5,0x08,0xa5,0x08,0xa5,0x08,0xa5,0x08,0xa5,0x08,0xa5,0x08,0xa5,0x10,
    0xa5,0x08,0x64,0x39,0xa4,0x49,0xa4,0x49,0xa4,0x49,0xa4,0x49,0xa4,0x49,0xa4,0x49,
    0xa4,0x49,0xa4,0x49,0x84,0x49,0xa4,0x49,0x25,0x29,0xa5,0x08,0xc5,0x10,0xa5,0x08,
    0xa5,0x08,0xa5,0x08,0xa5,0x08,0xa5,0x08,0xa5,0x08,0xa5,0x08,0xa5,0x08,0xa5,0x08,
    0xa5,0x08,0xa5,0x08,0xc5,0x10,0xa5,0x08,0x85,0x00,0x85,0x00,0x85,0x00,0xc5,0x10,
    0xa5,0x08,0xa5,0x08,0xa5,0x08,0xa5,0x08,0xa5,0x08,0xa5,0x08,0xa5,0x08,0xa5,0x08,
    0xa5,0x08,0xa5,0x08,0xa5,0x08,0xa5,0x08,0xa5,0x08,0xa5,0x08,0xa5,0x08,0xa5,0x08,
    0xc5,0x10,0x85,0x00,0x06,0x9a,0xe6,0xfa,0xc6,0xea,0xc6,0xf2,0xc7,0xf2,0xc4,0x28,
    0xc9,0x29,0xff,0xff,0xdf,0xf7,0xdf,0xff,0xdf,0xff,0xdf,0xff,0xdf,0xff,0xdf,0xff,
    0xdf,0xff,0xbf,0xf7,0xff,0xff,0x4e,0x5b,0x07,0x69,0x8e,0xea,0x4d,0xd2,0x4d,0xd2,
    0x6e,0xda,0x68,0x61,0xa4,0x00,0xc5,0x10,0xa5,0x08,0xa5,0x08,0xa5,0x08,0xa5,0x08,
    0xa5,0x08,0xa5,0x08,0xa5,0x08,0xa5,0x08,0xa5,0x08,0xa5,0x08,0xa5,0x08,0xa5,0x08,
    0xa5,0x08,0xa5,0x08,0xa5,0x08,0xa5,0x08,0xc5,0x10,0xa4,0x08,0x84,0x00,0x84,0x00,
    0xa4,0x08,0xc5,0x10,0xa5,0x08,0xa5,0x08,0xa5,0x08,0xa5,0x08,0xa5,0x08,0xa5,0x08,
    0xa5,0x08,0xa5,0x08,0xa5,0x08,0xa5,0x08,0xa5,0x08,0xa5,0x08,0xa5,0x08,0xa5,0x08,
    0xa5,0x08,0xa5,0x08,0xa5,0x08,0xc5,0x10,0xa5,0x00,0x66,0x79,0x28,0xfa,0x28,0xea,
    0x29,0xea,0x29,0xea,0x29,0xea,0x29,0xea,0x29,0xea,0x28,0xea,0x28,0xfa,0x06,0x49,
    0xa5,0x00,0xc5,0x10,0xa5,0x08,0xa5,0x08,0xa5,0x08,0xa5,0x08,0xa5,0x08,0xa5,0x08,
    0xa5,0x08,0xa5,0x08,0xa5,0x08,0xa5,0x08,0xa5,0x08,0xa5,0x08,0xa5,0x08,0xa5,0x08,
    0xa5,0x08,0xa5,0x08,0xa5,0x08,0xa5,0x08,0xa5,0x08,0xa5,0x08,0xa5,0x08,0xa5,0x08,
    0xa5,0x08,0xa5,0x08,0xa5,0x08,0xa5,0x08,0xa5,0x08,0xa5,0x08,0xa5,0x08,0xa5,0x08,
    0xa5,0x08,0xa5,0x08,0xa5,0x08,0xa5,0x08,0xa5,0x08,0xa5,0x08,0xa5,0x08,0xa5,0x08,
    0xa5,0x08,0xa5,0x08,0xa5,0x08,0xa5,0x08,0xa5,0x08,0xa5,0x08,0xa5,0x08,0xa5,0x08,
    0xa5,0x08,0xa5,0x08,0xa5,0x08,0xa5,0x08,0xa5,0x08,0xa5,0x08,0xa5,0x08,0xa5,0x08,
    0xa5,0x08,0xa5,0x08,0xa5,0x08,0xa5,0x08,0xa5,0x08,0xa5,0x08,0xa5,0x08,0xa5,0x08,
    0xa5,0x08,0xa5,0x08,0xa5,0x08,0xa5,0x08,0xa5,0x08,0xa5,0x08,0xa5,0x08,0xa5,0x08,
    0xa5,0x08,0xa5,0x08,0xa5,0x08,0xa5,0x08,0xa5,0x08,0xa5,0x08,0xa5,0x08,0xa5,0x08,
    0xa5,0x08,0xa5,0x08,0xa5,0x08,0xa5,0x08,0xa5,0x08,0xa5,0x08,0xa5,0x08,0xa5,0x08,
    0xa5,0x08,0xa5,0x08,0xa5,0x08,0xa5,0x08,0xa5,0x10,0x85,0x00,0x85,0x00,0x85,0x00,
    0x85,0x00,0x85,0x00,0x85,0x00,0x85,0x00,0x85,0x00,0x85,0x00,0x85,0x00,0x85,0x00,
    0xa5,0x08,0xa5,0x10,0xa5,0x08,0xa5,0x08,0xa5,0x08,0xa5,0x08,0xa5,0x08,0xa5,0x08,
    0xa5,0x08,0xa5,0x08,0xa5,0x08,0xa5,0x08,0xa5,0x08,0xa5,0x08,0xa5,0x08,0xc5,0x10,
    0xc5,0x10,0xc5,0x10,0xc5,0x10,0xa5,0x08,0xa5,0x08,0xa5,0x08,0xa5,0x08,0xa5,0x08,
    0xa5,0x08,0xa5,0x08,0xa5,0x08,0xa5,0x08,0xa5,0x08,0xa5,0x08,0xa5,0x08,0xa5,0x08,
    0xa5,0x08,0xa5,0x08,0xa5,0x08,0xa5,0x08,0xa5,0x10,0xa5,0x00,0x05,0x31,0xc6,0xf2,
    0xc6,0xf2,0xa7,0xea,0xc7,0xfa,0x46,0xb2,0x43,0x00,0x76,0xad,0xff,0xff,0xbe,0xf7,
    0xdf,0xf7,0xdf,0xff,0xdf,0xff,0xdf,0xf7,0xbe,0xf7,0xff,0xff,0xdb,0xce,0x68,0x49,
    0x4c,0xe2,0x4d,0xda,0x4d,0xd2,0x6e,0xe2,0xeb,0xa9,0x84,0x00,0xa5,0x10,0xa5,0x08,
    0xa5,0x08,0xa5,0x08,0xa5,0x08,0xa5,0x08,0xa5,0x08,0xa5,0x08,0xa5,0x08,0xa5,0x08,
    0xa5,0x08,0xa5,0x08,0xa5,0x08,0xa5,0x08,0xa5,0x08,0xa5,0x08,0xa5,0x08,0xa5,0x08,
    0xa5,0x08,0xc5,0x10,0xc5,0x10,0xc5,0x10,0xc5,0x10,0xa5,0x08,0xa5,0x08,0xa5,0x08,
    0xa5,0x08,0xa5,0x08,0xa5,0x08,0xa5,0x08,0xa5,0x08,0xa5,0x08,0xa5,0x08,0xa5,0x08,
    0xa5,0x08,0xa5,0x08,0xa5,0x08,0xa5,0x08,0xa5,0x08,0xa5,0x08,0xa5,0x08,0xc5,0x10,
    0xa5,0x00,0x66,0x79,0x49,0xfa,0x29,0xea,0x29,0xea,0x29,0xea,0x29,0xea,0x29,0xea,
    0x29,0xea,0x29,0xea,0x29,0xfa,0x06,0x49,0xa5,0x00,0xc5,0x10,0xa5,0x08,0xa5,0x08,
    0xa5,0x08,0xa5,0x08,0xa5,0x08,0xa5,0x08,0xa5,0x08,0xa5,0x08,0xa5,0x08,0xa5,0x08,
    0xa5,0x08,0xa5,0x08,0xa5,0x08,0xa5,0x08,0xa5,0x08,0xa5,0x08,0xa5,0x08,0xa5,0x08,
    0xa5,0x08,0xa5,0x08,0xa5,0x08,0xa5,0x08,0xa5,0x08,0xa5,0x08,0xa5,0x08,0xa5,0x08,
    0xa5,0x08,0xa5,0x08,0xa5,0x08,0xa5,0x08,0xa5,0x08,0xa5,0x08,0xa5,0x08,0xa5,0x08,
    0xa5,0x08,0xa5,0x08,0xa5,0x08,0xa5,0x08,0xa5,0x08,0xa5,0x08,0xa5,0x08,0xa5,0x08,
    0xa5,0x08,0xa5,0x08,0xa5,0x08,0xa5,0x08,0xa5,0x08,0xa5,0x08,0xa5,0x08,0xa5,0x08,
    0xa5,0x08,0xa5,0x08,0xa5,0x08,0xa5,0x08,0xa5,0x08,0xa5,0x08,0xa5,0x08,0xa5,0x08,
    0xa5,0x08,0xa5,0x08,0xa5,0x08,0xa5,0x08,0xa5,0x08,0xa5,0x08,0xa5,0x08,0xa5,0x08,
    0xa5,0x08,0xa5,0x08,0xa5,0x08,0xa5,0x08,0xa5,0x08,0xa5,0x08,0xa5,0x08,0xa5,0x08,
    0xa5,0x08,0xa5,0x08,0xa5,0x08,0xa5,0x08,0xa5,0x08,0xa5,0x08,0xa5,0x08,0xa5,0x08,
    0xa5,0x08,0xa5,0x08,0xa5,0x08,0xa5,0x08,0xa5,0x08,0xa5,0x08,0xa5,0x08,0xa5,0x08,
    0xa5,0x08,0xc5,0x10,0xc5,0x10,0xc5,0x10,0xc5,0x10,0xc5,0x10,0xc5,0x10,0xc5,0x10,
    0xc5,0x10,0xc5,0x10,0xc5,0x10,0xc5,0x10,0xc5,0x10,0xa5,0x08,0xa5,0x08,0xa5,0x08,
    0xa5,0x08,0xa5,0x08,0xa5,0x08,0xa5,0x08,0xa5,0x08,0xa5,0x08,0xa5,0x08,0xa5,0x08,
    0xa5,0x08,0xa5,0x08,0xa5,0x08,0xa5,0x08,0xa5,0x08,0xa5,0x08,0xa5,0x08,0xa5,0x08,
    0xa5,0x08,0xa5,0x08,0xa5,0x08,0xa5,0x08,0xa5,0x08,0xa5,0x08,0xa5,0x08,0xa5,0x08,
    0xa5,0x08,0xa5,0x08,0xa5,0x08,0xa5,0x08,0xa5,0x08,0xa5,0x08,0xa5,0x08,0xa5,0x08,
    0xa5,0x08,0xc5,0x10,0x85,0x00,0x06,0x9a,0xe7,0xfa,0xa7,0xea,0xa7,0xea,0xc7,0xfa,
    0x45,0x51,0xc6,0x08,0x7a,0xce,0xff,0xff,0xff,0xff,0xdf,0xf7,0xdf,0xf7,0xff,0xff,
    0xff,0xff,0x5d,0xe7,0x4b,0x52,0xca,0xc9,0x6d,0xe2,0x4c,0xda,0x4d,0xda,0x2c,0xd2,
    0xe6,0x30,0xa5,0x08,0xc5,0x10,0xa5,0x08,0xa5,0x08,0xa5,0x08,0xa5,0x08,0xa5,0x08,
    0xa5,0x08,0xa5,0x08,0xa5,0x08,0xa5,0x08,0xa5,0x08,0xa5,0x08,0xa5,0x08,0xa5,0x08,
    0xa5,0x08,0xa5,0x08,0xa5,0x08,0xa5,0x08,0xa5,0x08,0xa5,0x08,0xa5,0x08,0xa5,0x08,
    0xa5,0x08,0xa5,0x08,0xa5,0x08,0xa5,0x08,0xa5,0x08,0xa5,0x08,0xa5,0x08,0xa5,0x08,
    0xa5,0x08,0xa5,0x08,0xa5,0x08,0xa5,0x08,0xa5,0x08,0xa5,0x08,0xa5,0x08,0xa5,0x08,
    0xa5,0x08,0xa5,0x08,0xa5,0x08,0xc5,0x10,0xa5,0x00,0x67,0x79,0x49,0xfa,0x29,0xe2,
    0x29,0xea,0x29,0xea,0x29,0xea,0x29,0xea,0x29,0xea,0x29,0xea,0x29,0xf2,0x06,0x49,
    0xa5,0x00,0xc5,0x10,0xa5,0x08,0xa5,0x08,0xa5,0x08,0xa5,0x08,0xa5,0x08,0xa5,0x08,
    0xa5,0x08,0xa5,0x08,0xa5,0x08,0xa5,0x08,0xa5,0x08,0xa5,0x08,0xa5,0x08,0xa5,0x08,
    0xa5,0x08,0xa5,0x08,0xa5,0x08,0xa5,0x08,0xa5,0x08,0xa5,0x08,0xa5,0x08,0xa5,0x08,
    0xa5,0x08,0xa5,0x08,0xa5,0x08,0xa5,0x08,0xa5,0x08,0xa5,0x08,0xa5,0x08,0xa5,0x08,
    0xa5,0x08,0xa5,0x08,0xa5,0x08,0xa5,0x08,0xa5,0x08,0xa5,0x08,0xa5,0x08,0xa5,0x08,
    0xa5,0x08,0xa5,0x08,0xa5,0x08,0xa5,0x08,0xa5,0x08,0xa5,0x08,0xa5,0x08,0xa5,0x08,
    0xa5,0x08,0xa5,0x08,0xa5,0x08,0xa5,0x08,0xa5,0x08,0xa5,0x08,0xa5,0x08,0xa5,0x08,
    0xa5,0x08,0xa5,0x08,0xa5,0x08,0xa5,0x08,0xa5,0x08,0xa5,0x08,0xa5,0x08,0xa5,0x08,
    0xa5,0x08,0xa5,0x08,0xa5,0x08,0xa5,0x08,0xa5,0x08,0xa5,0x08,0xa5,0x08,0xa5,0x08,
    0xa5,0x08,0xa5,0x08,0xa5,0x08,0xa5,0x08,0xa5,0x08,0xa5,0x08,0xa5,0x08,0xa5,0x08,
    0xa5,0x08,0xa5,0x08,0xa5,0x08,0xa5,0x08,0xa5,0x08,0xa5,0x08,0xa5,0x08,0xa5,0x08,
    0xa5,0x08,0xa5,0x08,0xa5,0x08,0xa5,0x08,0xa5,0x08,0xa5,0x08,0xa5,0x08,0xa5,0x08,
    0xa5,0x08,0xa5,0x08,0xa5,0x08,0xa5,0x08,0xa5,0x08,0xa5,0x08,0xa5,0x08,0xa5,0x08,
    0xa5,0x08,0xa5,0x08,0xa5,0x08,0xa5,0x08,0xa5,0x08,0xa5,0x08,0xa5,0x08,0xa5,0x08,
    0xa5,0x08,0xa5,0x08,0xa5,0x08,0xa5,0x08,0xa5,0x08,0xa5,0x08,0xa5,0x08,0xa5,0x08,
    0xa5,0x08,0xa5,0x08,0xa5,0x08,0xa5,0x08,0xa5,0x08,0xa5,0x08,0xa5,0x08,0xa5,0x08,
    0xa5,0x08,0xa5,0x08,0xa5,0x08,0xa5,0x08,0xa5,0x08,0xa5,0x08,0xa5,0x08,0xa5,0x08,
    0xa5,0x08,0xa5,0x08,0xa5,0x08,0xa5,0x08,0xa5,0x08,0xa5,0x10,0xa5,0x08,0xe5,0x20,
    0x87,0xe2,0xa7,0xf2,0x87,0xea,0xa7,0xf2,0x87,0xea,0xe5,0x30,0xc5,0x08,0xb3,0x94,
    0x1c,0xe7,0xff,0xff,0xff,0xff,0x9e,0xf7,0x76,0xa5,0xe9,0x51,0xca,0xc9,0x6c,0xea,
    0x2c,0xda,0x4c,0xda,0x4d,0xe2,0x27,0x51,0x84,0x00,0xc5,0x10,0xa5,0x08,0xa5,0x08,
    0xa5,0x08,0xa5,0x08,0xa5,0x08,0xa5,0x08,0xa5,0x08,0xa5,0x08,0xa5,0x08,0xa5,0x08,
    0xa5,0x08,0xa5,0x08,0xa5,0x08,0xa5,0x08,0xa5,0x08,0xa5,0x08,0xa5,0x08,0xa5,0x08,
    0xa5,0x08,0xa5,0x08,0xa5,0x08,0xa5,0x08,0xa5,0x08,0xa5,0x08,0xa5,0x08,0xa5,0x08,
    0xa5,0x08,0xa5,0x08,0xa5,0x08,0xa5,0x08,0xa5,0x08,0xa5,0x08,0xa5,0x08,0xa5,0x08,
    0xa5,0x08,0xa5,0x08,0xa5,0x08,0xa5,0x08,0xa5,0x08,0xa5,0x08,0xa5,0x08,0xc5,0x10,
    0xa5,0x00,0x67,0x81,0x49,0xfa,0x29,0xe2,0x29,0xea,0x29,0xea,0x29,0xea,0x29,0xea,
    0x29,0xea,0x29,0xea,0x29,0xf2,0x06,0x49,0xa5,0x00,0xc5,0x10,0xa5,0x08,0xa5,0x08,
    0xa5,0x08,0xa5,0x08,0xa5,0x08,0xa5,0x08,0xa5,0x08,0xa5,0x08,0xa5,0x08,0xa5,0x08,
    0xa5,0x08,0xa5,0x08,0xa5,0x08,0xa5,0x08,0xa5,0x08,0xa5,0x08,0xa5,0x08,0xa5,0x08,
    0xa5,0x08,0xa5,0x08,0xa5,0x08,0xa5,0x08,0xa5,0x08,0xa5,0x08,0xa5,0x08,0xa5,0x08,
    0xa5,0x08,0xa5,0x08,0xa5,0x08,0xa5,0x08,0xa5,0x08,0xa5,0x08,0xa5,0x08,0xa5,0x08,
    0xa5,0x08,0xa5,0x08,0xa5,0x08,0xa5,0x08,0xa5,0x08,0xa5,0x08,0xa5,0x08,0xa5,0x08,
    0xa5,0x08,0xa5,0x08,0xa5,0x08,0xa5,0x08,0xa5,0x08,0xa5,0x08,0xa5,0x08,0xa5,0x08,
    0xa5,0x08,0xa5,0x08,0xa5,0x08,0xa5,0x08,0xa5,0x08,0xa5,0x08,0xa5,0x08,0xa5,0x08,
    0xa5,0x08,0xa5,0x08,0xa5,0x08,0xa5,0x08,0xa5,0x08,0xa5,0x08,0xa5,0x08,0xa5,0x08,
    0xa5,0x08,0xa5,0x08,0xa5,0x08,0xa5,0x08,0xa5,0x08,0xa5,0x08,0xa5,0x08,0xa5,0x08,
    0xa5,0x08,0xa5,0x08,0xa5,0x08,0xa5,0x08,0xa5,0x08,0xa5,0x08,0xa5,0x08,0xa5,0x08,
    0xa5,0x08,0xa5,0x08,0xa5,0x08,0xa5,0x08,0xa5,0x08,0xa5,0x08,0xa5,0x08,0xa5,0x08,
    0xa5,0x08,0xa5,0x08,0xa5,0x08,0xa5,0x08,0xa5,0x08,0xa5,0x08,0xa5,0x08,0xa5,0x08,
    0xa5,0x08,0xa5,0x08,0xa5,0x08,0xa5,0x08,0xa5,0x08,0xa5,0x08,0xa5,0x08,0xa5,0x08,
    0xa5,0x08,0xa5,0x08,0xa5,0x08,0xa5,0x08,0xa5,0x08,0xa5,0x08,0xa5,0x08,0xa5,0x08,
    0xa5,0x08,0xa5,0x08,0xa5,0x08,0xa5,0x08,0xa5,0x08,0xa5,0x08,0xa5,0x08,0xa5,0x08,
    0xa5,0x08,0xa5,0x08,0xa5,0x08,0xa5,0x08,0xa5,0x08,0xa5,0x08,0xa5,0x08,0xa5,0x08,
    0xa5,0x08,0xa5,0x08,0xa5,0x08,0xa5,0x08,0xa5,0x08,0xa5,0x08,0xa5,0x08,0xa5,0x08,
    0xa5,0x08,0xa5,0x08,0xc5,0x10,0x85,0x00,0x86,0x69,0xc7,0xfa,0x87,0xea,0x87,0xea,
    0x87,0xf2,0x87,0xea,0xe5,0x30,0x23,0x00,0x26,0x21,0x6b,0x4a,0x8c,0x52,0x67,0x21,
    0x43,0x00,0xa9,0xb1,0x6c,0xf2,0x2b,0xda,0x2c,0xda,0x6c,0xea,0x89,0x81,0x84,0x00,
    0xc5,0x10,0xa5,0x08,0xa5,0x08,0xa5,0x08,0xa5,0x08,0xa5,0x08,0xa5,0x08,0xa5,0x08,
    0xa5,0x08,0xa5,0x08,0xa5,0x08,0xa5,0x08,0xa5,0x08,0xa5,0x08,0xa5,0x08,0xa5,0x08,
    0xa5,0x08,0xa5,0x08,0xa5,0x08,0xa5,0x08,0xa5,0x08,0xa5,0x08,0xa5,0x08,0xa5,0x08,
    0xa5,0x08,0xa5,0x08,0xa5,0x08,0xa5,0x08,0xa5,0x08,0xa5,0x08,0xa5,0x08,0xa5,0x08,
    0xa5,0x08,0xa5,0x08,0xa5,0x08,0xa5,0x08,0xa5,0x08,0xa5,0x08,0xa5,0x08,0xa5,0x08,
    0xa5,0x08,0xa5,0x08,0xa5,0x08,0xa5,0x10,0xa5,0x00,0xc8,0xa9,0x4a,0xf2,0x29,0xe2,
    0x2a,0xea,0x2a,0xea,0x2a,0xea,0x2a,0xea,0x29,0xea,0x29,0xea,0x29,0xf2,0x06,0x49,
    0xa5,0x00,0xc5,0x10,0xa5,0x08,0xa5,0x08,0xa5,0x08,0xa5,0x08,0xa5,0x08,0xa5,0x08,
    0xa5,0x08,0xa5,0x08,0xa5,0x08,0xa5,0x08,0xa5,0x08,0xa5,0x08,0xa5,0x08,0xa5,0x08,
    0xa5,0x08,0xa5,0x08,0xa5,0x08,0xa5,0x08,0xa5,0x08,0xa5,0x08,0xa5,0x08,0xa5,0x08,
    0xa5,0x08,0xa5,0x08,0xa5,0x08,0xa5,0x08,0xa5,0x08,0xa5,0x08,0xa5,0x08,0xa5,0x08,
    0xa5,0x08,0xa5,0x08,0xa5,0x08,0xa5,0x08,0xa5,0x08,0xa5,0x08,0xa5,0x08,0xa5,0x08,
    0xa5,0x08,0xa5,0x08,0xa5,0x08,0xa5,0x08,0xa5,0x08,0xa5,0x08,0xa5,0x08,0xa5,0x08,
    0xa5,0x08,0xa5,0x08,0xa5,0x08,0xa5,0x08,0xa5,0x08,0xa5,0x08,0xa5,0x08,0xa5,0x08,
    0xa5,0x08,0xa5,0x08,0xa5,0x08,0xa5,0x08,0xa5,0x08,0xa5,0x08,0xa5,0x08,0xa5,0x08,
    0xa5,0x08,0xa5,0x08,0xa5,0x08,0xa5,0x08,0xa5,0x08,0xa5,0x08,0xa5,0x08,0xa5,0x08,
    0xa5,0x08,0xa5,0x08,0xa5,0x08,0xa5,0x08,0xa5,0x08,0xa5,0x08,0xa5,0x08,0xa5,0x08,
    0xa5,0x08,0xa5,0x08,0xa5,0x08,0xa5,0x08,0xa5,0x08,0xa5,0x08,0xa5,0x08,0xa5,0x08,
    0xa5,0x08,0xa5,0x08,0xa5,0x08,0xa5,0x08,0xa5,0x08,0xa5,0x08,0xa5,0x08,0xa5,0x08,
    0xa5,0x08,0xa5,0x08,0xa5,0x08,0xa5,0x08,0xa5,0x08,0xa5,0x08,0xa5,0x08,0xa5,0x08,
    0xa5,0x08,0xa5,0x08,0xa5,0x08,0xa5,0x08,0xa5,0x08,0xa5,0x08,0xa5,0x08,0xa5,0x08,
    0xa5,0x08,0xa5,0x08,0xa5,0x08,0xa5,0x08,0xa5,0x08,0xa5,0x08,0xa5,0x08,0xa5,0x08,
    0xa5,0x08,0xa5,0x08,0xa5,0x08,0xa5,0x08,0xa5,0x08,0xa5,0x08,0xa5,0x08,0xa5,0x08,
    0xa5,0x08,0xa5,0x08,0xa5,0x08,0xa5,0x08,0xa5,0x08,0xa5,0x08,0xa5,0x08,0xa5,0x08,
    0xa5,0x08,0xa5,0x08,0xa5,0x08,0xa5,0x08,0xa5,0x08,0xa5,0x08,0xa5,0x08,0xa5,0x08,
    0xa5,0x08,0x46,0xc2,0xa7,0xfa,0x87,0xea,0x67,0xea,0x87,0xfa,0x27,0xba,0xc5,0x08,
    0x84,0x00,0x43,0x00,0x23,0x00,0xa4,0x18,0x09,0xba,0x4b,0xf2,0x2b,0xda,0x2b,0xda,
    0x4c,0xea,0xea,0xb9,0xa5,0x08,0xa5,0x08,0xa5,0x10,0xa5,0x08,0xa5,0x08,0xa5,0x08,
    0xa5,0x08,0xa5,0x08,0xa5,0x08,0xa5,0x08,0xa5,0x08,0xa5,0x08,0xa5,0x08,0xa5,0x08,
    0xa5,0x08,0xa5,0x08,0xa5,0x08,0xa5,0x08,0xa5,0x08,0xa5,0x08,0xa5,0x08,0xa5,0x08,
    0xa5,0x08,0xa5,0x08,0xa5,0x08,0xa5,0x08,0xa5,0x08,0xa5,0x08,0xa5,0x08,0xa5,0x08,
    0xa5,0x08,0xa5,0x08,0xa5,0x08,0xa5,0x08,0xa5,0x08,0xa5,0x08,0xa5,0x08,0xa5,0x08,
    0xa5,0x08,0xa5,0x08,0xa5,0x08,0xa5,0x08,0xa5,0x08,0xa5,0x08,0xa5,0x08,0xa5,0x10,
    0xa5,0x00,0xc8,0xb1,0x4a,0xf2,0x2a,0xe2,0x2a,0xe2,0x2a,0xe2,0x2a,0xe2,0x2a,0xe2,
    0x2a,0xea,0x29,0xea,0x09,0xe2,0xe5,0x28,0xa5,0x08,0xa5,0x10,0xa5,0x08,0xa5,0x08,
    0xa5,0x08,0xa5,0x08,0xa5,0x08,0xa5,0x08,0xa5,0x08,0xa5,0x08,0xa5,0x08,0xa5,0x08,
    0xa5,0x08,0xa5,0x08,0xa5,0x08,0xa5,0x08,0xa5,0x08,0xa5,0x08,0xa5,0x08,0xa5,0x08,
    0xa5,0x08,0xa5,0x08,0xa5,0x08,0xa5,0x08,0xa5,0x08,0xa5,0x08,0xa5,0x08,0xa5,0x08,
    0xa5,0x08,0xa5,0x08,0xa5,0x08,0xa5,0x08,0xa5,0x08,0xa5,0x08,0xa5,0x08,0xa5,0x08,
    0xa5,0x08,0xa5,0x08,0xa5,0x08,0xa5,0x08,0xa5,0x08,0xa5,0x08,0xa5,0x08,0xa5,0x08,
    0xa5,0x08,0xa5,0x08,0xa5,0x08,0xa5,0x08,0xa5,0x08,0xa5,0x08,0xa5,0x08,0xa5,0x08,
    0xa5,0x08,0xa5,0x08,0xa5,0x08,0xa5,0x08,0xa5,0x08,0xa5,0x08,0xa5,0x08,0xa5,0x08,
    0xa5,0x08,0xa5,0x08,0xa5,0x08,0xa5,0x08,0xa5,0x08,0xa5,0x08,0xa5,0x08,0xa5,0x08,
    0xa5,0x08,0xa5,0x08,0xa5,0x08,0xa5,0x08,0xa5,0x08,0xa5,0x08,0xa5,0x08,0xa5,0x08,
    0xa5,0x08,0xa5,0x08,0xa5,0x08,0xa5,0x08,0xa5,0x08,0xa5,0x08,0xa5,0x08,0xa5,0x08,
    0xa5,0x08,0xa5,0x08,0xa5,0x08,0xa5,0x08,0xa5,0x08,0xa5,0x08,0xa5,0x08,0xa5,0x08,
    0xa5,0x08,0xa5,0x08,0xa5,0x08,0xa5,0x08,0xa5,0x08,0xa5,0x08,0xa5,0x08,0xa5,0x08,
    0xa5,0x08,0xa5,0x08,0xa5,0x08,0xa5,0x08,0xa5,0x08,0xa5,0x08,0xa5,0x08,0xa5,0x08,
    0xa5,0x08,0xa5,0x08,0xa5,0x08,0xa5,0x08,0xa5,0x08,0xa5,0x08,0xa5,0x08,0xa5,0x08,
    0xa5,0x08,0xa5,0x08,0xa5,0x08,0xa5,0x08,0xa5,0x08,0xa5,0x08,0xa5,0x08,0xa5,0x08,
    0xa5,0x08,0xa5,0x08,0xa5,0x08,0xa5,0x08,0xa5,0x08,0xa5,0x08,0xa5,0x08,0xa5,0x08,
    0xa5,0x08,0xa5,0x08,0xa5,0x08,0xa5,0x08,0xa5,0x08,0xa5,0x08,0xa5,0x08,0xa5,0x08,
    0xa5,0x08,0xa5,0x08,0xa5,0x08,0xc5,0x10,0xa5,0x00,0x05,0x31,0x87,0xea,0x87,0xfa,
    0x67,0xea,0x67,0xea,0x68,0xf2,0x07,0xc2,0x66,0x79,0x26,0x49,0x87,0x79,0x29,0xda,
    0x4a,0xea,0x2a,0xe2,0x2b,0xe2,0x4b,0xe2,0x2b,0xd2,0xe6,0x30,0xa5,0x00,0xc5,0x10,
    0xa5,0x08,0xa5,0x08,0xa5,0x08,0xa5,0x08,0xa5,0x08,0xa5,0x08,0xa5,0x08,0xa5,0x08,
    0xa5,0x08,0xa5,0x08,0xa5,0x08,0xa5,0x08,0xa5,0x08,0xa5,0x08,0xa5,0x08,0xa5,0x08,
    0xa5,0x08,0xa5,0x08,0xa5,0x08,0xa5,0x08,0xa5,0x08,0xa5,0x08,0xa5,0x08,0xa5,0x08,
    0xa5,0x08,0xa5,0x08,0xa5,0x08,0xa5,0x08,0xa5,0x08,0xa5,0x08,0xa5,0x08,0xa5,0x08,
    0xa5,0x08,0xa5,0x08,0xa5,0x08,0xa5,0x08,0xa5,0x08,0xa5,0x08,0xa5,0x08,0xa5,0x08,
    0xa5,0x08,0xa5,0x08,0xa5,0x10,0xa5,0x08,0xc5,0x18,0x09,0xda,0x2a,0xea,0x2a,0xe2,
    0x2a,0xe2,0x2a,0xe2,0x2a,0xe2,0x2a,0xe2,0x2a,0xe2,0x2a,0xea,0x09,0xda,0xc5,0x18,
    0xa5,0x08,0xa5,0x10,0xa5,0x08,0xa5,0x08,0xa5,0x08,0xa5,0x08,0xa5,0x08,0xa5,0x08,
    0xa5,0x08,0xa5,0x08,0xa5,0x08,0xa5,0x08,0xa5,0x08,0xa5,0x08,0xa5,0x08,0xa5,0x08,
    0xa5,0x08,0xa5,0x08,0xa5,0x08,0xa5,0x08,0xa5,0x08,0xa5,0x08,0xa5,0x08,0xa5,0x08,
    0xa5,0x08,0xa5,0x08,0xa5,0x08,0xa5,0x08,0xa5,0x08,0xa5,0x08,0xa5,0x08,0xa5,0x08,
    0xa5,0x08,0xa5,0x08,0xa5,0x08,0xa5,0x08,0xa5,0x08,0xa5,0x08,0xa5,0x08,0xa5,0x08,
    0xa5,0x08,0xa5,0x08,0xa5,0x08,0xa5,0x08,0xa5,0x08,0xa5,0x08,0xa5,0x08,0xa5,0x08,
    0xa5,0x08,0xa5,0x08,0xa5,0x08,0xa5,0x08,0xa5,0x08,0xa5,0x08,0xa5,0x08,0xa5,0x08,
    0xa5,0x08,0xa5,0x08,0xa5,0x08,0xa5,0x08,0xa5,0x08,0xa5,0x08,0xa5,0x08,0xa5,0x08,
    0xa5,0x08,0xa5,0x08,0xa5,0x08,0xa5,0x08,0xa5,0x08,0xa5,0x08,0xa5,0x08,0xa5,0x08,
    0xa5,0x08,0xa5,0x08,0xa5,0x08,0xa5,0x08,0xa5,0x08,0xa5,0x08,0xa5,0x08,0xa5,0x08,
    0xa5,0x08,0xa5,0x08,0xa5,0x08,0xa5,0x08,0xa5,0x08,0xa5,0x08,0xa5,0x08,0xa5,0x08,
    0xa5,0x08,0xa5,0x08,0xa5,0x08,0xa5,0x08,0xa5,0x08,0xa5,0x08,0xa5,0x08,0xa5,0x08,
    0xa5,0x08,0xa5,0x08,0xa5,0x08,0xa5,0x08,0xa5,0x08,0xa5,0x08,0xa5,0x08,0xa5,0x08,
    0xa5,0x08,0xa5,0x08,0xa5,0x08,0xa5,0x08,0xa5,0x08,0xa5,0x08,0xa5,0x08,0xa5,0x08,
    0xa5,0x08,0xa5,0x08,0xa5,0x08,0xa5,0x08,0xa5,0x08,0xa5,0x08,0xa5,0x08,0xa5,0x08,
    0xa5,0x08,0xa5,0x08,0xa5,0x08,0xa5,0x08,0xa5,0x08,0xa5,0x08,0xa5,0x08,0xa5,0x08,
    0xa5,0x08,0xa5,0x08,0xa5,0x08,0xa5,0x08,0xa5,0x08,0xa5,0x08,0xa5,0x08,0xa5,0x08,
    0xa5,0x08,0xa5,0x08,0xa5,0x08,0xa5,0x08,0xa5,0x08,0xa5,0x08,0xa5,0x08,0xa5,0x08,
    0xc5,0x10,0xa5,0x00,0x05,0x39,0x67,0xe2,0x67,0xf2,0x47,0xea,0x48,0xea,0x48,0xfa,
    0x48,0xfa,0x29,0xfa,0x49,0xfa,0x2a,0xea,0x2a,0xe2,0x2a,0xe2,0x4b,0xea,0x4b,0xea,
    0xe6,0x30,0xa4,0x00,0xc5,0x10,0xa5,0x08,0xa5,0x08,0xa5,0x08,0xa5,0x08,0xa5,0x08,
    0xc5,0x10,0xc5,0x10,0xa5,0x10,0xc5,0x10,0xc5,0x10,0xa5,0x08,0xa5,0x08,0xa5,0x08,
    0xa5,0x08,0xa5,0x08,0xa5,0x08,0xa5,0x08,0xa5,0x08,0xa5,0x08,0xa5,0x08,0xa5,0x08,
    0xa5,0x08,0xa5,0x08,0xa5,0x08,0xa5,0x08,0xa5,0x08,0xa5,0x08,0xa5,0x08,0xa5,0x08,
    0xa5,0x08,0xa5,0x08,0xa5,0x08,0xa5,0x08,0xa5,0x08,0xa5,0x08,0xa5,0x08,0xa5,0x08,
    0xa5,0x08,0xa5,0x08,0xa5,0x08,0xa5,0x08,0xa5,0x08,0xa5,0x08,0xc5,0x10,0xa5,0x00,
    0x06,0x41,0x4a,0xf2,0x2a,0xe2,0x2a,0xe2,0x2a,0xe2,0x2a,0xe2,0x2a,0xe2,0x2a,0xe2,
    0x2a,0xe2,0x4a,0xf2,0xe9,0xb9,0xa5,0x08,0xa5,0x08,0xa5,0x08,0xa5,0x08,0xa5,0x08,
    0xa5,0x08,0xa5,0x08,0xa5,0x08,0xa5,0x08,0xa5,0x08,0xa5,0x08,0xa5,0x08,0xa5,0x08,
    0xa5,0x08,0xa5,0x08,0xa5,0x08,0xa5,0x08,0xa5,0x08,0xa5,0x08,0xa5,0x08,0xa5,0x08,
    0xa5,0x08,0xa5,0x08,0xa5,0x08,0xa5,0x08,0xa5,0x08,0xa5,0x08,0xa5,0x08,0xa5,0x08,
    0xa5,0x08,0xa5,0x08,0xa5,0x08,0xa5,0x08,0xa5,0x08,0xa5,0x08,0xa5,0x08,0xa5,0x08,
    0xa5,0x08,0xa5,0x08,0xa5,0x08,0xa5,0x08,0xa5,0x08,0xa5,0x08,0xa5,0x08,0xa5,0x08,
    0xa5,0x08,0xa5,0x08,0xa5,0x08,0xa5,0x08,0xa5,0x08,0xa5,0x08,0xa5,0x08,0xa5,0x08,
    0xa5,0x08,0xa5,0x08,0xa5,0x08,0xa5,0x08,0xa5,0x08,0xa5,0x08,0xa5,0x08,0xa5,0x08,
    0xa5,0x08,0xa5,0x08,0xa5,0x08,0xa5,0x08,0xa5,0x08,0xa5,0x08,0xa5,0x08,0xa5,0x08,
    0xa5,0x08,0xa5,0x08,0xa5,0x08,0xa5,0x08,0xa5,0x08,0xa5,0x08,0xa5,0x08,0xa5,0x08,
    0xa5,0x08,0xa5,0x08,0xa5,0x08,0xa5,0x08,0xa5,0x08,0xa5,0x08,0xa5,0x08,0xa5,0x08,
    0xa5,0x08,0xa5,0x08,0xa5,0x08,0xa5,0x08,0xa5,0x08,0xa5,0x08,0xa5,0x08,0xa5,0x08,
    0xa5,0x08,0xa5,0x08,0xa5,0x08,0xa5,0x08,0xa5,0x08,0xa5,0x08,0xa5,0x08,0xa5,0x08,
    0xa5,0x08,0xa5,0x08,0xa5,0x08,0xa5,0x08,0xa5,0x08,0xa5,0x08,0xa5,0x08,0xa5,0x08,
    0xa5,0x08,0xa5,0x08,0xa5,0x08,0xa5,0x08,0xa5,0x08,0xa5,0x08,0xa5,0x08,0xa5,0x08,
    0xa5,0x08,0xa5,0x08,0xa5,0x08,0xa5,0x08,0xa5,0x08,0xa5,0x08,0xa5,0x08,0xa5,0x08,
    0xa5,0x08,0xa5,0x08,0xa5,0x08,0xa5,0x08,0xa5,0x08,0xa5,0x08,0xa5,0x08,0xa5,0x08,
    0xa5,0x08,0xa5,0x08,0xa5,0x08,0xa5,0x08,0xa5,0x08,0xa5,0x08,0xa5,0x08,0xa5,0x08,
    0xa5,0x08,0xa5,0x08,0xa5,0x08,0xa5,0x08,0xa5,0x08,0xc5,0x10,0xa5,0x00,0xe5,0x28,
    0x47,0xe2,0x68,0xfa,0x48,0xea,0x28,0xea,0x08,0xea,0x09,0xea,0x29,0xe2,0x29,0xe2,
    0x2a,0xe2,0x4a,0xf2,0x2a,0xda,0x47,0x59,0xa5,0x00,0xc5,0x10,0xa5,0x08,0xa5,0x08,
    0xa5,0x08,0xa5,0x08,0xa5,0x10,0xa5,0x10,0xa4,0x00,0xa4,0x00,0xa4,0x00,0xa4,0x00,
    0xa4,0x00,0xa5,0x10,0xa5,0x10,0xa5,0x08,0xa5,0x08,0xa5,0x08,0xa5,0x08,0xa5,0x08,
    0xa5,0x08,0xa5,0x08,0xa5,0x08,0xa5,0x08,0xa5,0x08,0xa5,0x08,0xa5,0x08,0xa5,0x08,
    0xa5,0x08,0xa5,0x08,0xa5,0x08,0xa5,0x08,0xa5,0x08,0xa5,0x08,0xa5,0x08,0xa5,0x08,
    0xa5,0x08,0xa5,0x08,0xa5,0x08,0xa5,0x08,0xa5,0x08,0xa5,0x08,0xa5,0x08,0xa5,0x08,
    0xa5,0x08,0xa5,0x08,0xc5,0x10,0xa5,0x00,0x26,0x49,0x4a,0xea,0x2a,0xe2,0x2b,0xe2,
    0x2b,0xe2,0x2b,0xe2,0x2b,0xe2,0x2a,0xe2,0x2a,0xe2,0x4a,0xf2,0x88,0x81,0x84,0x00,
    0xc5,0x10,0xa5,0x08,0xa5,0x08,0xa5,0x08,0xa5,0x08,0xa5,0x08,0xa5,0x08,0xa5,0x08,
    0xa5,0x08,0xa5,0x08,0xa5,0x08,0xa5,0x08,0xa5,0x08,0xa5,0x08,0xa5,0x08,0xa5,0x08,
    0xa5,0x08,0xa5,0x08,0xa5,0x08,0xa5,0x08,0xa5,0x08,0xa5,0x08,0xa5,0x08,0xa5,0x08,
    0xa5,0x08,0xa5,0x08,0xa5,0x08,0xa5,0x08,0xa5,0x08,0xa5,0x08,0xa5,0x08,0xa5,0x08,
    0xa5,0x08,0xa5,0x08,0xa5,0x08,0xa5,0x08,0xa5,0x08,0xa5,0x08,0xa5,0x08,0xa5,0x08,
    0xa5,0x08,0xa5,0x08,0xa5,0x08,0xa5,0x08,0xa5,0x08,0xa5,0x08,0xa5,0x08,0xa5,0x08,
    0xa5,0x08,0xa5,0x08,0xa5,0x08,0xa5,0x08,0xa5,0x08,0xa5,0x08,0xa5,0x08,0xa5,0x08,
    0xa5,0x08,0xa5,0x08,0xa5,0x08,0xa5,0x08,0xa5,0x08,0xa5,0x08,0xa5,0x08,0xa5,0x08,
    0xa5,0x08,0xa5,0x08,0xa5,0x08,0xa5,0x08,0xa5,0x08,0xa5,0x08,0xa5,0x08,0xa5,0x08,
    0xa5,0x08,0xa5,0x08,0xa5,0x08,0xa5,0x08,0xa5,0x08,0xa5,0x08,0xa5,0x08,0xa5,0x08,
    0xa5,0x08,0xa5,0x08,0xa5,0x08,0xa5,0x08,0xa5,0x08,0xa5,0x08,0xa5,0x08,0xa5,0x08,
    0xa5,0x08,0xa5,0x08,0xa5,0x08,0xa5,0x08,0xa5,0x08,0xa5,0x08,0xa5,0x08,0xa5,0x08,
    0xa5,0x08,0xa5,0x08,0xa5,0x08,0xa5,0x08,0xa5,0x08,0xa5,0x08,0xa5,0x08,0xa5,0x08,
    0xa5,0x08,0xa5,0x08,0xa5,0x08,0xa5,0x08,0xa5,0x08,0xa5,0x08,0xa5,0x08,0xa5,0x08,
    0xa5,0x08,0xa5,0x08,0xa5,0x08,0xa5,0x08,0xa5,0x08,0xa5,0x08,0xa5,0x08,0xa5,0x08,
    0xa5,0x08,0xa5,0x08,0xa5,0x08,0xa5,0x08,0xa5,0x08,0xa5,0x08,0xa5,0x08,0xa5,0x08,
    0xa5,0x08,0xa5,0x08,0xa5,0x08,0xa5,0x08,0xa5,0x08,0xa5,0x08,0xa5,0x08,0xa5,0x08,
    0xa5,0x08,0xa5,0x08,0xa5,0x08,0xa5,0x08,0xa5,0x08,0xa5,0x08,0xa5,0x08,0xa5,0x08,
    0xa5,0x08,0xa5,0x08,0xc5,0x10,0xa5,0x00,0xe5,0x28,0xe7,0xb1,0x68,0xfa,0x48,0xfa,
    0x28,0xf2,0x28,0xf2,0x29,0xea,0x29,0xf2,0x29,0xea,0xa8,0x91,0xc5,0x20,0xa5,0x00,
    0xa5,0x10,0xa5,0x08,0xa5,0x08,0xa5,0x08,0xa5,0x08,0xa5,0x10,0xa5,0x08,0xa5,0x08,
    0x48,0x51,0xca,0x89,0xeb,0xa9,0xca,0x89,0x48,0x51,0xa5,0x08,0xa5,0x08,0xc5,0x10,
    0xa5,0x08,0xa5,0x08,0xa5,0x08,0xa5,0x08,0xa5,0x08,0xa5,0x08,0xa5,0x08,0xa5,0x08,
    0xa5,0x08,0xa5,0x08,0xa5,0x08,0xa5,0x08,0xa5,0x08,0xa5,0x08,0xa5,0x08,0xa5,0x08,
    0xa5,0x08,0xa5,0x08,0xa5,0x08,0xa5,0x08,0xa5,0x08,0xa5,0x08,0xa5,0x08,0xa5,0x08,
    0xa5,0x08,0xa5,0x08,0xa5,0x08,0xa5,0x08,0xa5,0x08,0xa5,0x08,0xc5,0x10,0x84,0x00,
    0x68,0x79,0x4b,0xf2,0x2b,0xda,0x2b,0xe2,0x2b,0xe2,0x2b,0xe2,0x2b,0xe2,0x2b,0xe2,
    0x2a,0xe2,0x4b,0xf2,0x67,0x79,0x84,0x00,0xc5,0x10,0xa5,0x08,0xa5,0x08,0xa5,0x08,
    0xa5,0x08,0xa5,0x08,0xa5,0x08,0xa5,0x08,0xa5,0x08,0xa5,0x08,0xa5,0x08,0xa5,0x08,
    0xa5,0x08,0xa5,0x08,0xa5,0x08,0xa5,0x08,0xa5,0x08,0xa5,0x08,0xa5,0x08,0xa5,0x08,
    0xa5,0x08,0xa5,0x08,0xa5,0x08,0xa5,0x08,0xa5,0x08,0xa5,0x08,0xa5,0x08,0xa5,0x08,
    0xa5,0x08,0xa5,0x08,0xa5,0x08,0xa5,0x08,0xa5,0x08,0xa5,0x08,0xa5,0x08,0xa5,0x08,
    0xa5,0x08,0xa5,0x08,0xa5,0x08,0xa5,0x08,0xa5,0x08,0xa5,0x08,0xa5,0x08,0xa5,0x08,
    0xa5,0x08,0xa5,0x08,0xa5,0x08,0xa5,0x08,0xa5,0x08,0xa5,0x08,0xa5,0x08,0xa5,0x08,
    0xa5,0x08,0xa5,0x08,0xa5,0x08,0xa5,0x08,0xa5,0x08,0xa5,0x08,0xa5,0x08,0xa5,0x08,
    0xa5,0x08,0xa5,0x08,0xa5,0x08,0xa5,0x08,0xa5,0x08,0xa5,0x08,0xa5,0x08,0xa5,0x08,
    0xa5,0x08,0xa5,0x08,0xa5,0x08,0xa5,0x08,0xa5,0x08,0xa5,0x08,0xa5,0x08,0xa5,0x08,
    0xa5,0x08,0xa5,0x08,0xa5,0x08,0xa5,0x08,0xa5,0x08,0xa5,0x08,0xa5,0x08,0xa5,0x08,
    0xa5,0x08,0xa5,0x08,0xa5,0x08,0xa5,0x08,0xa5,0x08,0xa5,0x08,0xa5,0x08,0xa5,0x08,
    0xa5,0x08,0xa5,0x08,0xa5,0x08,0xa5,0x08,0xa5,0x08,0xa5,0x08,0xa5,0x08,0xa5,0x08,
    0xa5,0x08,0xa5,0x08,0xa5,0x08,0xa5,0x08,0xa5,0x08,0xa5,0x08,0xa5,0x08,0xa5,0x08,
    0xa5,0x08,0xa5,0x08,0xa5,0x08,0xa5,0x08,0xa5,0x08,0xa5,0x08,0xa5,0x08,0xa5,0x08,
    0xa5,0x08,0xa5,0x08,0xa5,0x08,0xa5,0x08,0xa5,0x08,0xa5,0x08,0xa5,0x08,0xa5,0x08,
    0xa5,0x08,0xa5,0x08,0xa5,0x08,0xa5,0x08,0xa5,0x08,0xa5,0x08,0xa5,0x08,0xa5,0x08,
    0xa5,0x08,0xa5,0x08,0xa5,0x08,0xa5,0x08,0xa5,0x08,0xa5,0x08,0xa5,0x08,0xa5,0x08,
    0xa5,0x08,0xa5,0x08,0xa5,0x08,0xa5,0x08,0xa5,0x08,0xa5,0x08,0xa5,0x08,0xc5,0x10,
    0xa5,0x00,0xa5,0x08,0x46,0x59,0xc7,0xa9,0x08,0xda,0x08,0xe2,0x08,0xe2,0xc8,0xc1,
    0x06,0x41,0x84,0x00,0xa5,0x08,0xc5,0x10,0xa5,0x08,0xa5,0x08,0xa5,0x08,0xa5,0x08,
    0xa5,0x10,0xa5,0x08,0xc5,0x18,0xeb,0xa1,0x6e,0xe2,0x6e,0xe2,0x6e,0xe2,0x6e,0xe2,
    0x6e,0xe2,0xeb,0xa1,0xc5,0x10,0xa5,0x08,0xc5,0x10,0xa5,0x08,0xa5,0x08,0xa5,0x08,
    0xa5,0x08,0xa5,0x08,0xa5,0x08,0xa5,0x08,0xa5,0x08,0xa5,0x08,0xa5,0x08,0xa5,0x08,
    0xa5,0x08,0xa5,0x08,0xa5,0x08,0xa5,0x08,0xa5,0x08,0xa5,0x08,0xa5,0x08,0xa5,0x08,
    0xa5,0x08,0xa5,0x08,0xa5,0x08,0xa5,0x08,0xa5,0x08,0xa5,0x08,0xa5,0x08,0xa5,0x08,
    0xa5,0x08,0xa5,0x08,0xa5,0x10,0xa5,0x00,0xc9,0xa9,0x4b,0xea,0x2b,0xda,0x2b,0xe2,
    0x2b,0xe2,0x2b,0xe2,0x2b,0xe2,0x2b,0xe2,0x2b,0xe2,0x4b,0xf2,0x27,0x51,0xa5,0x00,
    0xc5,0x10,0xa5,0x08,0xa5,0x08,0xa5,0x08,0xa5,0x08,0xa5,0x08,0xa5,0x08,0xa5,0x08,
    0xa5,0x08,0xa5,0x08,0xa5,0x08,0xa5,0x08,0xa5,0x08,0xa5,0x08,0xa5,0x08,0xa5,0x08,
    0xa5,0x08,0xa5,0x08,0xa5,0x08,0xa5,0x08,0xa5,0x08,0xa5,0x08,0xa5,0x08,0xa5,0x08,
    0xa5,0x08,0xa5,0x08,0xa5,0x08,0xa5,0x08,0xa5,0x08,0xa5,0x08,0xa5,0x08,0xa5,0x08,
    0xa5,0x08,0xa5,0x08,0xa5,0x08,0xa5,0x08,0xa5,0x08,0xa5,0x08,0xa5,0x08,0xa5,0x08,
    0xa5,0x08,0xa5,0x08,0xa5,0x08,0xa5,0x08,0xa5,0x08,0xa5,0x08,0xa5,0x08,0xa5,0x08,
    0xa5,0x08,0xa5,0x08,0xa5,0x08,0xa5,0x08,0xa5,0x08,0xa5,0x08,0xa5,0x08,0xa5,0x08,
    0xa5,0x08,0xa5,0x08,0xa5,0x08,0xa5,0x08,0xa5,0x08,0xa5,0x08,0xa5,0x08,0xa5,0x08,
    0xa5,0x08,0xa5,0x08,0xa5,0x08,0xa5,0x08,0xa5,0x08,0xa5,0x08,0xa5,0x08,0xa5,0x08,
    0xa5,0x08,0xa5,0x08,0xa5,0x08,0xa5,0x08,0xa5,0x08,0xa5,0x08,0xa5,0x08,0xa5,0x08,
    0xa5,0x08,0xa5,0x08,0xa5,0x08,0xa5,0x08,0xa5,0x08,0xa5,0x08,0xa5,0x08,0xa5,0x08,
    0xa5,0x08,0xa5,0x08,0xa5,0x08,0xa5,0x08,0xa5,0x08,0xa5,0x08,0xa5,0x08,0xa5,0x08,
    0xa5,0x08,0xa5,0x08,0xa5,0x08,0xa5,0x08,0xa5,0x08,0xa5,0x08,0xa5,0x08,0xa5,0x08,
    0xa5,0x08,0xa5,0x08,0xa5,0x08,0xa5,0x08,0xa5,0x08,0xa5,0x08,0xa5,0x08,0xa5,0x08,
    0xa5,0x08,0xa5,0x08,0xa5,0x08,0xa5,0x08,0xa5,0x08,0xa5,0x08,0xa5,0x08,0xa5,0x08,
    0xa5,0x08,0xa5,0x08,0xa5,0x08,0xa5,0x08,0xa5,0x08,0xa5,0x08,0xa5,0x08,0xa5,0x08,
    0xa5,0x08,0xa5,0x08,0xa5,0x08,0xa5,0x08,0xa5,0x08,0xa5,0x08,0xa5,0x08,0xa5,0x08,
    0xa5,0x08,0xa5,0x08,0xa5,0x08,0xa5,0x08,0xa5,0x08,0xa5,0x08,0xa5,0x08,0xa5,0x08,
    0xa5,0x08,0xa5,0x08,0xa5,0x08,0xa5,0x08,0xc5,0x10,0xa5,0x10,0xa5,0x00,0xa5,0x00,
    0xc5,0x18,0xc5,0x18,0xc5,0x18,0xa5,0x08,0xa5,0x00,0xc5,0x10,0xa5,0x10,0xa5,0x08,
    0xa5,0x08,0xa5,0x08,0xa5,0x08,0xa5,0x08,0xa5,0x10,0xa4,0x00,0xcb,0x91,0x6e,0xea,
    0x4d,0xd2,0x4e,0xd2,0x4e,0xd2,0x4e,0xd2,0x4e,0xd2,0x6f,0xe2,0x0c,0xb2,0xc5,0x10,
    0xa5,0x08,0xc5,0x10,0xa5,0x08,0xa5,0x08,0xa5,0x08,0xa5,0x08,0xa5,0x08,0xa5,0x08,
    0xa5,0x08,0xa5,0x08,0xa5,0x08,0xa5,0x08,0xa5,0x08,0xa5,0x08,0xa5,0x08,0xa5,0x08,
    0xa5,0x08,0xa5,0x08,0xa5,0x08,0xa5,0x08,0xa5,0x08,0xa5,0x08,0xa5,0x08,0xa5,0x08,
    0xa5,0x08,0xa5,0x08,0xa5,0x08,0xa5,0x08,0xa5,0x08,0xa5,0x10,0xa5,0x08,0xc5,0x18,
    0x2a,0xd2,0x4b,0xe2,0x2b,0xda,0x4b,0xe2,0x4b,0xe2,0x4b,0xe2,0x2b,0xe2,0x2b,0xe2,
    0x4b,0xe2,0x2a,0xda,0xe5,0x20,0xa5,0x08,0xa5,0x10,0xa5,0x08,0xa5,0x08,0xa5,0x08,
    0xa5,0x08,0xa5,0x08,0xa5,0x08,0xa5,0x08,0xa5,0x08,0xa5,0x08,0xa5,0x08,0xa5,0x08,
    0xa5,0x08,0xa5,0x08,0xa5,0x08,0xa5,0x08,0xa5,0x08,0xa5,0x08,0xa5,0x08,0xa5,0x08,
    0xa5,0x08,0xa5,0x08,0xa5,0x08,0xa5,0x08,0xa5,0x08,0xa5,0x08,0xa5,0x08,0xa5,0x08,
    0xa5,0x08,0xa5,0x08,0xa5,0x08,0xa5,0x08,0xa5,0x08,0xa5,0x08,0xa5,0x08,0xa5,0x08,
    0xa5,0x08,0xa5,0x08,0xa5,0x08,0xa5,0x08,0xa5,0x08,0xa5,0x08,0xa5,0x08,0xa5,0x08,
    0xa5,0x08,0xa5,0x08,0xa5,0x08,0xa5,0x08,0xa5,0x08,0xa5,0x08,0xa5,0x08,0xa5,0x08,
    0xa5,0x08,0xa5,0x08,0xa5,0x08,0xa5,0x08,0xa5,0x08,0xa5,0x08,0xa5,0x08,0xa5,0x08,
    0xa5,0x08,0xa5,0x08,0xa5,0x08,0xa5,0x08,0xa5,0x08,0xa5,0x08,0xa5,0x08,0xa5,0x08,
    0xa5,0x08,0xa5,0x08,0xa5,0x08,0xa5,0x08,0xa5,0x08,0xa5,0x08,0xa5,0x08,0xa5,0x08,
    0xa5,0x08,0xa5,0x08,0xa5,0x08,0xa5,0x08,0xa5,0x08,0xa5,0x08,0xa5,0x08,0xa5,0x08,
    0xa5,0x08,0xa5,0x08,0xa5,0x08,0xa5,0x08,0xa5,0x08,0xa5,0x08,0xa5,0x08,0xa5,0x08,
    0xa5,0x08,0xa5,0x08,0xa5,0x08,0xa5,0x08,0xa5,0x08,0xa5,0x08,0xa5,0x08,0xa5,0x08,
    0xa5,0x08,0xa5,0x08,0xa5,0x08,0xa5,0x08,0xa5,0x08,0xa5,0x08,0xa5,0x08,0xa5,0x08,
    0xa5,0x08,0xa5,0x08,0xa5,0x08,0xa5,0x08,0xa5,0x08,0xa5,0x08,0xa5,0x08,0xa5,0x08,
    0xa5,0x08,0xa5,0x08,0xa5,0x08,0xa5,0x08,0xa5,0x08,0xa5,0x08,0xa5,0x08,0xa5,0x08,
    0xa5,0x08,0xa5,0x08,0xa5,0x08,0xa5,0x08,0xa5,0x08,0xa5,0x08,0xa5,0x08,0xa5,0x08,
    0xa5,0x08,0xa5,0x08,0xa5,0x08,0xa5,0x08,0xa5,0x08,0xa5,0x08,0xa5,0x08,0xa5,0x08,
    0xa5,0x08,0xa5,0x08,0xa5,0x08,0xa5,0x08,0xa5,0x08,0xa5,0x08,0xa5,0x08,0xa5,0x08,
    0xa5,0x08,0xa5,0x08,0xc5,0x10,0xc5,0x10,0xa5,0x08,0xa5,0x08,0xa5,0x08,0xa5,0x10,
    0xa5,0x10,0xa5,0x08,0xa5,0x08,0xa5,0x08,0xa5,0x08,0xa5,0x08,0xa5,0x08,0xc5,0x10,
    0xa4,0x00,0x07,0x39,0x6e,0xe2,0x4d,0xd2,0x4e,0xd2,0x4e,0xd2,0x4e,0xd2,0x4e,0xd2,
    0x4e,0xd2,0x4e,0xca,0x6f,0xe2,0xec,0xa1,0xc5,0x10,0xa5,0x08,0xc5,0x10,0xa5,0x08,
    0xa5,0x08,0xa5,0x08,0xa5,0x08,0xa5,0x08,0xa5,0x08,0xa5,0x08,0xa5,0x08,0xa5,0x08,
    0xa5,0x08,0xa5,0x08,0xa5,0x08,0xa5,0x08,0xa5,0x08,0xa5,0x08,0xa5,0x08,0xa5,0x08,
    0xa5,0x08,0xa5,0x08,0xa5,0x08,0xa5,0x08,0xa5,0x08,0xa5,0x08,0xa5,0x08,0xa5,0x08,
    0xa5,0x08,0xc5,0x10,0xa4,0x00,0x06,0x41,0x4b,0xea,0x4b,0xda,0x4b,0xda,0x4c,0xda,
    0x4b,0xda,0x4b,0xe2,0x4b,0xe2,0x2b,0xda,0x4b,0xea,0xe9,0xb9,0xa5,0x08,0xa5,0x10,
    0xa5,0x08,0xa5,0x08,0xa5,0x08,0xa5,0x08,0xa5,0x08,0xa5,0x08,0xa5,0x08,0xa5,0x08,
    0xa5,0x08,0xa5,0x08,0xa5,0x08,0xa5,0x08,0xa5,0x08,0xa5,0x08,0xa5,0x08,0xa5,0x08,
    0xa5,0x08,0xa5,0x08,0xa5,0x08,0xa5,0x08,0xa5,0x08,0xa5,0x08,0xa5,0x08,0xa5,0x08,
    0xa5,0x08,0xa5,0x08,0xa5,0x08,0xa5,0x08,0xa5,0x08,0xa5,0x08,0xa5,0x08,0xa5,0x08,
    0xa5,0x08,0xa5,0x08,0xa5,0x08,0xa5,0x08,0xa5,0x08,0xa5,0x08,0xa5,0x08,0xa5,0x08,
    0xa5,0x08,0xa5,0x08,0xa5,0x08,0xa5,0x08,0xa5,0x08,0xa5,0x08,0xa5,0x08,0xa5,0x08,
    0xa5,0x08,0xa5,0x08,0xa5,0x08,0xa5,0x08,0xa5,0x08,0xa5,0x08,0xa5,0x08,0xa5,0x08,
    0xa5,0x08,0xa5,0x08,0xa5,0x08,0xa5,0x08,0xa5,0x08,0xa5,0x08,0xa5,0x08,0xa5,0x08,
    0xa5,0x08,0xa5,0x08,0xa5,0x08,0xa5,0x08,0xa5,0x08,0xa5,0x08,0xa5,0x08,0xa5,0x08,
    0xa5,0x08,0xa5,0x08,0xa5,0x08,0xa5,0x08,0xa5,0x08,0xa5,0x08,0xa5,0x08,0xa5,0x08,
    0xa5,0x08,0xa5,0x08,0xa5,0x08,0xa5,0x08,0xa5,0x08,0xa5,0x08,0xa5,0x08,0xa5,0x08,
    0xa5,0x08,0xa5,0x08,0xa5,0x08,0xa5,0x08,0xa5,0x08,0xa5,0x08,0xa5,0x08,0xa5,0x08,
    0xa5,0x08,0xa5,0x08,0xa5,0x08,0xa5,0x08,0xa5,0x08,0xa5,0x08,0xa5,0x08,0xa5,0x08,
    0xa5,0x08,0xa5,0x08,0xa5,0x08,0xa5,0x08,0xa5,0x08,0xa5,0x08,0xa5,0x08,0xa5,0x08,
    0xa5,0x08,0xa5,0x08,0xa5,0x08,0xa5,0x08,0xa5,0x08,0xa5,0x08,0xa5,0x08,0xa5,0x08,
    0xa5,0x08,0xa5,0x08,0xa5,0x08,0xa5,0x08,0xa5,0x08,0xa5,0x08,0xa5,0x08,0xa5,0x08,
    0xa5,0x08,0xa5,0x08,0xa5,0x08,0xa5,0x08,0xa5,0x08,0xa5,0x08,0xa5,0x08,0xa5,0x08,
    0xa5,0x08,0xa5,0x08,0xa5,0x08,0xa5,0x08,0xa5,0x08,0xa5,0x08,0xa5,0x08,0xa5,0x08,
    0xa5,0x08,0xa5,0x08,0xa5,0x08,0xa5,0x08,0xa5,0x08,0xa5,0x08,0xa5,0x08,0xa5,0x08,
    0xa5,0x10,0xa5,0x10,0xa5,0x10,0xa5,0x08,0xa5,0x08,0xa5,0x08,0xa5,0x08,0xa5,0x08,
    0xa5,0x08,0xa5,0x08,0xa5,0x08,0xc5,0x10,0x84,0x00,0x89,0x71,0x6e,0xe2,0x4e,0xd2,
    0x4e,0xd2,0x4e,0xd2,0x4e,0xd2,0x4e,0xd2,0x4f,0xd2,0x4f,0xd2,0x4f,0xca,0x6f,0xda,
    0x0d,0xaa,0xa5,0x08,0xa5,0x08,0xc5,0x10,0xa5,0x08,0xa5,0x08,0xa5,0x08,0xa5,0x08,
    0xa5,0x08,0xa5,0x08,0xa5,0x08,0xa5,0x08,0xa5,0x08,0xa5,0x08,0xa5,0x08,0xa5,0x08,
    0xa5,0x08,0xa5,0x08,0xa5,0x08,0xa5,0x08,0xa5,0x08,0xa5,0x08,0xa5,0x08,0xa5,0x08,
    0xa5,0x08,0xa5,0x08,0xa5,0x08,0xa5,0x08,0xa5,0x08,0xc5,0x10,0x84,0x00,0x68,0x79,
    0x6c,0xea,0x2c,0xda,0x4c,0xda,0x4c,0xda,0x4c,0xda,0x4c,0xda,0x4c,0xda,0x2b,0xda,
    0x4b,0xf2,0x88,0x81,0x84,0x00,0xc5,0x10,0xa5,0x08,0xa5,0x08,0xa5,0x08,0xa5,0x08,
    0xa5,0x08,0xa5,0x08,0xa5,0x08,0xa5,0x08,0xa5,0x08,0xa5,0x08,0xa5,0x08,0xa5,0x08,
    0xa5,0x08,0xa5,0x08,0xa5,0x08,0xa5,0x08,0xa5,0x08,0xa5,0x08,0xa5,0x08,0xa5,0x08,
    0xa5,0x08,0xa5,0x08,0xa5,0x08,0xa5,0x08,0xa5,0x08,0xa5,0x08,0xa5,0x08,0xa5,0x08,
    0xa5,0x08,0xa5,0x08,0xa5,0x08,0xa5,0x08,0xa5,0x08,0xa5,0x08,0xa5,0x08,0xa5,0x08,
    0xa5,0x08,0xa5,0x08,0xa5,0x08,0xa5,0x08,0xa5,0x08,0xa5,0x08,0xa5,0x08,0xa5,0x08,
    0xa5,0x08,0xa5,0x08,0xa5,0x08,0xa5,0x08,0xa5,0x08,0xa5,0x08,0xa5,0x08,0xa5,0x08,
    0xa5,0x08,0xa5,0x08,0xa5,0x08,0xa5,0x08,0xa5,0x08,0xa5,0x08,0xa5,0x08,0xa5,0x08,
    0xa5,0x08,0xa5,0x08,0xa5,0x08,0xa5,0x08,0xa5,0x08,0xa5,0x08,0xa5,0x08,0xa5,0x08,
    0xa5,0x08,0xa5,0x08,0xa5,0x08,0xa5,0x08,0xa5,0x08,0xa5,0x08,0xa5,0x08,0xa5,0x08,
    0xa5,0x08,0xa5,0x08,0xa5,0x08,0xa5,0x08,0xa5,0x08,0xa5,0x08,0xa5,0x08,0xa5,0x08,
    0xa5,0x08,0xa5,0x08,0xa5,0x08,0xa5,0x08,0xa5,0x08,0xa5,0x08,0xa5,0x08,0xa5,0x08,
    0xa5,0x08,0xa5,0x08,0xa5,0x08,0xa5,0x08,0xa5,0x08,0xa5,0x08,0xa5,0x08,0xa5,0x08,
    0xa5,0x08,0xa5,0x08,0xa5,0x08,0xa5,0x08,0xa5,0x08,0xa5,0x08,0xa5,0x08,0xa5,0x08,
    0xa5,0x08,0xa5,0x08,0xa5,0x08,0xa5,0x08,0xa5,0x08,0xa5,0x08,0xa5,0x08,0xa5,0x08,
    0xa5,0x08,0xa5,0x08,0xa5,0x08,0xa5,0x08,0xa5,0x08,0xa5,0x08,0xa5,0x08,0xa5,0x08,
    0xa5,0x08,0xa5,0x08,0xa5,0x08,0xa5,0x08,0xa5,0x08,0xa5,0x08,0xa5,0x08,0xa5,0x08,
    0xa5,0x08,0xa5,0x08,0xa5,0x08,0xa5,0x08,0xa5,0x08,0xa5,0x08,0xa5,0x08,0xa5,0x08,
    0xa5,0x08,0xa5,0x08,0xa5,0x08,0xa5,0x08,0xa5,0x08,0xa5,0x08,0xa5,0x08,0xa5,0x08,
    0xa5,0x08,0xa5,0x08,0xa5,0x08,0xa5,0x08,0xa5,0x08,0xa5,0x08,0xa5,0x08,0xa5,0x08,
    0xa5,0x08,0xa5,0x08,0xa5,0x08,0xa5,0x08,0xa5,0x08,0xa5,0x08,0xa5,0x08,0xc5,0x10,
    0x84,0x00,0x89,0x71,0x6e,0xe2,0x4e,0xd2,0x4e,0xd2,0x4e,0xd2,0x4f,0xd2,0x4f,0xd2,
    0x4f,0xd2,0x4f,0xca,0x6f,0xca,0x4f,0xca,0x70,0xda,0x0d,0xaa,0xa5,0x10,0xa5,0x08,
    0xc5,0x10,0xa5,0x08,0xa5,0x08,0xa5,0x08,0xa5,0x08,0xa5,0x08,0xa5,0x08,0xa5,0x08,
    0xa5,0x08,0xa5,0x08,0xa5,0x08,0xa5,0x08,0xa5,0x08,0xa5,0x08,0xa5,0x08,0xa5,0x08,
    0xa5,0x08,0xa5,0x08,0xa5,0x08,0xa5,0x08,0xa5,0x08,0xa5,0x08,0xa5,0x08,0xa5,0x08,
    0xa5,0x08,0xa5,0x10,0xa5,0x00,0xca,0xa9,0x4c,0xea,0x2c,0xda,0x4c,0xda,0x4c,0xda,
    0x4c,0xda,0x4c,0xda,0x4c,0xda,0x4b,0xda,0x4c,0xea,0x27,0x51,0xa4,0x00,0xc5,0x10,
    0xa5,0x08,0xa5,0x08,0xa5,0x08,0xa5,0x08,0xa5,0x08,0xa5,0x08,0xa5,0x08,0xa5,0x08,
    0xa5,0x08,0xa5,0x08,0xa5,0x08,0xa5,0x08,0xa5,0x08,0xa5,0x08,0xa5,0x08,0xa5,0x08,
    0xa5,0x08,0xa5,0x08,0xa5,0x08,0xa5,0x08,0xa5,0x08,0xa5,0x08,0xa5,0x08,0xa5,0x08,
    0xa5,0x08,0xa5,0x08,0xa5,0x08,0xa5,0x08,0xa5,0x08,0xa5,0x08,0xa5,0x08,0xa5,0x08,
    0xa5,0x08,0xa5,0x08,0xa5,0x08,0xa5,0x08,0xa5,0x08,0xa5,0x08,0xa5,0x08,0xa5,0x08,
    0xa5,0x08,0xa5,0x08,0xa5,0x08,0xa5,0x08,0xa5,0x08,0xa5,0x08,0xa5,0x08,0xa5,0x08,
    0xa5,0x08,0xa5,0x08,0xa5,0x08,0xa5,0x08,0xa5,0x08,0xa5,0x08,0xa5,0x08,0xa5,0x08,
    0xa5,0x08,0xa5,0x08,0xa5,0x08,0xa5,0x08,0xa5,0x08,0xa5,0x08,0xa5,0x08,0xa5,0x08,
    0xa5,0x08,0xa5,0x08,0xa5,0x08,0xa5,0x08,0xa5,0x08,0xa5,0x08,0xa5,0x08,0xa5,0x08,
    0xa5,0x08,0xa5,0x08,0xa5,0x08,0xa5,0x08,0xa5,0x08,0xa5,0x08,0xa5,0x08,0xa5,0x08,
    0xa5,0x08,0xa5,0x08,0xa5,0x08,0xa5,0x08,0xa5,0x08,0xa5,0x08,0xa5,0x08,0xa5,0x08,
    0xa5,0x08,0xa5,0x08,0xa5,0x08,0xa5,0x08,0xa5,0x08,0xa5,0x08,0xa5,0x08,0xa5,0x08,
    0xa5,0x08,0xa5,0x08,0xa5,0x08,0xa5,0x08,0xa5,0x08,0xa5,0x08,0xa5,0x08,0xa5,0x08,
    0xa5,0x08,0xa5,0x08,0xa5,0x08,0xa5,0x08,0xa5,0x08,0xa5,0x08,0xa5,0x08,0xa5,0x08,
    0xa5,0x08,0xa5,0x08,0xa5,0x08,0xa5,0x08,0xa5,0x08,0xa5,0x08,0xa5,0x08,0xa5,0x08,
    0xa5,0x08,0xa5,0x08,0xa5,0x08,0xa5,0x08,0xa5,0x08,0xa5,0x08,0xa5,0x08,0xa5,0x08,
    0xa5,0x08,0xa5,0x08,0xa5,0x08,0xa5,0x08,0xa5,0x08,0xa5,0x08,0xa5,0x08,0xa5,0x08,
    0xa5,0x08,0xa5,0x08,0xa5,0x08,0xa5,0x08,0xa5,0x08,0xa5,0x08,0xa5,0x08,0xa5,0x08,
    0xa5,0x08,0xa5,0x08,0xa5,0x08,0xa5,0x08,0xa5,0x08,0xa5,0x08,0xa5,0x08,0xa5,0x08,
    0xa5,0x08,0xa5,0x08,0xa5,0x08,0xa5,0x08,0xa5,0x08,0xa5,0x08,0xa5,0x08,0xa5,0x08,
    0xa5,0x08,0xa5,0x08,0xa5,0x08,0xc5,0x10,0xa4,0x00,0x28,0x49,0x6e,0xe2,0x4e,0xd2,
    0x4e,0xd2,0x4e,0xd2,0x4f,0xd2,0x4f,0xd2,0x6f,0xca,0x6f,0xca,0x6f,0xca,0x70,0xca,
    0x50,0xca,0x70,0xda,0x0d,0xa2,0xc5,0x10,0xa4,0x08,0xc5,0x10,0xa5,0x08,0xa5,0x08,
    0xa5,0x08,0xa5,0x08,0xa5,0x08,0xa5,0x08,0xa5,0x08,0xa5,0x08,0xa5,0x08,0xa5,0x08,
    0xa5,0x08,0xa5,0x08,0xa5,0x08,0xa5,0x08,0xa5,0x08,0xa5,0x08,0xa5,0x08,0xa5,0x08,
    0xa5,0x08,0xa5,0x08,0xa5,0x08,0xa5,0x08,0xa5,0x10,0xa5,0x08,0xc5,0x18,0x2b,0xd2,
    0x4c,0xe2,0x4c,0xda,0x4c,0xda,0x4c,0xda,0x4c,0xda,0x4c,0xda,0x4c,0xda,0x4c,0xe2,
    0x2b,0xda,0xe5,0x20,0xa5,0x08,0xa5,0x10,0xa5,0x08,0xa5,0x08,0xa5,0x08,0xa5,0x08,
    0xa5,0x08,0xa5,0x08,0xa5,0x08,0xa5,0x08,0xa5,0x08,0xa5,0x08,0xa5,0x08,0xa5,0x08,
    0xa5,0x08,0xa5,0x08,0xa5,0x08,0xa5,0x08,0xa5,0x08,0xa5,0x08,0xa5,0x08,0xa5,0x08,
    0xa5,0x08,0xa5,0x08,0xa5,0x08,0xa5,0x08,0xa5,0x08,0xa5,0x08,0xa5,0x08,0xa5,0x08,
    0xa5,0x08,0xa5,0x08,0xa5,0x08,0xa5,0x08,0xa5,0x08,0xa5,0x08,0xa5,0x08,0xa5,0x08,
    0xa5,0x08,0xa5,0x08,0xa5,0x08,0xa5,0x08,0xa5,0x08,0xa5,0x08,0xa5,0x08,0xa5,0x08,
    0xa5,0x08,0xa5,0x08,0xa5,0x08,0xa5,0x08,0xa5,0x08,0xa5,0x08,0xa5,0x08,0xa5,0x08,
    0xa5,0x08,0xa5,0x08,0xa5,0x08,0xa5,0x08,0xa5,0x08,0xa5,0x08,0xa5,0x08,0xa5,0x08,
    0xa5,0x08,0xa5,0x08,0xa5,0x08,0xa5,0x08,0xa5,0x08,0xa5,0x08,0xa5,0x08,0xa5,0x08,
    0xa5,0x08,0xa5,0x08,0xa5,0x08,0xa5,0x08,0xa5,0x08,0xa5,0x08,0xa5,0x08,0xa5,0x08,
    0xa5,0x08,0xa5,0x08,0xa5,0x08,0xa5,0x08,0xa5,0x08,0xa5,0x08,0xa5,0x08,0xa5,0x08,
    0xa5,0x08,0xa5,0x08,0xa5,0x08,0xa5,0x08,0xa5,0x08,0xa5,0x08,0xa5,0x08,0xa5,0x08,
    0xa5,0x08,0xa5,0x08,0xa5,0x08,0xa5,0x08,0xa5,0x08,0xa5,0x08,0xa5,0x08,0xa5,0x08,
    0xa5,0x08,0xa5,0x08,0xa5,0x08,0xa5,0x08,0xa5,0x08,0xa5,0x08,0xa5,0x08,0xa5,0x08,
    0xa5,0x08,0xa5,0x08,0xa5,0x08,0xa5,0x08,0xa5,0x08,0xa5,0x08,0xa5,0x08,0xa5,0x08,
    0xa5,0x08,0xa5,0x08,0xa5,0x08,0xa5,0x08,0xa5,0x08,0xa5,0x08,0xa5,0x08,0xa5,0x08,
    0xa5,0x08,0xa5,0x08,0xa5,0x08,0xa5,0x08,0xa5,0x08,0xa5,0x08,0xa5,0x08,0xa5,0x08,
    0xa5,0x08,0xa5,0x08,0xa5,0x08,0xa5,0x08,0xa5,0x08,0xa5,0x08,0xa5,0x08,0xa5,0x08,
    0xa5,0x08,0xa5,0x08,0xa5,0x08,0xa5,0x08,0xa5,0x08,0xa5,0x08,0xa5,0x08,0xa5,0x08,
    0xa5,0x08,0xa5,0x08,0xa5,0x08,0xa5,0x08,0xa5,0x08,0xa5,0x08,0xa5,0x08,0xa5,0x08,
    0xa5,0x08,0xa5,0x08,0xa5,0x08,0xa5,0x08,0xa5,0x08,0xa5,0x08,0xa5,0x08,0xa5,0x10,
    0xa5,0x08,0xa5,0x08,0x0c,0xb2,0x6e,0xe2,0x4e,0xca,0x4f,0xd2,0x4f,0xd2,0x4f,0xd2,
    0x6f,0xca,0x70,0xca,0x70,0xca,0x70,0xca,0x70,0xca,0x50,0xc2,0x91,0xda,0x0d,0x9a,
    0xc5,0x10,0xa5,0x08,0xc5,0x10,0xa5,0x08,0xa5,0x08,0xa5,0x08,0xa5,0x08,0xa5,0x08,
    0xa5,0x08,0xa5,0x08,0xa5,0x08,0xa5,0x08,0xa5,0x08,0xa5,0x08,0xa5,0x08,0xa5,0x08,
    0xa5,0x08,0xa5,0x08,0xa5,0x08,0xa5,0x08,0xa5,0x08,0xa5,0x08,0xa5,0x08,0xa5,0x08,
    0xc5,0x10,0xa4,0x00,0x27,0x49,0x4d,0xe2,0x4c,0xda,0x4d,0xda,0x4d,0xda,0x4d,0xda,
    0x4c,0xda,0x4c,0xda,0x4c,0xda,0x4c,0xe2,0xea,0xb1,0xa5,0x08,0xa5,0x10,0xa5,0x08,
    0xa5,0x08,0xa5,0x08,0xa5,0x08,0xa5,0x08,0xa5,0x08,0xa5,0x08,0xa5,0x08,0xa5,0x08,
    0xa5,0x08,0xa5,0x08,0xa5,0x08,0xa5,0x08,0xa5,0x08,0xa5,0x08,0xa5,0x08,0xa5,0x08,
    0xa5,0x08,0xa5,0x08,0xa5,0x08,0xa5,0x08,0xa5,0x08,0xa5,0x08,0xa5,0x08,0xa5,0x08,
    0xa5,0x08,0xa5,0x08,0xa5,0x08,0xa5,0x08,0xa5,0x08,0xa5,0x08,0xa5,0x08,0xa5,0x08,
    0xa5,0x08,0xa5,0x08,0xa5,0x08,0xa5,0x08,0xa5,0x08,0xa5,0x08,0xa5,0x08,0xa5,0x08,
    0xa5,0x08,0xa5,0x08,0xa5,0x08,0xa5,0x08,0xa5,0x08,0xa5,0x08,0xa5,0x08,0xa5,0x08,
    0xa5,0x08,0xa5,0x08,0xa5,0x08,0xa5,0x08,0xa5,0x08,0xa5,0x08,0xa5,0x08,0xa5,0x08,
    0xa5,0x08,0xa5,0x08,0xa5,0x08,0xa5,0x08,0xa5,0x08,0xa5,0x08,0xa5,0x08,0xa5,0x08,
    0xa5,0x08,0xa5,0x08,0xa5,0x08,0xa5,0x08,0xa5,0x08,0xa5,0x08,0xa5,0x08,0xa5,0x08,
    0xa5,0x08,0xa5,0x08,0xa5,0x08,0xa5,0x08,0xa5,0x08,0xa5,0x08,0xa5,0x08,0xa5,0x08,
    0xa5,0x08,0xa5,0x08,0xa5,0x08,0xa5,0x08,0xa5,0x08,0xa5,0x08,0xa5,0x08,0xa5,0x08,
    0xa5,0x08,0xa5,0x08,0xa5,0x08,0xa5,0x08,0xa5,0x08,0xa5,0x08,0xa5,0x08,0xa5,0x08,
    0xa5,0x08,0xa5,0x08,0xa5,0x08,0xa5,0x08,0xa5,0x08,0xa5,0x08,0xa5,0x08,0xa5,0x08,
    0xa5,0x08,0xa5,0x08,0xa5,0x08,0xa5,0x08,0xa5,0x08,0xa5,0x08,0xa5,0x08,0xa5,0x08,
    0xa5,0x08,0xa5,0x08,0xa5,0x08,0xa5,0x08,0xa5,0x08,0xa5,0x08,0xa5,0x08,0xa5,0x08,
    0xa5,0x08,0xa5,0x08,0xa5,0x08,0xa5,0x08,0xa5,0x08,0xa5,0x08,0xa5,0x08,0xa5,0x08,
    0xa5,0x08,0xa5,0x08,0xa5,0x08,0xa5,0x08,0xa5,0x08,0xa5,0x08,0xa5,0x08,0xa5,0x08,
    0xa5,0x08,0xa5,0x08,0xa5,0x08,0xa5,0x08,0xa5,0x08,0xa5,0x08,0xa5,0x08,0xa5,0x08,
    0xa5,0x08,0xa5,0x08,0xa5,0x08,0xa5,0x08,0xa5,0x08,0xa5,0x08,0xa5,0x08,0xa5,0x08,
    0xa5,0x08,0xa5,0x08,0xa5,0x08,0xa5,0x08,0xa5,0x08,0xa5,0x08,0xa5,0x08,0xa5,0x08,
    0xa5,0x08,0xa5,0x08,0xa5,0x08,0xa5,0x08,0xc5,0x10,0xa4,0x00,0xe6,0x28,0x4d,0xd2,
    0x6f,0xda,0x4f,0xca,0x4f,0xd2,0x6f,0xca,0x6f,0xca,0x70,0xca,0x70,0xca,0x70,0xca,
    0x70,0xca,0x70,0xca,0x70,0xc2,0x91,0xda,0x0e,0x9a,0xc5,0x10,0xa5,0x08,0xc5,0x10,
    0xa5,0x08,0xa5,0x08,0xa5,0x08,0xa5,0x08,0xa5,0x08,0xa5,0x08,0xa5,0x08,0xa5,0x08,
    0xa5,0x08,0xa5,0x08,0xa5,0x08,0xa5,0x08,0xa5,0x08,0xa5,0x08,0xa5,0x08,0xa5,0x08,
    0xa5,0x08,0xa5,0x08,0xa5,0x08,0xa5,0x08,0xa5,0x10,0xa4,0x00,0xca,0x99,0x6d,0xe2,
    0x4d,0xd2,0x4d,0xda,0x4d,0xda,0x4d,0xda,0x4d,0xda,0x4c,0xda,0x4c,0xda,0x6c,0xea,
    0x89,0x81,0x84,0x00,0xc5,0x10,0xa5,0x08,0xa5,0x08,0xa5,0x08,0xa5,0x08,0xa5,0x08,
    0xa5,0x08,0xa5,0x08,0xa5,0x08,0xa5,0x08,0xa5,0x08,0xa5,0x08,0xa5,0x08,0xa5,0x08,
    0xa5,0x08,0xa5,0x08,0xa5,0x08,0xa5,0x08,0xa5,0x08,0xa5,0x08,0xa5,0x08,0xa5,0x08,
    0xa5,0x08,0xa5,0x08,0xa5,0x08,0xa5,0x08,0xa5,0x08,0xa5,0x08,0xa5,0x08,0xa5,0x08,
    0xa5,0x08,0xa5,0x08,0xa5,0x08,0xa5,0x08,0xa5,0x08,0xa5,0x08,0xa5,0x08,0xa5,0x08,
    0xa5,0x08,0xa5,0x08,0xa5,0x08,0xa5,0x08,0xa5,0x08,0xa5,0x08,0xa5,0x08,0xa5,0x08,
    0xa5,0x08,0xa5,0x08,0xa5,0x08,0xa5,0x08,0xa5,0x08,0xa5,0x08,0xa5,0x08,0xa5,0x08,
    0xa5,0x08,0xa5,0x08,0xa5,0x08,0xa5,0x08,0xa5,0x08,0xa5,0x08,0xa5,0x08,0xa5,0x08,
    0xa5,0x08,0xa5,0x08,0xa5,0x08,0xa5,0x08,0xa5,0x08,0xa5,0x08,0xa5,0x08,0xa5,0x08,
    0xa5,0x08,0xa5,0x08,0xa5,0x08,0xa5,0x08,0xa5,0x08,0xa5,0x08,0xa5,0x08,0xa5,0x08,
    0xa5,0x08,0xa5,0x08,0xa5,0x08,0xa5,0x08,0xa5,0x08,0xa5,0x08,0xa5,0x08,0xa5,0x08,
    0xa5,0x08,0xa5,0x08,0xa5,0x08,0xa5,0x08,0xa5,0x08,0xa5,0x08,0xa5,0x08,0xa5,0x08,
    0xa5,0x08,0xa5,0x08,0xa5,0x08,0xa5,0x08,0xa5,0x08,0xa5,0x08,0xa5,0x08,0xa5,0x08,
    0xa5,0x08,0xa5,0x08,0xa5,0x08,0xa5,0x08,0xa5,0x08,0xa5,0x08,0xa5,0x08,0xa5,0x08,
    0xa5,0x08,0xa5,0x08,0xa5,0x08,0xa5,0x08,0xa5,0x08,0xa5,0x08,0xa5,0x08,0xa5,0x08,
    0xa5,0x08,0xa5,0x08,0xa5,0x08,0xa5,0x08,0xa5,0x08,0xa5,0x08,0xa5,0x08,0xa5,0x08,
    0xa5,0x08,0xa5,0x08,0xa5,0x08,0xa5,0x08,0xa5,0x08,0xa5,0x08,0xa5,0x08,0xa5,0x08,
    0xa5,0x08,0xa5,0x08,0xa5,0x08,0xa5,0x08,0xa5,0x08,0xa5,0x08,0xa5,0x08,0xa5,0x08,
    0xa5,0x08,0xa5,0x08,0xa5,0x08,0xa5,0x08,0xa5,0x08,0xa5,0x08,0xa5,0x08,0xa5,0x08,
    0xa5,0x08,0xa5,0x08,0xa5,0x08,0xa5,0x08,0xa5,0x08,0xa5,0x08,0xa5,0x08,0xa5,0x08,
    0xa5,0x08,0xa5,0x08,0xa5,0x08,0xa5,0x08,0xa5,0x08,0xa5,0x08,0xa5,0x08,0xa5,0x08,
    0xa5,0x08,0xc5,0x10,0xa4,0x00,0xe6,0x28,0x0d,0xb2,0x6f,0xda,0x4f,0xca,0x6f,0xca,
    0x70,0xca,0x70,0xca,0x70,0xca,0x70,0xca,0x70,0xca,0x71,0xca,0x71,0xca,0x71,0xc2,
    0x92,0xd2,0x0e,0xa2,0xa5,0x08,0xa5,0x08,0xc5,0x10,0xa5,0x08,0xa5,0x08,0xa5,0x08,
    0xa5,0x08,0xa5,0x08,0xa5,0x08,0xa5,0x08,0xa5,0x08,0xa5,0x08,0xa5,0x08,0xa5,0x08,
    0xa5,0x08,0xa5,0x08,0xa5,0x08,0xa5,0x08,0xa5,0x08,0xa5,0x08,0xa5,0x08,0xc5,0x10,
    0xa5,0x08,0xe6,0x30,0x4d,0xda,0x4d,0xda,0x4d,0xda,0x4d,0xda,0x4d,0xda,0x4d,0xda,
    0x4d,0xda,0x4d,0xda,0x4c,0xda,0x4c,0xea,0x27,0x51,0xa4,0x00,0xc5,0x10,0xa5,0x08,
    0xa5,0x08,0xa5,0x08,0xa5,0x08,0xa5,0x08,0xa5,0x08,0xa5,0x08,0xa5,0x08,0xa5,0x08,
    0xa5,0x08,0xa5,0x08,0xa5,0x08,0xa5,0x08,0xa5,0x08,0xa5,0x08,0xa5,0x08,0xa5,0x08,
    0xa5,0x08,0xa5,0x08,0xa5,0x08,0xa5,0x08,0xa5,0x08,0xa5,0x08,0xa5,0x08,0xa5,0x08,
    0xa5,0x08,0xa5,0x08,0xa5,0x08,0xa5,0x08,0xa5,0x08,0xa5,0x08,0xa5,0x08,0xa5,0x08,
    0xa5,0x08,0xa5,0x08,0xa5,0x08,0xa5,0x08,0xa5,0x08,0xa5,0x08,0xa5,0x08,0xa5,0x08,
    0xa5,0x08,0xa5,0x08,0xa5,0x08,0xa5,0x08,0xa5,0x08,0xa5,0x08,0xa5,0x08,0xa5,0x08,
    0xa5,0x08,0xa5,0x08,0xa5,0x08,0xa5,0x08,0xa5,0x08,0xa5,0x08,0xa5,0x08,0xa5,0x08,
    0xa5,0x08,0xa5,0x08,0xa5,0x08,0xa5,0x08,0xa5,0x08,0xa5,0x08,0xa5,0x08,0xa5,0x08,
    0xa5,0x08,0xa5,0x08,0xa5,0x08,0xa5,0x08,0xa5,0x08,0xa5,0x08,0xa5,0x08,0xa5,0x08,
    0xa5,0x08,0xa5,0x08,0xa5,0x08,0xa5,0x08,0xa5,0x08,0xa5,0x08,0xa5,0x08,0xa5,0x08,
    0xa5,0x08,0xa5,0x08,0xa5,0x08,0xa5,0x08,0xa5,0x08,0xa5,0x08,0xa5,0x08,0xa5,0x08,
    0xa5,0x08,0xa5,0x08,0xa5,0x08,0xa5,0x08,0xa5,0x08,0xa5,0x08,0xa5,0x08,0xa5,0x08,
    0xa5,0x08,0xa5,0x08,0xa5,0x08,0xa5,0x08,0xa5,0x08,0xa5,0x08,0xa5,0x08,0xa5,0x08,
    0xa5,0x08,0xa5,0x08,0xa5,0x08,0xa5,0x08,0xa5,0x08,0xa5,0x08,0xa5,0x08,0xa5,0x08,
    0xa5,0x08,0xa5,0x08,0xa5,0x08,0xa5,0x08,0xa5,0x08,0xa5,0x08,0xa5,0x08,0xa5,0x08,
    0xa5,0x08,0xa5,0x08,0xa5,0x08,0xa5,0x08,0xa5,0x08,0xa5,0x08,0xa5,0x08,0xa5,0x08,
    0xa5,0x08,0xa5,0x08,0xa5,0x08,0xa5,0x08,0xa5,0x08,0xa5,0x08,0xa5,0x08,0xa5,0x08,
    0xa5,0x08,0xa5,0x08,0xa5,0x08,0xa5,0x08,0xa5,0x08,0xa5,0x08,0xa5,0x08,0xa5,0x08,
    0xa5,0x08,0xa5,0x08,0xa5,0x08,0xa5,0x08,0xa5,0x08,0xa5,0x08,0xa5,0x08,0xa5,0x08,
    0xa5,0x08,0xa5,0x08,0xa5,0x08,0xa5,0x08,0xa5,0x08,0xa5,0x08,0xa5,0x08,0xa5,0x08,
    0xa5,0x08,0xa5,0x08,0xa5,0x08,0xa5,0x08,0xa5,0x08,0xa5,0x08,0xc5,0x10,0xa4,0x00,
    0xa5,0x08,0xec,0xa1,0x70,0xda,0x4f,0xca,0x70,0xca,0x70,0xca,0x70,0xca,0x71,0xca,
    0x71,0xc2,0x71,0xc2,0x71,0xc2,0x71,0xc2,0x71,0xc2,0x92,0xca,0x0f,0xa2,0xc5,0x10,
    0xa4,0x08,0xc5,0x10,0xa5,0x08,0xa5,0x08,0xa5,0x08,0xa5,0x08,0xa5,0x08,0xa5,0x08,
    0xa5,0x08,0xa5,0x08,0xa5,0x08,0xa5,0x08,0xa5,0x08,0xa5,0x08,0xa5,0x08,0xa5,0x08,
    0xa5,0x08,0xa5,0x08,0xa5,0x08,0xc5,0x10,0x84,0x00,0x89,0x79,0x6e,0xea,0x4d,0xd2,
    0x4d,0xda,0x4d,0xda,0x4d,0xda,0x4d,0xda,0x4d,0xda,0x4d,0xda,0x4d,0xda,0x2c,0xd2,
    0xe5,0x20,0xa5,0x08,0xa5,0x10,0xa5,0x08,0xa5,0x08,0xa5,0x08,0xa5,0x08,0xa5,0x08,
    0xa5,0x08,0xa5,0x08,0xa5,0x08,0xa5,0x08,0xa5,0x08,0xa5,0x08,0xa5,0x08,0xa5,0x08,
    0xa5,0x08,0xa5,0x08,0xa5,0x08,0xa5,0x08,0xa5,0x08,0xa5,0x08,0xa5,0x08,0xa5,0x08,
    0xa5,0x08,0xa5,0x08,0xa5,0x08,0xa5,0x08,0xa5,0x08,0xa5,0x08,0xa5,0x08,0xa5,0x08,
    0xa5,0x08,0xa5,0x08,0xa5,0x08,0xa5,0x08,0xa5,0x08,0xa5,0x08,0xa5,0x08,0xa5,0x08,
    0xa5,0x08,0xa5,0x08,0xa5,0x08,0xa5,0x08,0xa5,0x08,0xa5,0x08,0xa5,0x08,0xa5,0x08,
    0xa5,0x08,0xa5,0x08,0xa5,0x08,0xa5,0x08,0xa5,0x08,0xa5,0x08,0xa5,0x08,0xa5,0x08,
    0xa5,0x08,0xa5,0x08,0xa5,0x08,0xa5,0x08,0xa5,0x08,0xa5,0x08,0xa5,0x08,0xa5,0x08,
    0xa5,0x08,0xa5,0x08,0xa5,0x08,0xa5,0x08,0xa5,0x08,0xa5,0x08,0xa5,0x08,0xa5,0x08,
    0xa5,0x08,0xa5,0x08,0xa5,0x08,0xa5,0x08,0xa5,0x08,0xa5,0x08,0xa5,0x08,0xa5,0x08,
    0xa5,0x08,0xa5,0x08,0xa5,0x08,0xa5,0x08,0xa5,0x08,0xa5,0x08,0xa5,0x08,0xa5,0x08,
    0xa5,0x08,0xa5,0x08,0xa5,0x08,0xa5,0x08,0xa5,0x08,0xa5,0x08,0xa5,0x08,0xa5,0x08,
    0xa5,0x08,0xa5,0x08,0xa5,0x08,0xa5,0x08,0xa5,0x08,0xa5,0x08,0xa5,0x08,0xa5,0x08,
    0xa5,0x08,0xa5,0x08,0xa5,0x08,0xa5,0x08,0xa5,0x08,0xa5,0x08,0xa5,0x08,0xa5,0x08,
    0xa5,0x08,0xa5,0x08,0xa5,0x08,0xa5,0x08,0xa5,0x08,0xa5,0x08,0xa5,0x08,0xa5,0x08,
    0xa5,0x08,0xa5,0x08,0xa5,0x08,0xa5,0x08,0xa5,0x08,0xa5,0x08,0xa5,0x08,0xa5,0x08,
    0xa5,0x08,0xa5,0x08,0xa5,0x08,0xa5,0x08,0xa5,0x08,0xa5,0x08,0xa5,0x08,0xa5,0x08,
    0xa5,0x08,0xa5,0x08,0xa5,0x08,0xa5,0x08,0xa5,0x08,0xa5,0x08,0xa5,0x08,0xa5,0x08,
    0xa5,0x08,0xa5,0x08,0xa5,0x08,0xa5,0x08,0xa5,0x08,0xa5,0x08,0xa5,0x08,0xa5,0x08,
    0xa5,0x08,0xa5,0x08,0xa5,0x08,0xa5,0x08,0xa5,0x08,0xa5,0x08,0xa5,0x08,0xa5,0x08,
    0xa5,0x08,0xa5,0x08,0xa5,0x08,0xa5,0x08,0xa5,0x08,0xa5,0x08,0xa5,0x08,0xa5,0x08,
    0xa5,0x08,0xa5,0x08,0xa5,0x08,0xc5,0x10,0xa5,0x08,0xc5,0x10,0xec,0xa1,0x90,0xda,
    0x50,0xca,0x70,0xca,0x70,0xca,0x71,0xca,0x71,0xc2,0x71,0xc2,0x71,0xc2,0x71,0xc2,
    0x72,0xc2,0x72,0xc2,0x92,0xca,0x0f,0x9a,0xc5,0x10,0xa4,0x08,0xc5,0x10,0xa5,0x08,
    0xa5,0x08,0xa5,0x08,0xa5,0x08,0xa5,0x08,0xa5,0x08,0xa5,0x08,0xa5,0x08,0xa5,0x08,
    0xa5,0x08,0xa5,0x08,0xa5,0x08,0xa5,0x08,0xa5,0x08,0xa5,0x08,0xa5,0x08,0xa5,0x08,
    0xc5,0x10,0x0c,0xba,0x6e,0xda,0x4d,0xd2,0x4e,0xd2,0x4d,0xd2,0x4d,0xd2,0x4d,0xda,
    0x4d,0xda,0x4d,0xd2,0x6d,0xea,0xaa,0x91,0xa4,0x00,0xc5,0x10,0xa5,0x08,0xa5,0x08,
    0xa5,0x08,0xa5,0x08,0xa5,0x08,0xa5,0x08,0xa5,0x08,0xa5,0x08,0xa5,0x08,0xa5,0x08,
    0xa5,0x08,0xa5,0x08,0xa5,0x08,0xa5,0x08,0xa5,0x08,0xa5,0x08,0xa5,0x08,0xa5,0x08,
    0xa5,0x08,0xa5,0x08,0xa5,0x08,0xa5,0x08,0xa5,0x08,0xa5,0x08,0xa5,0x08,0xa5,0x08,
    0xa5,0x08,0xa5,0x08,0xa5,0x08,0xa5,0x08,0xa5,0x08,0xa5,0x08,0xa5,0x08,0xa5,0x08,
    0xa5,0x08,0xa5,0x08,0xa5,0x08,0xa5,0x08,0xa5,0x08,0xa5,0x08,0xa5,0x08,0xa5,0x08,
    0xa5,0x08,0xa5,0x08,0xa5,0x08,0xa5,0x08,0xa5,0x08,0xa5,0x08,0xa5,0x08,0xa5,0x08,
    0xa5,0x08,0xa5,0x08,0xa5,0x08,0xa5,0x08,0xa5,0x08,0xa5,0x08,0xa5,0x08,0xa5,0x08,
    0xa5,0x08,0xa5,0x08,0xa5,0x08,0xa5,0x08,0xa5,0x08,0xa5,0x08,0xa5,0x08,0xa5,0x08,
    0xa5,0x08,0xa5,0x08,0xa5,0x08,0xa5,0x08,0xa5,0x08,0xa5,0x08,0xa5,0x08,0xa5,0x08,
    0xa5,0x08,0xa5,0x08,0xa5,0x08,0xa5,0x08,0xa5,0x08,0xa5,0x08,0xa5,0x08,0xa5,0x08,
    0xa5,0x08,0xa5,0x08,0xa5,0x08,0xa5,0x08,0xa5,0x08,0xa5,0x08,0xa5,0x08,0xa5,0x08,
    0xa5,0x08,0xa5,0x08,0xa5,0x08,0xa5,0x08,0xa5,0x08,0xa5,0x08,0xa5,0x08,0xa5,0x08,
    0xa5,0x08,0xa5,0x08,0xa5,0x08,0xa5,0x08,0xa5,0x08,0xa5,0x08,0xa5,0x08,0xa5,0x08,
    0xa5,0x08,0xa5,0x08,0xa5,0x08,0xa5,0x08,0xa5,0x08,0xa5,0x08,0xa5,0x08,0xa5,0x08,
    0xa5,0x08,0xa5,0x08,0xa5,0x08,0xa5,0x08,0xa5,0x08,0xa5,0x08,0xa5,0x08,0xa5,0x08,
    0xa5,0x08,0xa5,0x08,0xa5,0x08,0xa5,0x08,0xa5,0x08,0xa5,0x08,0xa5,0x08,0xa5,0x08,
    0xa5,0x08,0xa5,0x08,0xa5,0x08,0xa5,0x08,0xa5,0x08,0xa5,0x08,0xa5,0x08,0xa5,0x08,
    0xa5,0x08,0xa5,0x08,0xa5,0x08,0xa5,0x08,0xa5,0x08,0xa5,0x08,0xa5,0x08,0xa5,0x08,
    0xa5,0x08,0xa5,0x08,0xa5,0x08,0xa5,0x08,0xa5,0x08,0xa5,0x08,0xa5,0x08,0xa5,0x08,
    0xa5,0x08,0xa5,0x08,0xa5,0x08,0xa5,0x08,0xa5,0x08,0xa5,0x08,0xa5,0x08,0xa5,0x08,
    0xa5,0x08,0xa5,0x08,0xa5,0x08,0xa5,0x08,0xa5,0x08,0xa5,0x08,0xa5,0x08,0xa5,0x08,
    0xc5,0x10,0xa5,0x08,0xc5,0x10,0x0d,0xa2,0x71,0xda,0x70,0xca,0x71,0xca,0x71,0xc2,
    0x71,0xc2,0x71,0xc2,0x72,0xc2,0x72,0xc2,0x72,0xc2,0x72,0xc2,0x72,0xba,0x93,0xd2,
    0x0f,0x92,0xc5,0x10,0xa4,0x08,0xc5,0x10,0xa5,0x08,0xa5,0x08,0xa5,0x08,0xa5,0x08,
    0xa5,0x08,0xa5,0x08,0xa5,0x08,0xa5,0x08,0xa5,0x08,0xa5,0x08,0xa5,0x08,0xa5,0x08,
    0xa5,0x08,0xa5,0x08,0xc5,0x10,0xa4,0x00,0x27,0x49,0x6e,0xe2,0x4e,0xd2,0x4e,0xd2,
    0x4e,0xd2,0x4e,0xd2,0x4e,0xd2,0x4d,0xd2,0x4d,0xda,0x4d,0xd2,0x6d,0xe2,0x27,0x49,
    0xa4,0x00,0xc5,0x10,0xa5,0x08,0xa5,0x08,0xa5,0x08,0xa5,0x08,0xa5,0x08,0xa5,0x08,
    0xa5,0x08,0xa5,0x08,0xa5,0x08,0xa5,0x08,0xa5,0x08,0xa5,0x08,0xa5,0x08,0xa5,0x08,
    0xa5,0x08,0xa5,0x08,0xa5,0x08,0xa5,0x08,0xa5,0x08,0xa5,0x08,0xa5,0x08,0xa5,0x08,
    0xa5,0x08,0xa5,0x08,0xa5,0x08,0xa5,0x08,0xa5,0x08,0xa5,0x08,0xa5,0x08,0xa5,0x08,
    0xa5,0x08,0xa5,0x08,0xa5,0x08,0xa5,0x08,0xa5,0x08,0xa5,0x08,0xa5,0x08,0xa5,0x08,
    0xa5,0x08,0xa5,0x08,0xa5,0x08,0xa5,0x08,0xa5,0x08,0xa5,0x08,0xa5,0x08,0xa5,0x08,
    0xa5,0x08,0xa5,0x08,0xa5,0x08,0xa5,0x08,0xa5,0x08,0xa5,0x08,0xa5,0x08,0xa5,0x08,
    0xa5,0x08,0xa5,0x08,0xa5,0x08,0xa5,0x08,0xa5,0x08,0xa5,0x08,0xa5,0x08,0xa5,0x08,
    0xa5,0x08,0xa5,0x08,0xa5,0x08,0xa5,0x08,0xa5,0x08,0xa5,0x08,0xa5,0x08,0xa5,0x08,
    0xa5,0x08,0xa5,0x08,0xa5,0x08,0xa5,0x08,0xa5,0x08,0xa5,0x08,0xa5,0x08,0xa5,0x08,
    0xa5,0x08,0xa5,0x08,0xa5,0x08,0xa5,0x08,0xa5,0x08,0xa5,0x08,0xa5,0x08,0xa5,0x08,
    0xa5,0x08,0xa5,0x08,0xa5,0x08,0xa5,0x08,0xa5,0x08,0xa5,0x08,0xa5,0x08,0xa5,0x08,
    0xa5,0x08,0xa5,0x08,0xa5,0x08,0xa5,0x08,0xa5,0x08,0xa5,0x08,0xa5,0x08,0xa5,0x08,
    0xa5,0x08,0xa5,0x08,0xa5,0x08,0xa5,0x08,0xa5,0x08,0xa5,0x08,0xa5,0x08,0xa5,0x08,
    0xa5,0x08,0xa5,0x08,0xa5,0x08,0xa5,0x08,0xa5,0x08,0xa5,0x08,0xa5,0x08,0xa5,0x08,
    0xa5,0x08,0xa5,0x08,0xa5,0x08,0xa5,0x08,0xa5,0x08,0xa5,0x08,0xa5,0x08,0xa5,0x08,
    0xa5,0x08,0xa5,0x08,0xa5,0x08,0xa5,0x08,0xa5,0x08,0xa5,0x08,0xa5,0x08,0xa5,0x08,
    0xa5,0x08,0xa5,0x08,0xa5,0x08,0xa5,0x08,0xa5,0x08,0xa5,0x08,0xa5,0x08,0xa5,0x08,
    0xa5,0x08,0xa5,0x08,0xa5,0x08,0xa5,0x08,0xa5,0x08,0xa5,0x08,0xa5,0x08,0xa5,0x08,
    0xa5,0x08,0xa5,0x08,0xa5,0x08,0xa5,0x08,0xa5,0x08,0xa5,0x08,0xa5,0x08,0xa5,0x08,
    0xa5,0x08,0xa5,0x08,0xa5,0x08,0xa5,0x08,0xa5,0x08,0xa5,0x08,0xa5,0x08,0xa5,0x08,
    0xa5,0x08,0xa5,0x08,0xa5,0x08,0xa5,0x08,0xa5,0x08,0xc5,0x10,0xa5,0x08,0xc5,0x10,
    0x0d,0xa2,0x71,0xd2,0x71,0xc2,0x71,0xc2,0x71,0xc2,0x71,0xc2,0x72,0xc2,0x72,0xc2,
    0x72,0xc2,0x72,0xc2,0x72,0xc2,0x72,0xba,0x94,0xca,0x0f,0x9a,0xa5,0x10,0xa5,0x08,
    0xc5,0x10,0xa5,0x08,0xa5,0x08,0xa5,0x08,0xa5,0x08,0xa5,0x08,0xa5,0x08,0xa5,0x08,
    0xa5,0x08,0xa5,0x08,0xa5,0x08,0xa5,0x08,0xa5,0x08,0xa5,0x08,0xa5,0x10,0xa4,0x00,
    0xeb,0xa1,0x6e,0xda,0x4e,0xd2,0x4e,0xd2,0x4e,0xd2,0x4e,0xd2,0x4e,0xd2,0x4e,0xd2,
    0x4d,0xd2,0x6d,0xda,0x0b,0xba,0xc5,0x10,0xa5,0x08,0xa5,0x08,0xa5,0x08,0xa5,0x08,
    0xa5,0x08,0xa5,0x08,0xa5,0x08,0xa5,0x08,0xa5,0x08,0xa5,0x08,0xa5,0x08,0xa5,0x08,
    0xa5,0x08,0xa5,0x08,0xa5,0x08,0xa5,0x08,0xa5,0x08,0xa5,0x08,0xa5,0x08,0xa5,0x08,
    0xa5,0x08,0xa5,0x08,0xa5,0x08,0xa5,0x08,0xa5,0x08,0xa5,0x08,0xa5,0x08,0xa5,0x08,
    0xa5,0x08,0xa5,0x08,0xa5,0x08,0xa5,0x08,0xa5,0x08,0xa5,0x08,0xa5,0x08,0xa5,0x08,
    0xa5,0x08,0xa5,0x08,0xa5,0x08,0xa5,0x08,0xa5,0x08,0xa5,0x08,0xa5,0x08,0xa5,0x08,
    0xa5,0x08,0xa5,0x08,0xa5,0x08,0xa5,0x08,0xa5,0x08,0xa5,0x08,0xa5,0x08,0xa5,0x08,
    0xa5,0x08,0xa5,0x08,0xa5,0x08,0xa5,0x08,0xa5,0x08,0xa5,0x08,0xa5,0x08,0xa5,0x08,
    0xa5,0x08,0xa5,0x08,0xa5,0x08,0xa5,0x08,0xa5,0x08,0xa5,0x08,0xa5,0x08,0xa5,0x08,
    0xa5,0x08,0xa5,0x08,0xa5,0x08,0xa5,0x08,0xa5,0x08,0xa5,0x08,0xa5,0x08,0xa5,0x08,
    0xa5,0x08,0xa5,0x08,0xa5,0x08,0xa5,0x08,0xa5,0x08,0xa5,0x08,0xa5,0x08,0xa5,0x08,
    0xa5,0x08,0xa5,0x08,0xa5,0x08,0xa5,0x08,0xa5,0x08,0xa5,0x08,0xa5,0x08,0xa5,0x08,
    0xa5,0x08,0xa5,0x08,0xa5,0x08,0xa5,0x08,0xa5,0x08,0xa5,0x08,0xa5,0x08,0xa5,0x08,
    0xa5,0x08,0xa5,0x08,0xa5,0x08,0xa5,0x08,0xa5,0x08,0xa5,0x08,0xa5,0x08,0xa5,0x08,
    0xa5,0x08,0xa5,0x08,0xa5,0x08,0xa5,0x08,0xa5,0x08,0xa5,0x08,0xa5,0x08,0xa5,0x08,
    0xa5,0x08,0xa5,0x08,0xa5,0x08,0xa5,0x08,0xa5,0x08,0xa5,0x08,0xa5,0x08,0xa5,0x08,
    0xa5,0x08,0xa5,0x08,0xa5,0x08,0xa5,0x08,0xa5,0x08,0xa5,0x08,0xa5,0x08,0xa5,0x08,
    0xa5,0x08,0xa5,0x08,0xa5,0x08,0xa5,0x08,0xa5,0x08,0xa5,0x08,0xa5,0x08,0xa5,0x08,
    0xa5,0x08,0xa5,0x08,0xa5,0x08,0xa5,0x08,0xa5,0x08,0xa5,0x08,0xa5,0x08,0xa5,0x08,
    0xa5,0x08,0xa5,0x08,0xa5,0x08,0xa5,0x08,0xa5,0x08,0xa5,0x08,0xa5,0x08,0xa5,0x08,
    0xa5,0x08,0xa5,0x08,0xa5,0x08,0xa5,0x08,0xa5,0x08,0xa5,0x08,0xa5,0x08,0xa5,0x08,
    0xa5,0x08,0xa5,0x08,0xa5,0x08,0xa5,0x08,0xa5,0x08,0xa5,0x08,0xa5,0x08,0xa5,0x08,
    0xa5,0x08,0xa5,0x08,0xc5,0x10,0xa5,0x08,0xa5,0x08,0x0e,0xa2,0x91,0xd2,0x71,0xc2,
    0x71,0xc2,0x72,0xc2,0x72,0xc2,0x72,0xc2,0x72,0xc2,0x72,0xc2,0x93,0xba,0x93,0xba,
    0x72,0xba,0x94,0xca,0x30,0x9a,0xa5,0x08,0xa5,0x08,0xc5,0x10,0xa5,0x08,0xa5,0x08,
    0xa5,0x08,0xa5,0x08,0xa5,0x08,0xa5,0x08,0xa5,0x08,0xa5,0x08,0xa5,0x08,0xa5,0x08,
    0xa5,0x08,0xc5,0x10,0xa4,0x00,0x27,0x41,0x6e,0xda,0x4e,0xd2,0x4e,0xd2,0x4e,0xd2,
    0x4e,0xd2,0x4e,0xd2,0x4e,0xd2,0x4e,0xd2,0x4d,0xd2,0x6e,0xe2,0x68,0x69,0x84,0x00,
    0xc5,0x10,0xa5,0x08,0xa5,0x08,0xa5,0x08,0xa5,0x08,0xa5,0x08,0xa5,0x08,0xa5,0x08,
    0xa5,0x08,0xa5,0x08,0xa5,0x08,0xa5,0x08,0xa5,0x08,0xa5,0x08,0xa5,0x08,0xa5,0x08,
    0xa5,0x08,0xa5,0x08,0xa5,0x08,0xa5,0x08,0xa5,0x08,0xa5,0x08,0xa5,0x08,0xa5,0x08,
    0xa5,0x08,0xa5,0x08,0xa5,0x08,0xa5,0x08,0xa5,0x08,0xa5,0x08,0xa5,0x08,0xa5,0x08,
    0xa5,0x08,0xa5,0x08,0xa5,0x08,0xa5,0x08,0xa5,0x08,0xa5,0x08,0xa5,0x08,0xa5,0x08,
    0xa5,0x08,0xa5,0x08,0xa5,0x08,0xa5,0x08,0xa5,0x08,0xa5,0x08,0xa5,0x08,0xa5,0x08,
    0xa5,0x08,0xa5,0x08,0xa5,0x08,0xa5,0x08,0xa5,0x08,0xa5,0x08,0xa5,0x08,0xa5,0x08,
    0xa5,0x08,0xa5,0x08,0xa5,0x08,0xa5,0x08,0xa5,0x08,0xa5,0x08,0xa5,0x08,0xa5,0x08,
    0xa5,0x08,0xa5,0x08,0xa5,0x08,0xa5,0x08,0xa5,0x08,0xa5,0x08,0xa5,0x08,0xa5,0x08,
    0xa5,0x08,0xa5,0x08,0xa5,0x08,0xa5,0x08,0xa5,0x08,0xa5,0x08,0xa5,0x08,0xa5,0x08,
    0xa5,0x08,0xa5,0x08,0xa5,0x08,0xa5,0x08,0xa5,0x08,0xa5,0x08,0xa5,0x08,0xa5,0x08,
    0xa5,0x08,0xa5,0x08,0xa5,0x08,0xa5,0x08,0xa5,0x08,0xa5,0x08,0xa5,0x08,0xa5,0x08,
    0xa5,0x08,0xa5,0x08,0xa5,0x08,0xa5,0x08,0xa5,0x08,0xa5,0x08,0xa5,0x08,0xa5,0x08,
    0xa5,0x08,0xa5,0x08,0xa5,0x08,0xa5,0x08,0xa5,0x08,0xa5,0x08,0xa5,0x08,0xa5,0x08,
    0xa5,0x08,0xa5,0x08,0xa5,0x08,0xa5,0x08,0xa5,0x08,0xa5,0x08,0xa5,0x08,0xa5,0x08,
    0xa5,0x08,0xa5,0x08,0xa5,0x08,0xa5,0x08,0xa5,0x08,0xa5,0x08,0xa5,0x08,0xa5,0x08,
    0xa5,0x08,0xa5,0x08,0xa5,0x08,0xa5,0x08,0xa5,0x08,0xa5,0x08,0xa5,0x08,0xa5,0x08,
    0xa5,0x08,0xa5,0x08,0xa5,0x08,0xa5,0x08,0xa5,0x08,0xa5,0x08,0xa5,0x08,0xa5,0x08,
    0xa5,0x08,0xa5,0x08,0xa5,0x08,0xa5,0x08,0xa5,0x08,0xa5,0x08,0xa5,0x08,0xa5,0x08,
    0xa5,0x08,0xa5,0x08,0xa5,0x08,0xa5,0x08,0xa5,0x08,0xa5,0x08,0xa5,0x08,0xa5,0x08,
    0xa5,0x08,0xa5,0x08,0xa5,0x08,0xa5,0x08,0xa5,0x08,0xa5,0x08,0xa5,0x08,0xa5,0x08,
    0xa5,0x08,0xa5,0x08,0xa5,0x08,0xa5,0x08,0xa5,0x08,0xa5,0x08,0xa5,0x08,0xc5,0x10,
    0xa5,0x08,0xc5,0x10,0x0e,0x9a,0x92,0xd2,0x71,0xc2,0x72,0xc2,0x72,0xc2,0x72,0xc2,
    0x72,0xc2,0x93,0xba,0x93,0xba,0x93,0xba,0x93,0xba,0x73,0xba,0x94,0xc2,0x30,0x9a,
    0xc5,0x10,0xa4,0x08,0xc5,0x10,0xa5,0x08,0xa5,0x08,0xa5,0x08,0xa5,0x08,0xa5,0x08,
    0xa5,0x08,0xa5,0x08,0xa5,0x08,0xa5,0x08,0xa5,0x08,0xa5,0x08,0xa5,0x08,0x0d,0xb2,
    0x6f,0xda,0x4e,0xd2,0x4e,0xd2,0x4e,0xd2,0x4e,0xd2,0x4e,0xd2,0x4e,0xd2,0x4e,0xd2,
    0x4e,0xda,0x4d,0xca,0xe6,0x20,0xa5,0x08,0xa5,0x10,0xa5,0x08,0xa5,0x08,0xa5,0x08,
    0xa5,0x08,0xa5,0x08,0xa5,0x08,0xa5,0x08,0xa5,0x08,0xa5,0x08,0xa5,0x08,0xa5,0x08,
    0xa5,0x08,0xa5,0x08,0xa5,0x08,0xa5,0x08,0xa5,0x08,0xa5,0x08,0xa5,0x08,0xa5,0x08,
    0xa5,0x08,0xa5,0x08,0xa5,0x08,0xa5,0x08,0xa5,0x08,0xa5,0x08,0xa5,0x08,0xa5,0x08,
    0xa5,0x08,0xa5,0x08,0xa5,0x08,0xa5,0x08,0xa5,0x08,0xa5,0x08,0xa5,0x08,0xa5,0x08,
    0xa5,0x08,0xa5,0x08,0xa5,0x08,0xa5,0x08,0xa5,0x08,0xa5,0x08,0xa5,0x08,0xa5,0x08,
    0xa5,0x08,0xa5,0x08,0xa5,0x08,0xa5,0x08,0xa5,0x08,0xa5,0x08,0xa5,0x08,0xa5,0x08,
    0xa5,0x08,0xa5,0x08,0xa5,0x08,0xa5,0x08,0xa5,0x08,0xa5,0x08,0xa5,0x08,0xa5,0x08,
    0xa5,0x08,0xa5,0x08,0xa5,0x08,0xa5,0x08,0xa5,0x08,0xa5,0x08,0xa5,0x08,0xa5,0x08,
    0xa5,0x08,0xa5,0x08,0xa5,0x08,0xa5,0x08,0xa5,0x08,0xa5,0x08,0xa5,0x08,0xa5,0x08,
    0xa5,0x08,0xa5,0x08,0xa5,0x08,0xa5,0x08,0xa5,0x08,0xa5,0x08,0xa5,0x08,0xa5,0x08,
    0xa5,0x08,0xa5,0x08,0xa5,0x08,0xa5,0x08,0xa5,0x08,0xa5,0x08,0xa5,0x08,0xa5,0x08,
    0xa5,0x08,0xa5,0x08,0xa5,0x08,0xa5,0x08,0xa5,0x08,0xa5,0x08,0xa5,0x08,0xa5,0x08,
    0xa5,0x08,0xa5,0x08,0xa5,0x08,0xa5,0x08,0xa5,0x08,0xa5,0x08,0xa5,0x08,0xa5,0x08,
    0xa5,0x08,0xa5,0x08,0xa5,0x08,0xa5,0x08,0xa5,0x08,0xa5,0x08,0xa5,0x08,0xa5,0x08,
    0xa5,0x08,0xa5,0x08,0xa5,0x08,0xa5,0x08,0xa5,0x08,0xa5,0x08,0xa5,0x08,0xa5,0x08,
    0xa5,0x08,0xa5,0x08,0xa5,0x08,0xa5,0x08,0xa5,0x08,0xa5,0x08,0xa5,0x08,0xa5,0x08,
    0xa5,0x08,0xa5,0x08,0xa5,0x08,0xa5,0x08,0xa5,0x08,0xa5,0x08,0xa5,0x08,0xa5,0x08,
    0xa5,0x08,0xa5,0x08,0xa5,0x08,0xa5,0x08,0xa5,0x08,0xa5,0x08,0xa5,0x08,0xa5,0x08,
    0xa5,0x08,0xa5,0x08,0xa5,0x08,0xa5,0x08,0xa5,0x08,0xa5,0x08,0xa5,0x08,0xa5,0x08,
    0xa5,0x08,0xa5,0x08,0xa5,0x08,0xa5,0x08,0xa5,0x08,0xa5,0x08,0xa5,0x08,0xa5,0x08,
    0xa5,0x08,0xa5,0x08,0xa5,0x08,0xa5,0x08,0xa5,0x08,0xa5,0x08,0xa5,0x08,0xa5,0x08,
    0xa5,0x08,0xa5,0x08,0xa5,0x08,0xa5,0x08,0xc5,0x10,0xa5,0x08,0xc5,0x10,0x0e,0x9a,
    0x92,0xd2,0x72,0xba,0x72,0xc2,0x72,0xc2,0x93,0xba,0x93,0xba,0x93,0xba,0x93,0xba,
    0x93,0xba,0x94,0xba,0x73,0xba,0xb4,0xc2,0x10,0x92,0xc5,0x10,0xa4,0x08,0xc5,0x10,
    0xa5,0x08,0xa5,0x08,0xa5,0x08,0xa5,0x08,0xa5,0x08,0xa5,0x08,0xa5,0x08,0xa5,0x08,
    0xc5,0x10,0xa4,0x00,0x69,0x61,0x6f,0xda,0x4f,0xca,0x4f,0xd2,0x4f,0xd2,0x4f,0xd2,
    0x4f,0xd2,0x4e,0xd2,0x4e,0xd2,0x4e,0xd2,0x6e,0xe2,0xcb,0x99,0xa4,0x00,0xa5,0x10,
    0xa5,0x08,0xa5,0x08,0xa5,0x08,0xa5,0x08,0xa5,0x08,0xa5,0x08,0xa5,0x08,0xa5,0x08,
    0xa5,0x08,0xa5,0x08,0xa5,0x08,0xa5,0x08,0xa5,0x08,0xa5,0x08,0xa5,0x08,0xa5,0x08,
    0xa5,0x08,0xa5,0x08,0xa5,0x08,0xa5,0x08,0xa5,0x08,0xa5,0x08,0xa5,0x08,0xa5,0x08,
    0xa5,0x08,0xa5,0x08,0xa5,0x08,0xa5,0x08,0xa5,0x08,0xa5,0x08,0xa5,0x08,0xa5,0x08,
    0xa5,0x08,0xa5,0x08,0xa5,0x08,0xa5,0x08,0xa5,0x08,0xa5,0x08,0xa5,0x08,0xa5,0x08,
    0xa5,0x08,0xa5,0x08,0xa5,0x08,0xa5,0x08,0xa5,0x08,0xa5,0x08,0xa5,0x08,0xa5,0x08,
    0xa5,0x08,0xa5,0x08,0xa5,0x08,0xa5,0x08,0xa5,0x08,0xa5,0x08,0xa5,0x08,0xa5,0x08,
    0xa5,0x08,0xa5,0x08,0xa5,0x08,0xa5,0x08,0xa5,0x08,0xa5,0x08,0xa5,0x08,0xa5,0x08,
    0xa5,0x08,0xa5,0x08,0xa5,0x08,0xa5,0x08,0xa5,0x08,0xa5,0x08,0xa5,0x08,0xa5,0x08,
    0xa5,0x08,0xa5,0x08,0xa5,0x08,0xa5,0x08,0xa5,0x08,0xa5,0x08,0xa5,0x08,0xa5,0x08,
    0xa5,0x08,0xa5,0x08,0xa5,0x08,0xa5,0x08,0xa5,0x08,0xa5,0x08,0xa5,0x08,0xa5,0x08,
    0xa5,0x08,0xa5,0x08,0xa5,0x08,0xa5,0x08,0xa5,0x08,0xa5,0x08,0xa5,0x08,0xa5,0x08,
    0xa5,0x08,0xa5,0x08,0xa5,0x08,0xa5,0x08,0xa5,0x08,0xa5,0x08,0xa5,0x08,0xa5,0x08,
    0xa5,0x08,0xa5,0x08,0xa5,0x08,0xa5,0x08,0xa5,0x08,0xa5,0x08,0xa5,0x08,0xa5,0x08,
    0xa5,0x08,0xa5,0x08,0xa5,0x08,0xa5,0x08,0xa5,0x08,0xa5,0x08,0xa5,0x08,0xa5,0x08,
    0xa5,0x08,0xa5,0x08,0xa5,0x08,0xa5,0x08,0xa5,0x08,0xa5,0x08,0xa5,0x08,0xa5,0x08,
    0xa5,0x08,0xa5,0x08,0xa5,0x08,0xa5,0x08,0xa5,0x08,0xa5,0x08,0xa5,0x08,0xa5,0x08,
    0xa5,0x08,0xa5,0x08,0xa5,0x08,0xa5,0x08,0xa5,0x08,0xa5,0x08,0xa5,0x08,0xa5,0x08,
    0xa5,0x08,0xa5,0x08,0xa5,0x08,0xa5,0x08,0xa5,0x08,0xa5,0x08,0xa5,0x08,0xa5,0x08,
    0xa5,0x08,0xa5,0x08,0xa5,0x08,0xa5,0x08,0xa5,0x08,0xa5,0x08,0xa5,0x08,0xa5,0x08,
    0xa5,0x08,0xa5,0x08,0xa5,0x08,0xa5,0x08,0xa5,0x08,0xa5,0x08,0xa5,0x08,0xa5,0x08,
    0xa5,0x08,0xa5,0x08,0xa5,0x08,0xa5,0x08,0xa5,0x08,0xa5,0x08,0xa5,0x08,0xa5,0x08,
    0xa5,0x08,0xc5,0x10,0xa4,0x08,0xc5,0x10,0x0e,0x9a,0x93,0xca,0x72,0xba,0x73,0xc2,
    0x93,0xba,0x93,0xba,0x93,0xba,0x93,0xba,0x94,0xba,0x94,0xba,0x94,0xba,0x94,0xb2,
    0xb5,0xc2,0x10,0x92,0xc5,0x10,0xa4,0x08,0xc5,0x10,0xa5,0x08,0xa5,0x08,0xa5,0x08,
    0xa5,0x08,0xa5,0x08,0xa5,0x08,0xa5,0x10,0xa5,0x08,0xc5,0x18,0x4e,0xc2,0x6f,0xd2,
    0x6f,0xca,0x6f,0xd2,0x6f,0xd2,0x6f,0xd2,0x4f,0xd2,0x4f,0xd2,0x4e,0xd2,0x4e,0xd2,
    0x6e,0xe2,0x27,0x41,0xa4,0x00,0xc5,0x10,0xa5,0x08,0xa5,0x08,0xa5,0x08,0xa5,0x08,
    0xa5,0x08,0xa5,0x08,0xa5,0x08,0xa5,0x08,0xa5,0x08,0xa5,0x08,0xa5,0x08,0xa5,0x08,
    0xa5,0x08,0xa5,0x08,0xa5,0x08,0xa5,0x08,0xa5,0x08,0xa5,0x08,0xa5,0x08,0xa5,0x08,
    0xa5,0x08,0xa5,0x08,0xa5,0x08,0xa5,0x08,0xa5,0x08,0xa5,0x08,0xa5,0x08,0xa5,0x08,
    0xa5,0x08,0xa5,0x08,0xa5,0x08,0xa5,0x08,0xa5,0x08,0xa5,0x08,0xa5,0x08,0xa5,0x08,
    0xa5,0x08,0xa5,0x08,0xa5,0x08,0xa5,0x08,0xa5,0x08,0xa5,0x08,0xa5,0x08,0xa5,0x08,
    0xa5,0x08,0xa5,0x08,0xa5,0x08,0xa5,0x08,0xa5,0x08,0xa5,0x08,0xa5,0x08,0xa5,0x08,
    0xa5,0x08,0xa5,0x08,0xa5,0x08,0xa5,0x08,0xa5,0x08,0xa5,0x08,0xa5,0x08,0xa5,0x08,
    0xa5,0x08,0xa5,0x08,0xa5,0x08,0xa5,0x08,0xa5,0x08,0xa5,0x08,0xa5,0x08,0xa5,0x08,
    0xa5,0x08,0xa5,0x08,0xa5,0x08,0xa5,0x08,0xa5,0x08,0xa5,0x08,0xa5,0x08,0xa5,0x08,
    0xa5,0x08,0xa5,0x08,0xa5,0x08,0xa5,0x08,0xa5,0x08,0xa5,0x08,0xa5,0x08,0xa5,0x08,
    0xa5,0x08,0xa5,0x08,0xa5,0x08,0xa5,0x08,0xa5,0x08,0xa5,0x08,0xa5,0x08,0xa5,0x08,
    0xa5,0x08,0xa5,0x08,0xa5,0x08,0xa5,0x08,0xa5,0x08,0xa5,0x08,0xa5,0x08,0xa5,0x08,
    0xa5,0x08,0xa5,0x08,0xa5,0x08,0xa5,0x08,0xa5,0x08,0xa5,0x08,0xa5,0x08,0xa5,0x08,
    0xa5,0x08,0xa5,0x08,0xa5,0x08,0xa5,0x08,0xa5,0x08,0xa5,0x08,0xa5,0x08,0xa5,0x08,
    0xa5,0x08,0xa5,0x08,0xa5,0x08,0xa5,0x08,0xa5,0x08,0xa5,0x08,0xa5,0x08,0xa5,0x08,
    0xa5,0x08,0xa5,0x08,0xa5,0x08,0xa5,0x08,0xa5,0x08,0xa5,0x08,0xa5,0x08,0xa5,0x08,
    0xa5,0x08,0xa5,0x08,0xa5,0x08,0xa5,0x08,0xa5,0x08,0xa5,0x08,0xa5,0x08,0xa5,0x08,
    0xa5,0x08,0xa5,0x08,0xa5,0x08,0xa5,0x08,0xa5,0x08,0xa5,0x08,0xa5,0x08,0xa5,0x08,
    0xa5,0x08,0xa5,0x08,0xa5,0x08,0xa5,0x08,0xa5,0x08,0xa5,0x08,0xa5,0x08,0xa5,0x08,
    0xa5,0x08,0xa5,0x08,0xa5,0x08,0xa5,0x08,0xa5,0x08,0xa5,0x08,0xa5,0x08,0xa5,0x08,
    0xa5,0x08,0xa5,0x08,0xa5,0x08,0xa5,0x08,0xa5,0x08,0xa5,0x08,0xa5,0x08,0xa5,0x08,
    0xa5,0x08,0xa5,0x08,0xa5,0x08,0xa5,0x08,0xa5,0x08,0xa5,0x08,0xc5,0x10,0xa4,0x08,
    0xa5,0x10,0x0f,0x9a,0x93,0xca,0x72,0xba,0x93,0xba,0x93,0xba,0x93,0xba,0x94,0xba,
    0x94,0xba,0x94,0xba,0x94,0xba,0x94,0xba,0x74,0xb2,0xb6,0xc2,0x31,0x92,0xa5,0x10,
    0xa5,0x08,0xc5,0x10,0xa5,0x08,0xa5,0x08,0xa5,0x08,0xa5,0x08,0xa5,0x08,0xc5,0x10,
    0xa4,0x00,0xab,0x79,0x70,0xda,0x4f,0xca,0x6f,0xca,0x6f,0xca,0x6f,0xca,0x6f,0xd2,
    0x6f,0xd2,0x4f,0xd2,0x4e,0xd2,0x6f,0xda,0xcb,0x91,0xa4,0x00,0xc5,0x10,0xa5,0x08,
    0xa5,0x08,0xa5,0x08,0xa5,0x08,0xa5,0x08,0xa5,0x08,0xa5,0x08,0xa5,0x08,0xa5,0x08,
    0xa5,0x08,0xa5,0x08,0xa5,0x08,0xa5,0x08,0xa5,0x08,0xa5,0x08,0xa5,0x08,0xa5,0x08,
    0xa5,0x08,0xa5,0x08,0xa5,0x08,0xa5,0x08,0xa5,0x08,0xa5,0x08,0xa5,0x08,0xa5,0x08,
    0xa5,0x08,0xa5,0x08,0xa5,0x08,0xa5,0x08,0xa5,0x08,0xa5,0x08,0xa5,0x08,0xa5,0x08,
    0xa5,0x08,0xa5,0x08,0xa5,0x08,0xa5,0x08,0xa5,0x08,0xa5,0x08,0xa5,0x08,0xa5,0x08,
    0xa5,0x08,0xa5,0x08,0xa5,0x08,0xa5,0x08,0xa5,0x08,0xa5,0x08,0xa5,0x08,0xa5,0x08,
    0xa5,0x08,0xa5,0x08,0xa5,0x08,0xa5,0x08,0xa5,0x08,0xa5,0x08,0xa5,0x08,0xa5,0x08,
    0xa5,0x08,0xa5,0x08,0xa5,0x08,0xa5,0x08,0xa5,0x08,0xa5,0x08,0xa5,0x08,0xa5,0x08,
    0xa5,0x08,0xa5,0x08,0xa5,0x08,0xa5,0x08,0xa5,0x08,0xa5,0x08,0xa5,0x08,0xa5,0x08,
    0xa5,0x08,0xa5,0x08,0xa5,0x08,0xa5,0x08,0xa5,0x08,0xa5,0x08,0xa5,0x08,0xa5,0x08,
    0xa5,0x08,0xa5,0x08,0xa5,0x08,0xa5,0x08,0xa5,0x08,0xa5,0x08,0xa5,0x08,0xa5,0x08,
    0xa5,0x08,0xa5,0x08,0xa5,0x08,0xa5,0x08,0xa5,0x08,0xa5,0x08,0xa5,0x08,0xa5,0x08,
    0xa5,0x08,0xa5,0x08,0xa5,0x08,0xa5,0x08,0xa5,0x08,0xa5,0x08,0xa5,0x08,0xa5,0x08,
    0xa5,0x08,0xa5,0x08,0xa5,0x08,0xa5,0x08,0xa5,0x08,0xa5,0x08,0xa5,0x08,0xa5,0x08,
    0xa5,0x08,0xa5,0x08,0xa5,0x08,0xa5,0x08,0xa5,0x08,0xa5,0x08,0xa5,0x08,0xa5,0x08,
    0xa5,0x08,0xa5,0x08,0xa5,0x08,0xa5,0x08,0xa5,0x08,0xa5,0x08,0xa5,0x08,0xa5,0x08,
    0xa5,0x08,0xa5,0x08,0xa5,0x08,0xa5,0x08,0xa5,0x08,0xa5,0x08,0xa5,0x08,0xa5,0x08,
    0xa5,0x08,0xa5,0x08,0xa5,0x08,0xa5,0x08,0xa5,0x08,0xa5,0x08,0xa5,0x08,0xa5,0x08,
    0xa5,0x08,0xa5,0x08,0xa5,0x08,0xa5,0x08,0xa5,0x08,0xa5,0x08,0xa5,0x08,0xa5,0x08,
    0xa5,0x08,0xa5,0x08,0xa5,0x08,0xa5,0x08,0xa5,0x08,0xa5,0x08,0xa5,0x08,0xa5,0x08,
    0xa5,0x08,0xa5,0x08,0xa5,0x08,0xa5,0x08,0xa5,0x08,0xa5,0x08,0xa5,0x08,0xa5,0x08,
    0xa5,0x08,0xa5,0x08,0xa5,0x08,0xa5,0x08,0xa5,0x08,0xa5,0x08,0xa5,0x08,0xa5,0x08,
    0xa5,0x08,0xa5,0x08,0xa5,0x08,0xc5,0x10,0xa5,0x08,0xa5,0x08,0x0f,0x9a,0x93,0xca,
    0x73,0xba,0x93,0xba,0x94,0xba,0x94,0xba,0x94,0xba,0x94,0xba,0x94,0xba,0x95,0xb2,
    0x95,0xb2,0x94,0xb2,0xb6,0xc2,0x31,0x92,0xa5,0x08,0xa5,0x08,0xc5,0x10,0xa5,0x08,
    0xa5,0x08,0xa5,0x08,0xc5,0x10,0xa4,0x00,0xe6,0x28,0x6f,0xd2,0x70,0xca,0x70,0xca,
    0x70,0xca,0x70,0xca,0x6f,0xca,0x6f,0xca,0x6f,0xca,0x4f,0xd2,0x4f,0xd2,0x4e,0xd2,
    0xe6,0x28,0xa4,0x00,0xc5,0x10,0xa5,0x08,0xa5,0x08,0xa5,0x08,0xa5,0x08,0xa5,0x08,
    0xa5,0x08,0xa5,0x08,0xa5,0x08,0xa5,0x08,0xa5,0x08,0xa5,0x08,0xa5,0x08,0xa5,0x08,
    0xa5,0x08,0xa5,0x08,0xa5,0x08,0xa5,0x08,0xa5,0x08,0xa5,0x08,0xa5,0x08,0xa5,0x08,
    0xa5,0x08,0xa5,0x08,0xa5,0x08,0xa5,0x08,0xa5,0x08,0xa5,0x08,0xa5,0x08,0xa5,0x08,
    0xa5,0x08,0xa5,0x08,0xa5,0x08,0xa5,0x08,0xa5,0x08,0xa5,0x08,0xa5,0x08,0xa5,0x08,
    0xa5,0x08,0xa5,0x08,0xa5,0x08,0xa5,0x08,0xa5,0x08,0xa5,0x08,0xa5,0x08,0xa5,0x08,
    0xa5,0x08,0xa5,0x08,0xa5,0x08,0xa5,0x08,0xa5,0x08,0xa5,0x08,0xa5,0x08,0xa5,0x08,
    0xa5,0x08,0xa5,0x08,0xa5,0x08,0xa5,0x08,0xa5,0x08,0xa5,0x08,0xa5,0x08,0xa5,0x08,
    0xa5,0x08,0xa5,0x08,0xa5,0x08,0xa5,0x08,0xa5,0x08,0xa5,0x08,0xa5,0x08,0xa5,0x08,
    0xa5,0x08,0xa5,0x08,0xa5,0x08,0xa5,0x08,0xa5,0x08,0xa5,0x08,0xa5,0x08,0xa5,0x08,
    0xa5,0x08,0xa5,0x08,0xa5,0x08,0xa5,0x08,0xa5,0x08,0xa5,0x08,0xa5,0x08,0xa5,0x08,
    0xa5,0x08,0xa5,0x08,0xa5,0x08,0xa5,0x08,0xa5,0x08,0xa5,0x08,0xa5,0x08,0xa5,0x08,
    0xa5,0x08,0xa5,0x08,0xa5,0x08,0xa5,0x08,0xa5,0x08,0xa5,0x08,0xa5,0x08,0xa5,0x08,
    0xa5,0x08,0xa5,0x08,0xa5,0x08,0xa5,0x08,0xa5,0x08,0xa5,0x08,0xa5,0x08,0xa5,0x08,
    0xa5,0x08,0xa5,0x08,0xa5,0x08,0xa5,0x08,0xa5,0x08,0xa5,0x08,0xa5,0x08,0xa5,0x08,
    0xa5,0x08,0xa5,0x08,0xa5,0x08,0xa5,0x08,0xa5,0x08,0xa5,0x08,0xa5,0x08,0xa5,0x08,
    0xa5,0x08,0xa5,0x08,0xa5,0x08,0xa5,0x08,0xa5,0x08,0xa5,0x08,0xa5,0x08,0xa5,0x08,
    0xa5,0x08,0xa5,0x08,0xa5,0x08,0xa5,0x08,0xa5,0x08,0xa5,0x08,0xa5,0x08,0xa5,0x08,
    0xa5,0x08,0xa5,0x08,0xa5,0x08,0xa5,0x08,0xa5,0x08,0xa5,0x08,0xa5,0x08,0xa5,0x08,
    0xa5,0x08,0xa5,0x08,0xa5,0x08,0xa5,0x08,0xa5,0x08,0xa5,0x08,0xa5,0x08,0xa5,0x08,
    0xa5,0x08,0xa5,0x08,0xa5,0x08,0xa5,0x08,0xa5,0x08,0xa5,0x08,0xa5,0x08,0xa5,0x08,
    0xa5,0x08,0xa5,0x08,0xa5,0x08,0xa5,0x08,0xa5,0x08,0xa5,0x08,0xa5,0x08,0xa5,0x08,
    0xa5,0x08,0xa5,0x08,0xa5,0x08,0xa5,0x08,0xa5,0x08,0xa5,0x08,0xa5,0x08,0xa5,0x08,
    0xc5,0x10,0xa5,0x08,0xa5,0x10,0x0f,0x9a,0xb4,0xca,0x73,0xba,0x94,0xba,0x94,0xba,
    0x94,0xba,0x94,0xba,0x95,0xb2,0x95,0xb2,0x95,0xb2,0x95,0xb2,0x95,0xb2,0xb6,0xba,
    0x32,0x92,0xa5,0x10,0xa4,0x08,0xc5,0x10,0xa5,0x08,0xa5,0x10,0xa5,0x08,0xa5,0x08,
    0x0d,0xa2,0x70,0xd2,0x70,0xca,0x70,0xca,0x70,0xca,0x70,0xca,0x70,0xca,0x6f,0xca,
    0x6f,0xca,0x4f,0xca,0x6f,0xda,0xab,0x89,0xa4,0x00,0xc5,0x10,0xa5,0x08,0xa5,0x08,
    0xa5,0x08,0xa5,0x08,0xa5,0x08,0xa5,0x08,0xa5,0x08,0xa5,0x08,0xa5,0x08,0xa5,0x08,
    0xa5,0x08,0xa5,0x08,0xa5,0x08,0xa5,0x08,0xa5,0x08,0xa5,0x08,0xa5,0x08,0xa5,0x08,
    0xa5,0x08,0xa5,0x08,0xa5,0x08,0xa5,0x08,0xa5,0x08,0xa5,0x08,0xa5,0x08,0xa5,0x08,
    0xa5,0x08,0xa5,0x08,0xa5,0x08,0xa5,0x08,0xa5,0x08,0xa5,0x08,0xa5,0x08,0xa5,0x08,
    0xa5,0x08,0xa5,0x08,0xa5,0x08,0xa5,0x08,0xa5,0x08,0xa5,0x08,0xa5,0x08,0xa5,0x08,
    0xa5,0x08,0xa5,0x08,0xa5,0x08,0xa5,0x08,0xa5,0x08,0xa5,0x08,0xa5,0x08,0xa5,0x08,
    0xa5,0x08,0xa5,0x08,0xa5,0x08,0xa5,0x08,0xa5,0x08,0xa5,0x08,0xa5,0x08,0xa5,0x08,
    0xa5,0x08,0xa5,0x08,0xa5,0x08,0xa5,0x08,0xa5,0x08,0xa5,0x08,0xa5,0x08,0xa5,0x08,
    0xa5,0x08,0xa5,0x08,0xa5,0x08,0xa5,0x08,0xa5,0x08,0xa5,0x08,0xa5,0x08,0xa5,0x08,
    0xa5,0x08,0xa5,0x08,0xa5,0x08,0xa5,0x08,0xa5,0x08,0xa5,0x08,0xa5,0x08,0xa5,0x08,
    0xa5,0x08,0xa5,0x08,0xa5,0x08,0xa5,0x08,0xa5,0x08,0xa5,0x08,0xa5,0x08,0xa5,0x08,
    0xa5,0x08,0xa5,0x08,0xa5,0x08,0xa5,0x08,0xa5,0x08,0xa5,0x08,0xa5,0x08,0xa5,0x08,
    0xa5,0x08,0xa5,0x08,0xa5,0x08,0xa5,0x08,0xa5,0x08,0xa5,0x08,0xa5,0x08,0xa5,0x08,
    0xa5,0x08,0xa5,0x08,0xa5,0x08,0xa5,0x08,0xa5,0x08,0xa5,0x08,0xa5,0x08,0xa5,0x08,
    0xa5,0x08,0xa5,0x08,0xa5,0x08,0xa5,0x08,0xa5,0x08,0xa5,0x08,0xa5,0x08,0xa5,0x08,
    0xa5,0x08,0xa5,0x08,0xa5,0x08,0xa5,0x08,0xa5,0x08,0xa5,0x08,0xa5,0x08,0xa5,0x08,
    0xa5,0x08,0xa5,0x08,0xa5,0x08,0xa5,0x08,0xa5,0x08,0xa5,0x08,0xa5,0x08,0xa5,0x08,
    0xa5,0x08,0xa5,0x08,0xa5,0x08,0xa5,0x08,0xa5,0x08,0xa5,0x08,0xa5,0x08,0xa5,0x08,
    0xa5,0x08,0xa5,0x08,0xa5,0x08,0xa5,0x08,0xa5,0x08,0xa5,0x08,0xa5,0x08,0xa5,0x08,
    0xa5,0x08,0xa5,0x08,0xa5,0x08,0xa5,0x08,0xa5,0x08,0xa5,0x08,0xa5,0x08,0xa5,0x08,
    0xa5,0x08,0xa5,0x08,0xa5,0x08,0xa5,0x08,0xa5,0x08,0xa5,0x08,0xa5,0x08,0xa5,0x08,
    0xa5,0x08,0xa5,0x08,0xa5,0x08,0xa5,0x08,0xa5,0x08,0xa5,0x08,0xa5,0x08,0xa5,0x08,
    0xa5,0x08,0xa5,0x08,0xa5,0x08,0xa5,0x08,0xa5,0x08,0xc5,0x10,0xa4,0x08,0xc5,0x10,
    0x0f,0x92,0xb4,0xca,0x93,0xb2,0x94,0xba,0x94,0xba,0x95,0xb2,0x95,0xb2,0x95,0xb2,
    0x95,0xb2,0x95,0xb2,0x96,0xb2,0x95,0xaa,0xb7,0xba,0x32,0x8a,0xc5,0x10,0xa4,0x08,
    0xc5,0x10,0xc5,0x10,0x84,0x00,0x8a,0x69,0x91,0xda,0x70,0xc2,0x70,0xca,0x70,0xca,
    0x70,0xca,0x70,0xca,0x70,0xca,0x70,0xca,0x6f,0xca,0x6f,0xd2,0x4e,0xc2,0xc6,0x18,
    0xa5,0x08,0xa5,0x10,0xa5,0x08,0xa5,0x08,0xa5,0x08,0xa5,0x08,0xa5,0x08,0xa5,0x08,
    0xa5,0x08,0xa5,0x08,0xa5,0x08,0xa5,0x08,0xa5,0x08,0xa5,0x08,0xa5,0x08,0xa5,0x08,
    0xa5,0x08,0xa5,0x08,0xa5,0x08,0xa5,0x08,0xa5,0x08,0xa5,0x08,0xa5,0x08,0xa5,0x08,
    0xa5,0x08,0xa5,0x08,0xa5,0x08,0xa5,0x08,0xa5,0x08,0xa5,0x08,0xa5,0x08,0xa5,0x08,
    0xa5,0x08,0xa5,0x08,0xa5,0x08,0xa5,0x08,0xa5,0x08,0xa5,0x08,0xa5,0x08,0xa5,0x08,
    0xa5,0x08,0xa5,0x08,0xa5,0x08,0xa5,0x08,0xa5,0x08,0xa5,0x08,0xa5,0x08,0xa5,0x08,
    0xa5,0x08,0xa5,0x08,0xa5,0x08,0xa5,0x08,0xa5,0x08,0xa5,0x08,0xa5,0x08,0xa5,0x08,
    0xa5,0x08,0xa5,0x08,0xa5,0x08,0xa5,0x08,0xa5,0x08,0xa5,0x08,0xa5,0x08,0xa5,0x08,
    0xa5,0x08,0xa5,0x08,0xa5,0x08,0xa5,0x08,0xa5,0x08,0xa5,0x08,0xa5,0x08,0xa5,0x08,
    0xa5,0x08,0xa5,0x08,0xa5,0x08,0xa5,0x08,0xa5,0x08,0xa5,0x08,0xa5,0x08,0xa5,0x08,
    0xa5,0x08,0xa5,0x08,0xa5,0x08,0xa5,0x08,0xa5,0x08,0xa5,0x08,0xa5,0x08,0xa5,0x08,
    0xa5,0x08,0xa5,0x08,0xa5,0x08,0xa5,0x08,0xa5,0x08,0xa5,0x08,0xa5,0x08,0xa5,0x08,
    0xa5,0x08,0xa5,0x08,0xa5,0x08,0xa5,0x08,0xa5,0x08,0xa5,0x08,0xa5,0x08,0xa5,0x08,
    0xa5,0x08,0xa5,0x08,0xa5,0x08,0xa5,0x08,0xa5,0x08,0xa5,0x08,0xa5,0x08,0xa5,0x08,
    0xa5,0x08,0xa5,0x08,0xa5,0x08,0xa5,0x08,0xa5,0x08,0xa5,0x08,0xa5,0x08,0xa5,0x08,
    0xa5,0x08,0xa5,0x08,0xa5,0x08,0xa5,0x08,0xa5,0x08,0xa5,0x08,0xa5,0x08,0xa5,0x08,
    0xa5,0x08,0xa5,0x08,0xa5,0x08,0xa5,0x08,0xa5,0x08,0xa5,0x08,0xa5,0x08,0xa5,0x08,
    0xa5,0x08,0xa5,0x08,0xa5,0x08,0xa5,0x08,0xa5,0x08,0xa5,0x08,0xa5,0x08,0xa5,0x08,
    0xa5,0x08,0xa5,0x08,0xa5,0x08,0xa5,0x08,0xa5,0x08,0xa5,0x08,0xa5,0x08,0xa5,0x08,
    0xa5,0x08,0xa5,0x08,0xa5,0x08,0xa5,0x08,0xa5,0x08,0xa5,0x08,0xa5,0x08,0xa5,0x08,
    0xa5,0x08,0xa5,0x08,0xa5,0x08,0xa5,0x08,0xa5,0x08,0xa5,0x08,0xa5,0x08,0xa5,0x08,
    0xa5,0x08,0xa5,0x08,0xa5,0x08,0xa5,0x08,0xa5,0x08,0xa5,0x08,0xa5,0x08,0xa5,0x08,
    0xa5,0x08,0xa5,0x08,0xa5,0x08,0xa5,0x08,0xa5,0x08,0xa5,0x08,0xa5,0x08,0xa5,0x08,
    0xa5,0x08,0xa5,0x08,0xc5,0x10,0xa4,0x08,0xc5,0x10,0x10,0x92,0xb5,0xc2,0x94,0xb2,
    0x94,0xb2,0x95,0xb2,0x95,0xb2,0x95,0xb2,0x95,0xb2,0x96,0xb2,0x96,0xb2,0x96,0xb2,
    0x96,0xaa,0xd7,0xba,0x32,0x8a,0xc5,0x10,0xa5,0x08,0xa4,0x08,0x07,0x31,0x70,0xca,
    0x70,0xca,0x70,0xca,0x70,0xca,0x70,0xca,0x70,0xca,0x70,0xca,0x70,0xca,0x70,0xca,
    0x4f,0xca,0x90,0xda,0x8a,0x69,0x84,0x00,0xc5,0x10,0xa5,0x08,0xa5,0x08,0xa5,0x08,
    0xa5,0x08,0xa5,0x08,0xa5,0x08,0xa5,0x08,0xa5,0x08,0xa5,0x08,0xa5,0x08,0xa5,0x08,
    0xa5,0x08,0xa5,0x08,0xa5,0x08,0xa5,0x08,0xa5,0x08,0xa5,0x08,0xa5,0x08,0xa5,0x08,
    0xa5,0x08,0xa5,0x08,0xa5,0x08,0xa5,0x08,0xa5,0x08,0xa5,0x08,0xa5,0x08,0xa5,0x08,
    0xa5,0x08,0xa5,0x08,0xa5,0x08,0xa5,0x08,0xa5,0x08,0xa5,0x08,0xa5,0x08,0xa5,0x08,
    0xa5,0x08,0xa5,0x08,0xa5,0x08,0xa5,0x08,0xa5,0x08,0xa5,0x08,0xa5,0x08,0xa5,0x08,
    0xa5,0x08,0xa5,0x08,0xa5,0x08,0xa5,0x08,0xa5,0x08,0xa5,0x08,0xa5,0x08,0xa5,0x08,
    0xa5,0x08,0xa5,0x08,0xa5,0x08,0xa5,0x08,0xa5,0x08,0xa5,0x08,0xa5,0x08,0xa5,0x08,
    0xa5,0x08,0xa5,0x08,0xa5,0x08,0xa5,0x08,0xa5,0x08,0xa5,0x08,0xa5,0x08,0xa5,0x08,
    0xa5,0x08,0xa5,0x08,0xa5,0x08,0xa5,0x08,0xa5,0x08,0xa5,0x08,0xa5,0x08,0xa5,0x08,
    0xa5,0x08,0xa5,0x08,0xa5,0x08,0xa5,0x08,0xa5,0x08,0xa5,0x08,0xa5,0x08,0xa5,0x08,
    0xa5,0x08,0xa5,0x08,0xa5,0x08,0xa5,0x08,0xa5,0x08,0xa5,0x08,0xa5,0x08,0xa5,0x08,
    0xa5,0x08,0xa5,0x08,0xa5,0x08,0xa5,0x08,0xa5,0x08,0xa5,0x08,0xa5,0x08,0xa5,0x08,
    0xa5,0x08,0xa5,0x08,0xa5,0x08,0xa5,0x08,0xa5,0x08,0xa5,0x08,0xa5,0x08,0xa5,0x08,
    0xa5,0x08,0xa5,0x08,0xa5,0x08,0xa5,0x08,0xa5,0x08,0xa5,0x08,0xa5,0x08,0xa5,0x08,
    0xa5,0x08,0xa5,0x08,0xa5,0x08,0xa5,0x08,0xa5,0x08,0xa5,0x08,0xa5,0x08,0xa5,0x08,
    0xa5,0x08,0xa5,0x08,0xa5,0x08,0xa5,0x08,0xa5,0x08,0xa5,0x08,0xa5,0x08,0xa5,0x08,
    0xa5,0x08,0xa5,0x08,0xa5,0x08,0xa5,0x08,0xa5,0x08,0xa5,0x08,0xa5,0x08,0xa5,0x08,
    0xa5,0x08,0xa5,0x08,0xa5,0x08,0xa5,0x08,0xa5,0x08,0xa5,0x08,0xa5,0x08,0xa5,0x08,
    0xa5,0x08,0xa5,0x08,0xa5,0x08,0xa5,0x08,0xa5,0x08,0xa5,0x08,0xa5,0x08,0xa5,0x08,
    0xa5,0x08,0xa5,0x08,0xa5,0x08,0xa5,0x08,0xa5,0x08,0xa5,0x08,0xa5,0x08,0xa5,0x08,
    0xa5,0x08,0xa5,0x08,0xa5,0x08,0xa5,0x08,0xa5,0x08,0xa5,0x08,0xa5,0x08,0xa5,0x08,
    0xa5,0x08,0xa5,0x08,0xa5,0x08,0xa5,0x08,0xa5,0x08,0xa5,0x08,0xa5,0x08,0xa5,0x08,
    0xa5,0x08,0xa5,0x08,0xa5,0x08,0xa5,0x08,0xa5,0x08,0xa5,0x08,0xa5,0x08,0xc5,0x10,
    0xa4,0x08,0xc5,0x10,0x30,0x92,0xb5,0xc2,0x94,0xb2,0x95,0xb2,0x95,0xb2,0x95,0xb2,
    0x96,0xb2,0x96,0xb2,0x96,0xb2,0x96,0xaa,0x96,0xaa,0x96,0xaa,0xd8,0xba,0x32,0x8a,
    0xa5,0x08,0xa5,0x08,0x2f,0xb2,0x71,0xca,0x71,0xc2,0x71,0xca,0x71,0xca,0x71,0xca,
    0x70,0xca,0x70,0xca,0x70,0xca,0x70,0xca,0x70,0xd2,0x2e,0xb2,0xa5,0x08,0xa5,0x08,
    0xa5,0x08,0xa5,0x08,0xa5,0x08,0xa5,0x08,0xa5,0x08,0xa5,0x08,0xa5,0x08,0xa5,0x08,
    0xa5,0x08,0xa5,0x08,0xa5,0x08,0xa5,0x08,0xa5,0x08,0xa5,0x08,0xa5,0x08,0xa5,0x08,
    0xa5,0x08,0xa5,0x08,0xa5,0x08,0xa5,0x08,0xa5,0x08,0xa5,0x08,0xa5,0x08,0xa5,0x08,
    0xa5,0x08,0xa5,0x08,0xa5,0x08,0xa5,0x08,0xa5,0x08,0xa5,0x08,0xa5,0x08,0xa5,0x08,
    0xa5,0x08,0xa5,0x08,0xa5,0x08,0xa5,0x08,0xa5,0x08,0xa5,0x08,0xa5,0x08,0xa5,0x08,
    0xa5,0x08,0xa5,0x08,0xa5,0x08,0xa5,0x08,0xa5,0x08,0xa5,0x08,0xa5,0x08,0xa5,0x08,
    0xa5,0x08,0xa5,0x08,0xa5,0x08,0xa5,0x08,0xa5,0x08,0xa5,0x08,0xa5,0x08,0xa5,0x08,
    0xa5,0x08,0xa5,0x08,0xa5,0x08,0xa5,0x08,0xa5,0x08,0xa5,0x08,0xa5,0x08,0xa5,0x08,
    0xa5,0x08,0xa5,0x08,0xa5,0x08,0xa5,0x08,0xa5,0x08,0xa5,0x08,0xa5,0x08,0xa5,0x08,
    0xa5,0x08,0xa5,0x08,0xa5,0x08,0xa5,0x08,0xa5,0x08,0xa5,0x08,0xa5,0x08,0xa5,0x08,
    0xa5,0x08,0xa5,0x08,0xa5,0x08,0xa5,0x08,0xa5,0x08,0xa5,0x08,0xa5,0x08,0xa5,0x08,
    0xa5,0x08,0xa5,0x08,0xa5,0x08,0xa5,0x08,0xa5,0x08,0xa5,0x08,0xa5,0x08,0xa5,0x08,
    0xa5,0x08,0xa5,0x08,0xa5,0x08,0xa5,0x08,0xa5,0x08,0xa5,0x08,0xa5,0x08,0xa5,0x08,
    0xa5,0x08,0xa5,0x08,0xa5,0x08,0xa5,0x08,0xa5,0x08,0xa5,0x08,0xa5,0x08,0xa5,0x08,
    0xa5,0x08,0xa5,0x08,0xa5,0x08,0xa5,0x08,0xa5,0x08,0xa5,0x08,0xa5,0x08,0xa5,0x08,
    0xa5,0x08,0xa5,0x08,0xa5,0x08,0xa5,0x08,0xa5,0x08,0xa5,0x08,0xa5,0x08,0xa5,0x08,
    0xa5,0x08,0xa5,0x08,0xa5,0x08,0xa5,0x08,0xa5,0x08,0xa5,0x08,0xa5,0x08,0xa5,0x08,
    0xa5,0x08,0xa5,0x08,0xa5,0x08,0xa5,0x08,0xa5,0x08,0xa5,0x08,0xa5,0x08,0xa5,0x08,
    0xa5,0x08,0xa5,0x08,0xa5,0x08,0xa5,0x08,0xa5,0x08,0xa5,0x08,0xa5,0x08,0xa5,0x08,
    0xa5,0x08,0xa5,0x08,0xa5,0x08,0xa5,0x08,0xa5,0x08,0xa5,0x08,0xa5,0x08,0xa5,0x08,
    0xa5,0x08,0xa5,0x08,0xa5,0x08,0xa5,0x08,0xa5,0x08,0xa5,0x08,0xa5,0x08,0xa5,0x08,
    0xa5,0x08,0xa5,0x08,0xa5,0x08,0xa5,0x08,0xa5,0x08,0xa5,0x08,0xa5,0x08,0xa5,0x08,
    0xa5,0x08,0xa5,0x08,0xa5,0x08,0xa5,0x08,0xa5,0x08,0xa5,0x08,0xa5,0x08,0xa5,0x08,
    0xa5,0x08,0xa5,0x08,0xa5,0x08,0xa5,0x08,0xc5,0x10,0xa5,0x08,0xa5,0x08,0x31,0x92,
    0xb5,0xc2,0x95,0xb2,0x95,0xb2,0x96,0xb2,0x96,0xb2,0x96,0xb2,0x96,0xaa,0x96,0xaa,
    0xb7,0xaa,0xb7,0xaa,0x96,0xaa,0xd8,0xba,0x32,0x82,0xcc,0x81,0x92,0xd2,0x71,0xc2,
    0x71,0xc2,0x71,0xc2,0x71,0xca,0x71,0xca,0x71,0xca,0x70,0xca,0x70,0xca,0x70,0xca,
    0x70,0xda,0x48,0x49,0xa4,0x00,0xc5,0x10,0xa5,0x08,0xa5,0x08,0xa5,0x08,0xa5,0x08,
    0xa5,0x08,0xa5,0x08,0xa5,0x08,0xa5,0x08,0xa5,0x08,0xa5,0x08,0xa5,0x08,0xa5,0x08,
    0xa5,0x08,0xa5,0x08,0xa5,0x08,0xa5,0x08,0xa5,0x08,0xa5,0x08,0xa5,0x08,0xa5,0x08,
    0xa5,0x08,0xa5,0x08,0xa5,0x08,0xa5,0x08,0xa5,0x08,0xa5,0x08,0xa5,0x08,0xa5,0x08,
    0xa5,0x08,0xa5,0x08,0xa5,0x08,0xa5,0x08,0xa5,0x08,0xa5,0x08,0xa5,0x08,0xa5,0x08,
    0xa5,0x08,0xa5,0x08,0xa5,0x08,0xa5,0x08,0xa5,0x08,0xa5,0x08,0xa5,0x08,0xa5,0x08,
    0xa5,0x08,0xa5,0x08,0xa5,0x08,0xa5,0x08,0xa5,0x08,0xa5,0x08,0xa5,0x08,0xa5,0x08,
    0xa5,0x08,0xa5,0x08,0xa5,0x08,0xa5,0x08,0xa5,0x08,0xa5,0x08,0xa5,0x08,0xa5,0x08,
    0xa5,0x08,0xa5,0x08,0xa5,0x08,0xa5,0x08,0xa5,0x08,0xa5,0x08,0xa5,0x08,0xa5,0x08,
    0xa5,0x08,0xa5,0x08,0xa5,0x08,0xa5,0x08,0xa5,0x08,0xa5,0x08,0xa5,0x08,0xa5,0x08,
    0xa5,0x08,0xa5,0x08,0xa5,0x08,0xa5,0x08,0xa5,0x08,0xa5,0x08,0xa5,0x08,0xa5,0x08,
    0xa5,0x08,0xa5,0x08,0xa5,0x08,0xa5,0x08,0xa5,0x08,0xa5,0x08,0xa5,0x08,0xa5,0x08,
    0xa5,0x08,0xa5,0x08,0xa5,0x08,0xa5,0x08,0xa5,0x08,0xa5,0x08,0xa5,0x08,0xa5,0x08,
    0xa5,0x08,0xa5,0x08,0xa5,0x08,0xa5,0x08,0xa5,0x08,0xa5,0x08,0xa5,0x08,0xa5,0x08,
    0xa5,0x08,0xa5,0x08,0xa5,0x08,0xa5,0x08,0xa5,0x08,0xa5,0x08,0xa5,0x08,0xa5,0x08,
    0xa5,0x08,0xa5,0x08,0xa5,0x08,0xa5,0x08,0xa5,0x08,0xa5,0x08,0xa5,0x08,0xa5,0x08,
    0xa5,0x08,0xa5,0x08,0xa5,0x08,0xa5,0x08,0xa5,0x08,0xa5,0x08,0xa5,0x08,0xa5,0x08,
    0xa5,0x08,0xa5,0x08,0xa5,0x08,0xa5,0x08,0xa5,0x08,0xa5,0x08,0xa5,0x08,0xa5,0x08,
    0xa5,0x08,0xa5,0x08,0xa5,0x08,0xa5,0x08,0xa5,0x08,0xa5,0x08,0xa5,0x08,0xa5,0x08,
    0xa5,0x08,0xa5,0x08,0xa5,0x08,0xa5,0x08,0xa5,0x08,0xa5,0x08,0xa5,0x08,0xa5,0x08,
    0xa5,0x08,0xa5,0x08,0xa5,0x08,0xa5,0x08,0xa5,0x08,0xa5,0x08,0xa5,0x08,0xa5,0x08,
    0xa5,0x08,0xa5,0x08,0xa5,0x08,0xa5,0x08,0xa5,0x08,0xa5,0x08,0xa5,0x08,0xa5,0x08,
    0xa5,0x08,0xa5,0x08,0xa5,0x08,0xa5,0x08,0xa5,0x08,0xa5,0x08,0xa5,0x08,0xa5,0x08,
    0xa5,0x08,0xa5,0x08,0xa5,0x08,0xa5,0x08,0xa5,0x08,0xa5,0x08,0xa5,0x08,0xa5,0x08,
    0xa5,0x08,0xc5,0x10,0xa5,0x08,0xa5,0x10,0x31,0x92,0xb6,0xc2,0x95,0xaa,0x96,0xb2,
    0x96,0xb2,0x96,0xaa,0x96,0xaa,0xb7,0xaa,0xb7,0xaa,0xb7,0xaa,0xb7,0xaa,0x97,0xaa,
    0xb8,0xb2,0xb6,0xba,0x71,0xc2,0x71,0xc2,0x71,0xc2,0x71,0xc2,0x71,0xc2,0x71,0xc2,
    0x71,0xca,0x71,0xca,0x70,0xc2,0x91,0xda,0xcc,0x89,0xa4,0x00,0xc5,0x10,0xa5,0x08,
    0xa5,0x08,0xa5,0x08,0xa5,0x08,0xa5,0x08,0xa5,0x08,0xa5,0x08,0xa5,0x08,0xa5,0x08,
    0xa5,0x08,0xa5,0x08,0xa5,0x08,0xa5,0x08,0xa5,0x08,0xa5,0x08,0xa5,0x08,0xa5,0x08,
    0xa5,0x08,0xa5,0x08,0xa5,0x08,0xa5,0x08,0xa5,0x08,0xa5,0x08,0xa5,0x08,0xa5,0x08,
    0xa5,0x08,0xa5,0x08,0xa5,0x08,0xa5,0x08,0xa5,0x08,0xa5,0x08,0xa5,0x08,0xa5,0x08,
    0xa5,0x08,0xa5,0x08,0xa5,0x08,0xa5,0x08,0xa5,0x08,0xa5,0x08,0xa5,0x08,0xa5,0x08,
    0xa5,0x08,0xa5,0x08,0xa5,0x08,0xa5,0x08,0xa5,0x08,0xa5,0x08,0xa5,0x08,0xa5,0x08,
    0xa5,0x08,0xa5,0x08,0xa5,0x08,0xa5,0x08,0xa5,0x08,0xa5,0x08,0xa5,0x08,0xa5,0x08,
    0xa5,0x08,0xa5,0x08,0xa5,0x08,0xa5,0x08,0xa5,0x08,0xa5,0x08,0xa5,0x08,0xa5,0x08,
    0xa5,0x08,0xa5,0x08,0xa5,0x08,0xa5,0x08,0xa5,0x08,0xa5,0x08,0xa5,0x08,0xa5,0x08,
    0xa5,0x08,0xa5,0x08,0xa5,0x08,0xa5,0x08,0xa5,0x08,0xa5,0x08,0xa5,0x08,0xa5,0x08,
    0xa5,0x08,0xa5,0x08,0xa5,0x08,0xa5,0x08,0xa5,0x08,0xa5,0x08,0xa5,0x08,0xa5,0x08,
    0xa5,0x08,0xa5,0x08,0xa5,0x08,0xa5,0x08,0xa5,0x08,0xa5,0x08,0xa5,0x08,0xa5,0x08,
    0xa5,0x08,0xa5,0x08,0xa5,0x08,0xa5,0x08,0xa5,0x08,0xa5,0x08,0xa5,0x08,0xa5,0x08,
    0xa5,0x08,0xa5,0x08,0xa5,0x08,0xa5,0x08,0xa5,0x08,0xa5,0x08,0xa5,0x08,0xa5,0x08,
    0xa5,0x08,0xa5,0x08,0xa5,0x08,0xa5,0x08,0xa5,0x08,0xa5,0x08,0xa5,0x08,0xa5,0x08,
    0xa5,0x08,0xa5,0x08,0xa5,0x08,0xa5,0x08,0xa5,0x08,0xa5,0x08,0xa5,0x08,0xa5,0x08,
    0xa5,0x08,0xa5,0x08,0xa5,0x08,0xa5,0x08,0xa5,0x08,0xa5,0x08,0xa5,0x08,0xa5,0x08,
    0xa5,0x08,0xa5,0x08,0xa5,0x08,0xa5,0x08,0xa5,0x08,0xa5,0x08,0xa5,0x08,0xa5,0x08,
    0xa5,0x08,0xa5,0x08,0xa5,0x08,0xa5,0x08,0xa5,0x08,0xa5,0x08,0xa5,0x08,0xa5,0x08,
    0xa5,0x08,0xa5,0x08,0xa5,0x08,0xa5,0x08,0xa5,0x08,0xa5,0x08,0xa5,0x08,0xa5,0x08,
    0xa5,0x08,0xa5,0x08,0xa5,0x08,0xa5,0x08,0xa5,0x08,0xa5,0x08,0xa5,0x08,0xa5,0x08,
    0xa5,0x08,0xa5,0x08,0xa5,0x08,0xa5,0x08,0xa5,0x08,0xa5,0x08,0xa5,0x08,0xa5,0x08,
    0xa5,0x08,0xa5,0x08,0xa5,0x08,0xa5,0x08,0xa5,0x08,0xa5,0x08,0xa5,0x08,0xa5,0x08,
    0xa5,0x08,0xa5,0x08,0xa5,0x08,0xa5,0x08,0xa5,0x08,0xa5,0x08,0xc5,0x10,0xa4,0x08,
    0xc5,0x10,0x11,0x8a,0xb7,0xc2,0x95,0xaa,0x96,0xb2,0x96,0xaa,0xb7,0xaa,0xb7,0xaa,
    0xb7,0xaa,0xb7,0xaa,0xb7,0xaa,0xb8,0xaa,0xb7,0xa2,0xb8,0xa2,0x96,0xb2,0x72,0xc2,
    0x71,0xc2,0x72,0xc2,0x71,0xc2,0x71,0xc2,0x71,0xca,0x71,0xc2,0x71,0xca,0x2f,0xb2,
    0xc5,0x18,0xa5,0x08,0xa5,0x10,0xa5,0x08,0xa5,0x08,0xa5,0x08,0xa5,0x08,0xa5,0x08,
    0xa5,0x08,0xa5,0x08,0xa5,0x08,0xa5,0x08,0xa5,0x08,0xa5,0x08,0xa5,0x08,0xa5,0x08,
    0xa5,0x08,0xa5,0x08,0xa5,0x08,0xa5,0x08,0xa5,0x08,0xa5,0x08,0xa5,0x08,0xa5,0x08,
    0xa5,0x08,0xa5,0x08,0xa5,0x08,0xa5,0x08,0xa5,0x08,0xa5,0x08,0xa5,0x08,0xa5,0x08,
    0xa5,0x08,0xa5,0x08,0xa5,0x08,0xa5,0x08,0xa5,0x08,0xa5,0x08,0xa5,0x08,0xa5,0x08,
    0xa5,0x08,0xa5,0x08,0xa5,0x08,0xa5,0x08,0xa5,0x08,0xa5,0x08,0xa5,0x08,0xa5,0x08,
    0xa5,0x08,0xa5,0x08,0xa5,0x08,0xa5,0x08,0xa5,0x08,0xa5,0x08,0xa5,0x08,0xa5,0x08,
    0xa5,0x08,0xa5,0x08,0xa5,0x08,0xa5,0x08,0xa5,0x08,0xa5,0x08,0xa5,0x08,0xa5,0x08,
    0xa5,0x08,0xa5,0x08,0xa5,0x08,0xa5,0x08,0xa5,0x08,0xa5,0x08,0xa5,0x08,0xa5,0x08,
    0xa5,0x08,0xa5,0x08,0xa5,0x08,0xa5,0x08,0xa5,0x08,0xa5,0x08,0xa5,0x08,0xa5,0x08,
    0xa5,0x08,0xa5,0x08,0xa5,0x08,0xa5,0x08,0xa5,0x08,0xa5,0x08,0xa5,0x08,0xa5,0x08,
    0xa5,0x08,0xa5,0x08,0xa5,0x08,0xa5,0x08,0xa5,0x08,0xa5,0x08,0xa5,0x08,0xa5,0x08,
    0xa5,0x08,0xa5,0x08,0xa5,0x08,0xa5,0x08,0xa5,0x08,0xa5,0x08,0xa5,0x08,0xa5,0x08,
    0xa5,0x08,0xa5,0x08,0xa5,0x08,0xa5,0x08,0xa5,0x08,0xa5,0x08,0xa5,0x08,0xa5,0x08,
    0xa5,0x08,0xa5,0x08,0xa5,0x08,0xa5,0x08,0xa5,0x08,0xa5,0x08,0xa5,0x08,0xa5,0x08,
    0xa5,0x08,0xa5,0x08,0xa5,0x08,0xa5,0x08,0xa5,0x08,0xa5,0x08,0xa5,0x08,0xa5,0x08,
    0xa5,0x08,0xa5,0x08,0xa5,0x08,0xa5,0x08,0xa5,0x08,0xa5,0x08,0xa5,0x08,0xa5,0x08,
    0xa5,0x08,0xa5,0x08,0xa5,0x08,0xa5,0x08,0xa5,0x08,0xa5,0x08,0xa5,0x08,0xa5,0x08,
    0xa5,0x08,0xa5,0x08,0xa5,0x08,0xa5,0x08,0xa5,0x08,0xa5,0x08,0xa5,0x08,0xa5,0x08,
    0xa5,0x08,0xa5,0x08,0xa5,0x08,0xa5,0x08,0xa5,0x08,0xa5,0x08,0xa5,0x08,0xa5,0x08,
    0xa5,0x08,0xa5,0x08,0xa5,0x08,0xa5,0x08,0xa5,0x08,0xa5,0x08,0xa5,0x08,0xa5,0x08,
    0xa5,0x08,0xa5,0x08,0xa5,0x08,0xa5,0x08,0xa5,0x08,0xa5,0x08,0xa5,0x08,0xa5,0x08,
    0xa5,0x08,0xa5,0x08,0xa5,0x08,0xa5,0x08,0xa5,0x08,0xa5,0x08,0xa5,0x08,0xa5,0x08,
    0xa5,0x08,0xa5,0x08,0xa5,0x08,0xa5,0x08,0xa5,0x08,0xa5,0x08,0xa5,0x08,0xa5,0x08,
    0xa5,0x08,0xa5,0x08,0xa5,0x08,0xc5,0x10,0xa4,0x08,0xc5,0x10,0x31,0x8a,0xb7,0xba,
    0x96,0xaa,0x96,0xaa,0xb7,0xaa,0xb7,0xaa,0xb7,0xaa,0xb7,0xaa,0xb8,0xaa,0xb8,0xaa,
    0xb8,0xaa,0xb8,0xaa,0xb8,0xa2,0x96,0xaa,0x72,0xc2,0x71,0xc2,0x71,0xc2,0x71,0xc2,
    0x71,0xc2,0x70,0xc2,0x91,0xda,0x49,0x51,0x84,0x00,0xc5,0x10,0xa5,0x08,0xa5,0x08,
    0xa5,0x08,0xa5,0x08,0xa5,0x08,0xa5,0x08,0xa5,0x08,0xa5,0x08,0xa5,0x08,0xa5,0x08,
    0xa5,0x08,0xa5,0x08,0xa5,0x08,0xa5,0x08,0xa5,0x08,0xa5,0x08,0xa5,0x08,0xa5,0x08,
    0xa5,0x08,0xa5,0x08,0xa5,0x08,0xa5,0x08,0xa5,0x08,0xa5,0x08,0xa5,0x08,0xa5,0x08,
    0xa5,0x08,0xa5,0x08,0xa5,0x08,0xa5,0x08,0xa5,0x08,0xa5,0x08,0xa5,0x08,0xa5,0x08,
    0xa5,0x08,0xa5,0x08,0xa5,0x08,0xa5,0x08,0xa5,0x08,0xa5,0x08,0xa5,0x08,0xa5,0x08,
    0xa5,0x08,0xa5,0x08,0xa5,0x08,0xa5,0x08,0xa5,0x08,0xa5,0x08,0xa5,0x08,0xa5,0x08,
    0xa5,0x08,0xa5,0x08,0xa5,0x08,0xa5,0x08,0xa5,0x08,0xa5,0x08,0xa5,0x08,0xa5,0x08,
    0xa5,0x08,0xa5,0x08,0xa5,0x08,0xa5,0x08,0xa5,0x08,0xa5,0x08,0xa5,0x08,0xa5,0x08,
    0xa5,0x08,0xa5,0x08,0xa5,0x08,0xa5,0x08,0xa5,0x08,0xa5,0x08,0xa5,0x08,0xa5,0x08,
    0xa5,0x08,0xa5,0x08,0xa5,0x08,0xa5,0x08,0xa5,0x08,0xa5,0x08,0xa5,0x08,0xa5,0x08,
    0xa5,0x08,0xa5,0x08,0xa5,0x08,0xa5,0x08,0xa5,0x08,0xa5,0x08,0xa5,0x08,0xa5,0x08,
    0xa5,0x08,0xa5,0x08,0xa5,0x08,0xa5,0x08,0xa5,0x08,0xa5,0x08,0xa5,0x08,0xa5,0x08,
    0xa5,0x08,0xa5,0x08,0xa5,0x08,0xa5,0x08,0xa5,0x08,0xa5,0x08,0xa5,0x08,0xa5,0x08,
    0xa5,0x08,0xa5,0x08,0xa5,0x08,0xa5,0x08,0xa5,0x08,0xa5,0x08,0xa5,0x08,0xa5,0x08,
    0xa5,0x08,0xa5,0x08,0xa5,0x08,0xa5,0x08,0xa5,0x08,0xa5,0x08,0xa5,0x08,0xa5,0x08,
    0xa5,0x08,0xa5,0x08,0xa5,0x08,0xa5,0x08,0xa5,0x08,0xa5,0x08,0xa5,0x08,0xa5,0x08,
    0xa5,0x08,0xa5,0x08,0xa5,0x08,0xa5,0x08,0xa5,0x08,0xa5,0x08,0xa5,0x08,0xa5,0x08,
    0xa5,0x08,0xa5,0x08,0xa5,0x08,0xa5,0x08,0xa5,0x08,0xa5,0x08,0xa5,0x08,0xa5,0x08,
    0xa5,0x08,0xa5,0x08,0xa5,0x08,0xa5,0x08,0xa5,0x08,0xa5,0x08,0xa5,0x08,0xa5,0x08,
    0xa5,0x08,0xa5,0x08,0xa5,0x08,0xa5,0x08,0xa5,0x08,0xa5,0x08,0xa5,0x08,0xa5,0x08,
    0xa5,0x08,0xa5,0x08,0xa5,0x08,0xa5,0x08,0xa5,0x08,0xa5,0x08,0xa5,0x08,0xa5,0x08,
    0xa5,0x08,0xa5,0x08,0xa5,0x08,0xa5,0x08,0xa5,0x08,0xa5,0x08,0xa5,0x08,0xa5,0x08,
    0xa5,0x08,0xa5,0x08,0xa5,0x08,0xa5,0x08,0xa5,0x08,0xa5,0x08,0xa5,0x08,0xa5,0x08,
    0xa5,0x08,0xa5,0x08,0xa5,0x08,0xa5,0x08,0xa5,0x08,0xa5,0x08,0xa5,0x08,0xa5,0x08,
    0xc5,0x10,0xa4,0x08,0xa5,0x10,0x32,0x92,0xb7,0xba,0x96,0xaa,0xb7,0xaa,0xb7,0xaa,
    0xb7,0xaa,0xb8,0xaa,0xb8,0xaa,0xb8,0xa2,0xb8,0xa2,0xb8,0xa2,0xb8,0xa2,0xb9,0xa2,
    0xb7,0xaa,0x72,0xc2,0x71,0xc2,0x71,0xc2,0x71,0xc2,0x91,0xd2,0xcc,0x81,0xa4,0x08,
    0xc5,0x10,0xa5,0x08,0xa5,0x08,0xa5,0x08,0xa5,0x08,0xa5,0x08,0xa5,0x08,0xa5,0x08,
    0xa5,0x08,0xa5,0x08,0xa5,0x08,0xa5,0x08,0xa5,0x08,0xa5,0x08,0xa5,0x08,0xa5,0x08,
    0xa5,0x08,0xa5,0x08,0xa5,0x08,0xa5,0x08,0xa5,0x08,0xa5,0x08,0xa5,0x08,0xa5,0x08,
    0xa5,0x08,0xa5,0x08,0xa5,0x08,0xa5,0x08,0xa5,0x08,0xa5,0x08,0xa5,0x08,0xa5,0x08,
    0xa5,0x08,0xa5,0x08,0xa5,0x08,0xa5,0x08,0xa5,0x08,0xa5,0x08,0xa5,0x08,0xa5,0x08,
    0xa5,0x08,0xa5,0x08,0xa5,0x08,0xa5,0x08,0xa5,0x08,0xa5,0x08,0xa5,0x08,0xa5,0x08,
    0xa5,0x08,0xa5,0x08,0xa5,0x08,0xa5,0x08,0xa5,0x08,0xa5,0x08,0xa5,0x08,0xa5,0x08,
    0xa5,0x08,0xa5,0x08,0xa5,0x08,0xa5,0x08,0xa5,0x08,0xa5,0x08,0xa5,0x08,0xa5,0x08,
    0xa5,0x08,0xa5,0x08,0xa5,0x08,0xa5,0x08,0xa5,0x08,0xa5,0x08,0xa5,0x08,0xa5,0x08,
    0xa5,0x08,0xa5,0x08,0xa5,0x08,0xa5,0x08,0xa5,0x08,0xa5,0x08,0xa5,0x08,0xa5,0x08,
    0xa5,0x08,0xa5,0x08,0xa5,0x08,0xa5,0x08,0xa5,0x08,0xa5,0x08,0xa5,0x08,0xa5,0x08,
    0xa5,0x08,0xa5,0x08,0xa5,0x08,0xa5,0x08,0xa5,0x08,0xa5,0x08,0xa5,0x08,0xa5,0x08,
    0xa5,0x08,0xa5,0x08,0xa5,0x08,0xa5,0x08,0xa5,0x08,0xa5,0x08,0xa5,0x08,0xa5,0x08,
    0xa5,0x08,0xa5,0x08,0xa5,0x08,0xa5,0x08,0xa5,0x08,0xa5,0x08,0xa5,0x08,0xa5,0x08,
    0xa5,0x08,0xa5,0x08,0xa5,0x08,0xa5,0x08,0xa5,0x08,0xa5,0x08,0xa5,0x08,0xa5,0x08,
    0xa5,0x08,0xa5,0x08,0xa5,0x08,0xa5,0x08,0xa5,0x08,0xa5,0x08,0xa5,0x08,0xa5,0x08,
    0xa5,0x08,0xa5,0x08,0xa5,0x08,0xa5,0x08,0xa5,0x08,0xa5,0x08,0xa5,0x08,0xa5,0x08,
    0xa5,0x08,0xa5,0x08,0xa5,0x08,0xa5,0x08,0xa5,0x08,0xa5,0x08,0xa5,0x08,0xa5,0x08,
    0xa5,0x08,0xa5,0x08,0xa5,0x08,0xa5,0x08,0xa5,0x08,0xa5,0x08,0xa5,0x08,0xa5,0x08,
    0xa5,0x08,0xa5,0x08,0xa5,0x08,0xa5,0x08,0xa5,0x08,0xa5,0x08,0xa5,0x08,0xa5,0x08,
    0xa5,0x08,0xa5,0x08,0xa5,0x08,0xa5,0x08,0xa5,0x08,0xa5,0x08,0xa5,0x08,0xa5,0x08,
    0xa5,0x08,0xa5,0x08,0xa5,0x08,0xa5,0x08,0xa5,0x08,0xa5,0x08,0xa5,0x08,0xa5,0x08,
    0xa5,0x08,0xa5,0x08,0xa5,0x08,0xa5,0x08,0xa5,0x08,0xa5,0x08,0xa5,0x08,0xa5,0x08,
    0xa5,0x08,0xa5,0x08,0xa5,0x08,0xa5,0x08,0xa5,0x08,0xa5,0x08,0xa5,0x08,0xa5,0x08,
    0xa5,0x08,0xa5,0x08,0xa5,0x08,0xa5,0x08,0xa5,0x08,0xc5,0x10,0xa5,0x08,0xa5,0x08,
    0x32,0x8a,0xd8,0xba,0x97,0xaa,0xb7,0xaa,0xb8,0xaa,0xb8,0xaa,0xb8,0xa2,0xb8,0xa2,
    0xb8,0xa2,0xb9,0xa2,0xb9,0xa2,0xb9,0xa2,0xb9,0xa2,0xb7,0xaa,0x72,0xc2,0x71,0xc2,
    0x92,0xd2,0x0e,0xa2,0xa4,0x08,0xa5,0x08,0xa5,0x10,0xa5,0x08,0xa5,0x08,0xa5,0x08,
    0xa5,0x08,0xa5,0x08,0xa5,0x08,0xa5,0x08,0xa5,0x08,0xa5,0x08,0xa5,0x08,0xa5,0x08,
    0xa5,0x08,0xa5,0x08,0xa5,0x08,0xa5,0x08,0xa5,0x08,0xa5,0x08,0xa5,0x08,0xa5,0x08,
    0xa5,0x08,0xa5,0x08,0xa5,0x08,0xa5,0x08,0xa5,0x08,0xa5,0x08,0xa5,0x08,0xa5,0x08,
    0xa5,0x08,0xa5,0x08,0xa5,0x08,0xa5,0x08,0xa5,0x08,0xa5,0x08,0xa5,0x08,0xa5,0x08,
    0xa5,0x08,0xa5,0x08,0xa5,0x08,0xa5,0x08,0xa5,0x08,0xa5,0x08,0xa5,0x08,0xa5,0x08,
    0xa5,0x08,0xa5,0x08,0xa5,0x08,0xa5,0x08,0xa5,0x08,0xa5,0x08,0xa5,0x08,0xa5,0x08,
    0xa5,0x08,0xa5,0x08,0xa5,0x08,0xa5,0x08,0xa5,0x08,0xa5,0x08,0xa5,0x08,0xa5,0x08,
    0xa5,0x08,0xa5,0x08,0xa5,0x08,0xa5,0x08,0xa5,0x08,0xa5,0x08,0xa5,0x08,0xa5,0x08,
    0xa5,0x08,0xa5,0x08,0xa5,0x08,0xa5,0x08,0xa5,0x08,0xa5,0x08,0xa5,0x08,0xa5,0x08,
    0xa5,0x08,0xa5,0x08,0xa5,0x08,0xa5,0x08,0xa5,0x08,0xa5,0x08,0xa5,0x08,0xa5,0x08,
    0xa5,0x08,0xa5,0x08,0xa5,0x08,0xa5,0x08,0xa5,0x08,0xa5,0x08,0xa5,0x08,0xa5,0x08,
    0xa5,0x08,0xa5,0x08,0xa5,0x08,0xa5,0x08,0xa5,0x08,0xa5,0x08,0xa5,0x08,0xa5,0x08,
    0xa5,0x08,0xa5,0x08,0xa5,0x08,0xa5,0x08,0xa5,0x08,0xa5,0x08,0xa5,0x08,0xa5,0x08,
    0xa5,0x08,0xa5,0x08,0xa5,0x08,0xa5,0x08,0xa5,0x08,0xa5,0x08,0xa5,0x08,0xa5,0x08,
    0xa5,0x08,0xa5,0x08,0xa5,0x08,0xa5,0x08,0xa5,0x08,0xa5,0x08,0xa5,0x08,0xa5,0x08,
    0xa5,0x08,0xa5,0x08,0xa5,0x08,0xa5,0x08,0xa5,0x08,0xa5,0x08,0xa5,0x08,0xa5,0x08,
    0xa5,0x08,0xa5,0x08,0xa5,0x08,0xa5,0x08,0xa5,0x08,0xa5,0x08,0xa5,0x08,0xa5,0x08,
    0xa5,0x08,0xa5,0x08,0xa5,0x08,0xa5,0x08,0xa5,0x08,0xa5,0x08,0xa5,0x08,0xa5,0x08,
    0xa5,0x08,0xa5,0x08,0xa5,0x08,0xa5,0x08,0xa5,0x08,0xa5,0x08,0xa5,0x08,0xa5,0x08,
    0xa5,0x08,0xa5,0x08,0xa5,0x08,0xa5,0x08,0xa5,0x08,0xa5,0x08,0xa5,0x08,0xa5,0x08,
    0xa5,0x08,0xa5,0x08,0xa5,0x08,0xa5,0x08,0xa5,0x08,0xa5,0x08,0xa5,0x08,0xa5,0x08,
    0xa5,0x08,0xa5,0x08,0xa5,0x08,0xa5,0x08,0xa5,0x08,0xa5,0x08,0xa5,0x08,0xa5,0x08,
    0xa5,0x08,0xa5,0x08,0xa5,0x08,0xa5,0x08,0xa5,0x08,0xa5,0x08,0xa5,0x08,0xa5,0x08,
    0xa5,0x08,0xa5,0x08,0xa5,0x08,0xa5,0x08,0xa5,0x08,0xa5,0x08,0xa5,0x08,0xa5,0x08,
    0xa5,0x08,0xa5,0x08,0xc5,0x10,0xa5,0x08,0xa5,0x10,0x32,0x8a,0xd8,0xba,0x97,0xa2,
    0xb8,0xaa,0xb8,0xa2,0xb8,0xa2,0xb8,0xa2,0xb9,0xa2,0xb9,0xa2,0xb9,0xa2,0xb9,0xa2,
    0xb9,0xa2,0xb9,0xa2,0xb7,0xaa,0x72,0xc2,0x50,0xc2,0x07,0x29,0xa4,0x08,0xc5,0x10,
    0xa5,0x08,0xa5,0x08,0xa5,0x08,0xa5,0x08,0xa5,0x08,0xa5,0x08,0xa5,0x08,0xa5,0x08,
    0xa5,0x08,0xa5,0x08,0xa5,0x08,0xa5,0x08,0xa5,0x08,0xa5,0x08,0xa5,0x08,0xa5,0x08,
    0xa5,0x08,0xa5,0x08,0xa5,0x08,0xa5,0x08,0xa5,0x08,0xa5,0x08,0xa5,0x08,0xa5,0x08,
    0xa5,0x08,0xa5,0x08,0xa5,0x08,0xa5,0x08,0xa5,0x08,0xa5,0x08,0xa5,0x08,0xa5,0x08,
    0xa5,0x08,0xa5,0x08,0xa5,0x08,0xa5,0x08,0xa5,0x08,0xa5,0x08,0xa5,0x08,0xa5,0x08,
    0xa5,0x08,0xa5,0x08,0xa5,0x08,0xa5,0x08,0xa5,0x08,0xa5,0x08,0xa5,0x08,0xa5,0x08,
    0xa5,0x08,0xa5,0x08,0xa5,0x08,0xa5,0x08,0xa5,0x08,0xa5,0x08,0xa5,0x08,0xa5,0x08,
    0xa5,0x08,0xa5,0x08,0xa5,0x08,0xa5,0x08,0xa5,0x08,0xa5,0x08,0xa5,0x08,0xa5,0x08,
    0xa5,0x08,0xa5,0x08,0xa5,0x08,0xa5,0x08,0xa5,0x08,0xa5,0x08,0xa5,0x08,0xa5,0x08,
    0xa5,0x08,0xa5,0x08,0xa5,0x08,0xa5,0x08,0xa5,0x08,0xa5,0x08,0xa5,0x08,0xa5,0x08,
    0xa5,0x08,0xa5,0x08,0xa5,0x08,0xa5,0x08,0xa5,0x08,0xa5,0x08,0xa5,0x08,0xa5,0x08,
    0xa5,0x08,0xa5,0x08,0xa5,0x08,0xa5,0x08,0xa5,0x08,0xa5,0x08,0xa5,0x08,0xa5,0x08,
    0xa5,0x08,0xa5,0x08,0xa5,0x08,0xa5,0x08,0xa5,0x08,0xa5,0x08,0xa5,0x08,0xa5,0x08,
    0xa5,0x08,0xa5,0x08,0xa5,0x08,0xa5,0x08,0xa5,0x08,0xa5,0x08,0xa5,0x08,0xa5,0x08,
    0xa5,0x08,0xa5,0x08,0xa5,0x08,0xa5,0x08,0xa5,0x08,0xa5,0x08,0xa5,0x08,0xa5,0x08,
    0xa5,0x08,0xa5,0x08,0xa5,0x08,0xa5,0x08,0xa5,0x08,0xa5,0x08,0xa5,0x08,0xa5,0x08,
    0xa5,0x08,0xa5,0x08,0xa5,0x08,0xa5,0x08,0xa5,0x08,0xa5,0x08,0xa5,0x08,0xa5,0x08,
    0xa5,0x08,0xa5,0x08,0xa5,0x08,0xa5,0x08,0xa5,0x08,0xa5,0x08,0xa5,0x08,0xa5,0x08,
    0xa5,0x08,0xa5,0x08,0xa5,0x08,0xa5,0x08,0xa5,0x08,0xa5,0x08,0xa5,0x08,0xa5,0x08,
    0xa5,0x08,0xa5,0x08,0xa5,0x08,0xa5,0x08,0xa5,0x08,0xa5,0x08,0xa5,0x08,0xa5,0x08,
    0xa5,0x08,0xa5,0x08,0xa5,0x08,0xa5,0x08,0xa5,0x08,0xa5,0x08,0xa5,0x08,0xa5,0x08,
    0xa5,0x08,0xa5,0x08,0xa5,0x08,0xa5,0x08,0xa5,0x08,0xa5,0x08,0xa5,0x08,0xa5,0x08,
    0xa5,0x08,0xa5,0x08,0xa5,0x08,0xa5,0x08,0xa5,0x08,0xa5,0x08,0xa5,0x08,0xa5,0x08,
    0xa5,0x08,0xa5,0x08,0xa5,0x08,0xa5,0x08,0xa5,0x08,0xa5,0x08,0xa5,0x08,0xa5,0x08,
    0xa5,0x08,0xa5,0x08,0xa5,0x08,0xa5,0x08,0xa5,0x08,0xa5,0x08,0xa5,0x08,0xc5,0x10,
    0xa4,0x08,0xc5,0x10,0x32,0x82,0xd9,0xb2,0xb7,0xa2,0xb8,0xa2,0xb8,0xa2,0xb9,0xa2,
    0xb9,0xa2,0xb9,0xa2,0xb9,0xa2,0xb9,0xa2,0xba,0xa2,0xb9,0xa2,0xba,0x9a,0xb8,0xb2,
    0x28,0x39,0x83,0x00,0xc5,0x10,0xa5,0x08,0xa5,0x08,0xa5,0x08,0xa5,0x08,0xa5,0x08,
    0xa5,0x08,0xa5,0x08,0xa5,0x08,0xa5,0x08,0xa5,0x08,0xa5,0x08,0xa5,0x08,0xa5,0x08,
    0xa5,0x08,0xa5,0x08,0xa5,0x08,0xa5,0x08,0xa5,0x08,0xa5,0x08,0xa5,0x08,0xa5,0x08,
    0xa5,0x08,0xa5,0x08,0xa5,0x08,0xa5,0x08,0xa5,0x08,0xa5,0x08,0xa5,0x08,0xa5,0x08,
    0xa5,0x08,0xa5,0x08,0xa5,0x08,0xa5,0x08,0xa5,0x08,0xa5,0x08,0xa5,0x08,0xa5,0x08,
    0xa5,0x08,0xa5,0x08,0xa5,0x08,0xa5,0x08,0xa5,0x08,0xa5,0x08,0xa5,0x08,0xa5,0x08,
    0xa5,0x08,0xa5,0x08,0xa5,0x08,0xa5,0x08,0xa5,0x08,0xa5,0x08,0xa5,0x08,0xa5,0x08,
    0xa5,0x08,0xa5,0x08,0xa5,0x08,0xa5,0x08,0xa5,0x08,0xa5,0x08,0xa5,0x08,0xa5,0x08,
    0xa5,0x08,0xa5,0x08,0xa5,0x08,0xa5,0x08,0xa5,0x08,0xa5,0x08,0xa5,0x08,0xa5,0x08,
    0xa5,0x08,0xa5,0x08,0xa5,0x08,0xa5,0x08,0xa5,0x08,0xa5,0x08,0xa5,0x08,0xa5,0x08,
    0xa5,0x08,0xa5,0x08,0xa5,0x08,0xa5,0x08,0xa5,0x08,0xa5,0x08,0xa5,0x08,0xa5,0x08,
    0xa5,0x08,0xa5,0x08,0xa5,0x08,0xa5,0x08,0xa5,0x08,0xa5,0x08,0xa5,0x08,0xa5,0x08,
    0xa5,0x08,0xa5,0x08,0xa5,0x08,0xa5,0x08,0xa5,0x08,0xa5,0x08,0xa5,0x08,0xa5,0x08,
    0xa5,0x08,0xa5,0x08,0xa5,0x08,0xa5,0x08,0xa5,0x08,0xa5,0x08,0xa5,0x08,0xa5,0x08,
    0xa5,0x08,0xa5,0x08,0xa5,0x08,0xa5,0x08,0xa5,0x08,0xa5,0x08,0xa5,0x08,0xa5,0x08,
    0xa5,0x08,0xa5,0x08,0xa5,0x08,0xa5,0x08,0xa5,0x08,0xa5,0x08,0xa5,0x08,0xa5,0x08,
    0xa5,0x08,0xa5,0x08,0xa5,0x08,0xa5,0x08,0xa5,0x08,0xa5,0x08,0xa5,0x08,0xa5,0x08,
    0xa5,0x08,0xa5,0x08,0xa5,0x08,0xa5,0x08,0xa5,0x08,0xa5,0x08,0xa5,0x08,0xa5,0x08,
    0xa5,0x08,0xa5,0x08,0xa5,0x08,0xa5,0x08,0xa5,0x08,0xa5,0x08,0xa5,0x08,0xa5,0x08,
    0xa5,0x08,0xa5,0x08,0xa5,0x08,0xa5,0x08,0xa5,0x08,0xa5,0x08,0xa5,0x08,0xa5,0x08,
    0xa5,0x08,0xa5,0x08,0xa5,0x08,0xa5,0x08,0xa5,0x08,0xa5,0x08,0xa5,0x08,0xa5,0x08,
    0xa5,0x08,0xa5,0x08,0xa5,0x08,0xa5,0x08,0xa5,0x08,0xa5,0x08,0xa5,0x08,0xa5,0x08,
    0xa5,0x08,0xa5,0x08,0xa5,0x08,0xa5,0x08,0xa5,0x08,0xa5,0x08,0xa5,0x08,0xa5,0x08,
    0xa5,0x08,0xa5,0x08,0xa5,0x08,0xa5,0x08,0xa5,0x08,0xa5,0x08,0xa5,0x08,0xa5,0x08,
    0xa5,0x08,0xa5,0x08,0xa5,0x08,0xa5,0x08,0xa5,0x08,0xa5,0x08,0xa5,0x08,0xa5,0x08,
    0xa5,0x08,0xa5,0x08,0xa5,0x08,0xa5,0x08,0xc5,0x10,0xa4,0x08,0xc5,0x10,0x33,0x82,
    0xb9,0xaa,0xb8,0xa2,0xb8,0xa2,0xb9,0xa2,0xb9,0xa2,0xb9,0xa2,0xb9,0xa2,0xba,0xa2,
    0xba,0x9a,0xba,0x9a,0xba,0x9a,0xdb,0xa2,0x34,0x72,0xc6,0x10,0xa4,0x08,0xc5,0x10,
    0xa5,0x08,0xa5,0x08,0xa5,0x08,0xa5,0x08,0xa5,0x08,0xa5,0x08,0xa5,0x08,0xa5,0x08,
    0xa5,0x08,0xa5,0x08,0xa5,0x08,0xa5,0x08,0xa5,0x08,0xa5,0x08,0xa5,0x08,0xa5,0x08,
    0xa5,0x08,0xa5,0x08,0xa5,0x08,0xa5,0x08,0xa5,0x08,0xa5,0x08,0xa5,0x08,0xa5,0x08,
    0xa5,0x08,0xa5,0x08,0xa5,0x08,0xa5,0x08,0xa5,0x08,0xa5,0x08,0xa5,0x08,0xa5,0x08,
    0xa5,0x08,0xa5,0x08,0xa5,0x08,0xa5,0x08,0xa5,0x08,0xa5,0x08,0xa5,0x08,0xa5,0x08,
    0xa5,0x08,0xa5,0x08,0xa5,0x08,0xa5,0x08,0xa5,0x08,0xa5,0x08,0xa5,0x08,0xa5,0x08,
    0xa5,0x08,0xa5,0x08,0xa5,0x08,0xa5,0x08,0xa5,0x08,0xa5,0x08,0xa5,0x08,0xa5,0x08,
    0xa5,0x08,0xa5,0x08,0xa5,0x08,0xa5,0x08,0xa5,0x08,0xa5,0x08,0xa5,0x08,0xa5,0x08,
    0xa5,0x08,0xa5,0x08,0xa5,0x08,0xa5,0x08,0xa5,0x08,0xa5,0x08,0xa5,0x08,0xa5,0x08,
    0xa5,0x08,0xa5,0x08,0xa5,0x08,0xa5,0x08,0xa5,0x08,0xa5,0x08,0xa5,0x08,0xa5,0x08,
    0xa5,0x08,0xa5,0x08,0xa5,0x08,0xa5,0x08,0xa5,0x08,0xa5,0x08,0xa5,0x08,0xa5,0x08,
    0xa5,0x08,0xa5,0x08,0xa5,0x08,0xa5,0x08,0xa5,0x08,0xa5,0x08,0xa5,0x08,0xa5,0x08,
    0xa5,0x08,0xa5,0x08,0xa5,0x08,0xa5,0x08,0xa5,0x08,0xa5,0x08,0xa5,0x08,0xa5,0x08,
    0xa5,0x08,0xa5,0x08,0xa5,0x08,0xa5,0x08,0xa5,0x08,0xa5,0x08,0xa5,0x08,0xa5,0x08,
    0xa5,0x08,0xa5,0x08,0xa5,0x08,0xa5,0x08,0xa5,0x08,0xa5,0x08,0xa5,0x08,0xa5,0x08,
    0xa5,0x08,0xa5,0x08,0xa5,0x08,0xa5,0x08,0xa5,0x08,0xa5,0x08,0xa5,0x08,0xa5,0x08,
    0xa5,0x08,0xa5,0x08,0xa5,0x08,0xa5,0x08,0xa5,0x08,0xa5,0x08,0xa5,0x08,0xa5,0x08,
    0xa5,0x08,0xa5,0x08,0xa5,0x08,0xa5,0x08,0xa5,0x08,0xa5,0x08,0xa5,0x08,0xa5,0x08,
    0xa5,0x08,0xa5,0x08,0xa5,0x08,0xa5,0x08,0xa5,0x08,0xa5,0x08,0xa5,0x08,0xa5,0x08,
    0xa5,0x08,0xa5,0x08,0xa5,0x08,0xa5,0x08,0xa5,0x08,0xa5,0x08,0xa5,0x08,0xa5,0x08,
    0xa5,0x08,0xa5,0x08,0xa5,0x08,0xa5,0x08,0xa5,0x08,0xa5,0x08,0xa5,0x08,0xa5,0x08,
    0xa5,0x08,0xa5,0x08,0xa5,0x08,0xa5,0x08,0xa5,0x08,0xa5,0x08,0xa5,0x08,0xa5,0x08,
    0xa5,0x08,0xa5,0x08,0xa5,0x08,0xa5,0x08,0xa5,0x08,0xa5,0x08,0xa5,0x08,0xa5,0x08,
    0xa5,0x08,0xa5,0x08,0xa5,0x08,0xa5,0x08,0xa5,0x08,0xa5,0x08,0xa5,0x08,0xa5,0x08,
    0xa5,0x08,0xa5,0x08,0xa5,0x08,0xa5,0x08,0xa5,0x08,0xa5,0x08,0xa5,0x08,0xa5,0x08,
    0xa5,0x08,0xc5,0x10,0xa4,0x08,0xc5,0x10,0x75,0x9a,0xb9,0xaa,0xb8,0xa2,0xb9,0xa2,
    0xb9,0xa2,0xb9,0xa2,0xba,0x9a,0xba,0x9a,0xda,0x9a,0xda,0x9a,0xda,0x9a,0xba,0x9a,
    0xfc,0xaa,0x55,0x7a,0xc5,0x10,0xa5,0x08,0xc5,0x10,0xa5,0x08,0xa5,0x08,0xa5,0x08,
    0xa5,0x08,0xa5,0x08,0xa5,0x08,0xa5,0x08,0xa5,0x08,0xa5,0x08,0xa5,0x08,0xa5,0x08,
    0xa5,0x08,0xa5,0x08,0xa5,0x08,0xa5,0x08,0xa5,0x08,0xa5,0x08,0xa5,0x08,0xa5,0x08,
    0xa5,0x08,0xa5,0x08,0xa5,0x08,0xa5,0x08,0xa5,0x08,0xa5,0x08,0xa5,0x08,0xa5,0x08,
    0xa5,0x08,0xa5,0x08,0xa5,0x08,0xa5,0x08,0xa5,0x08,0xa5,0x08,0xa5,0x08,0xa5,0x08,
    0xa5,0x08,0xa5,0x08,0xa5,0x08,0xa5,0x08,0xa5,0x08,0xa5,0x08,0xa5,0x08,0xa5,0x08,
    0xa5,0x08,0xa5,0x08,0xa5,0x08,0xa5,0x08,0xa5,0x08,0xa5,0x08,0xa5,0x08,0xa5,0x08,
    0xa5,0x08,0xa5,0x08,0xa5,0x08,0xa5,0x08,0xa5,0x08,0xa5,0x08,0xa5,0x08,0xa5,0x08,
    0xa5,0x08,0xa5,0x08,0xa5,0x08,0xa5,0x08,0xa5,0x08,0xa5,0x08,0xa5,0x08,0xa5,0x08,
    0xa5,0x08,0xa5,0x08,0xa5,0x08,0xa5,0x08,0xa5,0x08,0xa5,0x08,0xa5,0x08,0xa5,0x08,
    0xa5,0x08,0xa5,0x08,0xa5,0x08,0xa5,0x08,0xa5,0x08,0xa5,0x08,0xa5,0x08,0xa5,0x08,
    0xa5,0x08,0xa5,0x08,0xa5,0x08,0xa5,0x08,0xa5,0x08,0xa5,0x08,0xa5,0x08,0xa5,0x08,
    0xa5,0x08,0xa5,0x08,0xa5,0x08,0xa5,0x08,0xa5,0x08,0xa5,0x08,0xa5,0x08,0xa5,0x08,
    0xa5,0x08,0xa5,0x08,0xa5,0x08,0xa5,0x08,0xa5,0x08,0xa5,0x08,0xa5,0x08,0xa5,0x08,
    0xa5,0x08,0xa5,0x08,0xa5,0x08,0xa5,0x08,0xa5,0x08,0xa5,0x08,0xa5,0x08,0xa5,0x08,
    0xa5,0x08,0xa5,0x08,0xa5,0x08,0xa5,0x08,0xa5,0x08,0xa5,0x08,0xa5,0x08,0xa5,0x08,
    0xa5,0x08,0xa5,0x08,0xa5,0x08,0xa5,0x08,0xa5,0x08,0xa5,0x08,0xa5,0x08,0xa5,0x08,
    0xa5,0x08,0xa5,0x08,0xa5,0x08,0xa5,0x08,0xa5,0x08,0xa5,0x08,0xa5,0x08,0xa5,0x08,
    0xa5,0x08,0xa5,0x08,0xa5,0x08,0xa5,0x08,0xa5,0x08,0xa5,0x08,0xa5,0x08,0xa5,0x08,
    0xa5,0x08,0xa5,0x08,0xa5,0x08,0xa5,0x08,0xa5,0x08,0xa5,0x08,0xa5,0x08,0xa5,0x08,
    0xa5,0x08,0xa5,0x08,0xa5,0x08,0xa5,0x08,0xa5,0x08,0xa5,0x08,0xa5,0x08,0xa5,0x08,
    0xa5,0x08,0xa5,0x08,0xa5,0x08,0xa5,0x08,0xa5,0x08,0xa5,0x08,0xa5,0x08,0xa5,0x08,
    0xa5,0x08,0xa5,0x08,0xa5,0x08,0xa5,0x08,0xa5,0x08,0xa5,0x08,0xa5,0x08,0xa5,0x08,
    0xa5,0x08,0xa5,0x08,0xa5,0x08,0xa5,0x08,0xa5,0x08,0xa5,0x08,0xa5,0x08,0xa5,0x08,
    0xa5,0x08,0xa5,0x08,0xa5,0x08,0xa5,0x08,0xa5,0x08,0xa5,0x08,0xa5,0x08,0xa5,0x08,
    0xa5,0x08,0xa5,0x08,0xa5,0x08,0xa5,0x08,0xa5,0x08,0xa5,0x08,0xc5,0x10,0x84,0x00,
    0x8b,0x61,0xd8,0xba,0xb9,0x9a,0xb9,0xa2,0xb9,0xa2,0xba,0xa2,0xba,0x9a,0xda,0x9a,
    0xda,0x9a,0xda,0x9a,0xdb,0x9a,0xdb,0x9a,0xba,0x9a,0xfc,0xa2,0x56,0x7a,0xa5,0x08,
    0xa4,0x08,0xc5,0x10,0xa5,0x08,0xa5,0x08,0xa5,0x08,0xa5,0x08,0xa5,0x08,0xa5,0x08,
    0xa5,0x08,0xa5,0x08,0xa5,0x08,0xa5,0x08,0xa5,0x08,0xa5,0x08,0xa5,0x08,0xa5,0x08,
    0xa5,0x08,0xa5,0x08,0xa5,0x08,0xa5,0x08,0xa5,0x08,0xa5,0x08,0xa5,0x08,0xa5,0x08,
    0xa5,0x08,0xa5,0x08,0xa5,0x08,0xa5,0x08,0xa5,0x08,0xa5,0x08,0xa5,0x08,0xa5,0x08,
    0xa5,0x08,0xa5,0x08,0xa5,0x08,0xa5,0x08,0xa5,0x08,0xa5,0x08,0xa5,0x08,0xa5,0x08,
    0xa5,0x08,0xa5,0x08,0xa5,0x08,0xa5,0x08,0xa5,0x08,0xa5,0x08,0xa5,0x08,0xa5,0x08,
    0xa5,0x08,0xa5,0x08,0xa5,0x08,0xa5,0x08,0xa5,0x08,0xa5,0x08,0xa5,0x08,0xa5,0x08,
    0xa5,0x08,0xa5,0x08,0xa5,0x08,0xa5,0x08,0xa5,0x08,0xa5,0x08,0xa5,0x08,0xa5,0x08,
    0xa5,0x08,0xa5,0x08,0xa5,0x08,0xa5,0x08,0xa5,0x08,0xa5,0x08,0xa5,0x08,0xa5,0x08,
    0xa5,0x08,0xa5,0x08,0xa5,0x08,0xa5,0x08,0xa5,0x08,0xa5,0x08,0xa5,0x08,0xa5,0x08,
    0xa5,0x08,0xa5,0x08,0xa5,0x08,0xa5,0x08,0xa5,0x08,0xa5,0x08,0xa5,0x08,0xa5,0x08,
    0xa5,0x08,0xa5,0x08,0xa5,0x08,0xa5,0x08,0xa5,0x08,0xa5,0x08,0xa5,0x08,0xa5,0x08,
    0xa5,0x08,0xa5,0x08,0xa5,0x08,0xa5,0x08,0xa5,0x08,0xa5,0x08,0xa5,0x08,0xa5,0x08,
    0xa5,0x08,0xa5,0x08,0xa5,0x08,0xa5,0x08,0xa5,0x08,0xa5,0x08,0xa5,0x08,0xa5,0x08,
    0xa5,0x08,0xa5,0x08,0xa5,0x08,0xa5,0x08,0xa5,0x08,0xa5,0x08,0xa5,0x08,0xa5,0x08,
    0xa5,0x08,0xa5,0x08,0xa5,0x08,0xa5,0x08,0xa5,0x08,0xa5,0x08,0xa5,0x08,0xa5,0x08,
    0xa5,0x08,0xa5,0x08,0xa5,0x08,0xa5,0x08,0xa5,0x08,0xa5,0x08,0xa5,0x08,0xa5,0x08,
    0xa5,0x08,0xa5,0x08,0xa5,0x08,0xa5,0x08,0xa5,0x08,0xa5,0x08,0xa5,0x08,0xa5,0x08,
    0xa5,0x08,0xa5,0x08,0xa5,0x08,0xa5,0x08,0xa5,0x08,0xa5,0x08,0xa5,0x08,0xa5,0x08,
    0xa5,0x08,0xa5,0x08,0xa5,0x08,0xa5,0x08,0xa5,0x08,0xa5,0x08,0xa5,0x08,0xa5,0x08,
    0xa5,0x08,0xa5,0x08,0xa5,0x08,0xa5,0x08,0xa5,0x08,0xa5,0x08,0xa5,0x08,0xa5,0x08,
    0xa5,0x08,0xa5,0x08,0xa5,0x08,0xa5,0x08,0xa5,0x08,0xa5,0x08,0xa5,0x08,0xa5,0x08,
    0xa5,0x08,0xa5,0x08,0xa5,0x08,0xa5,0x08,0xa5,0x08,0xa5,0x08,0xa5,0x08,0xa5,0x08,
    0xa5,0x08,0xa5,0x08,0xa5,0x08,0xa5,0x08,0xa5,0x08,0xa5,0x08,0xa5,0x08,0xa5,0x08,
    0xa5,0x08,0xa5,0x08,0xa5,0x08,0xa5,0x08,0xa5,0x08,0xa5,0x08,0xa5,0x08,0xa5,0x08,
    0xa5,0x08,0xa5,0x08,0xa5,0x08,0xa5,0x08,0xa5,0x08,0x0f,0x9a,0xd8,0xba,0xb9,0xa2,
    0xb9,0x9a,0xba,0x9a,0xba,0x9a,0xda,0x9a,0xda,0x9a,0xdb,0x9a,0xdb,0x9a,0xdb,0x9a,
    0xdb,0x9a,0xdb,0x92,0xfc,0xa2,0x56,0x7a,0xc5,0x10,0xa4,0x08,0xc5,0x10,0xa5,0x08,
    0xa5,0x08,0xa5,0x08,0xa5,0x08,0xa5,0x08,0xa5,0x08,0xa5,0x08,0xa5,0x08,0xa5,0x08,
    0xa5,0x08,0xa5,0x08,0xa5,0x08,0xa5,0x08,0xa5,0x08,0xa5,0x08,0xa5,0x08,0xa5,0x08,
    0xa5,0x08,0xa5,0x08,0xa5,0x08,0xa5,0x08,0xa5,0x08,0xa5,0x08,0xa5,0x08,0xa5,0x08,
    0xa5,0x08,0xa5,0x08,0xa5,0x08,0xa5,0x08,0xa5,0x08,0xa5,0x08,0xa5,0x08,0xa5,0x08,
    0xa5,0x08,0xa5,0x08,0xa5,0x08,0xa5,0x08,0xa5,0x08,0xa5,0x08,0xa5,0x08,0xa5,0x08,
    0xa5,0x08,0xa5,0x08,0xa5,0x08,0xa5,0x08,0xa5,0x08,0xa5,0x08,0xa5,0x08,0xa5,0x08,
    0xa5,0x08,0xa5,0x08,0xa5,0x08,0xa5,0x08,0xa5,0x08,0xa5,0x08,0xa5,0x08,0xa5,0x08,
    0xa5,0x08,0xa5,0x08,0xa5,0x08,0xa5,0x08,0xa5,0x08,0xa5,0x08,0xa5,0x08,0xa5,0x08,
    0xa5,0x08,0xa5,0x08,0xa5,0x08,0xa5,0x08,0xa5,0x08,0xa5,0x08,0xa5,0x08,0xa5,0x08,
    0xa5,0x08,0xa5,0x08,0xa5,0x08,0xa5,0x08,0xa5,0x08,0xa5,0x08,0xa5,0x08,0xa5,0x08,
    0xa5,0x08,0xa5,0x08,0xa5,0x08,0xa5,0x08,0xa5,0x08,0xa5,0x08,0xa5,0x08,0xa5,0x08,
    0xa5,0x08,0xa5,0x08,0xa5,0x08,0xa5,0x08,0xa5,0x08,0xa5,0x08,0xa5,0x08,0xa5,0x08,
    0xa5,0x08,0xa5,0x08,0xa5,0x08,0xa5,0x08,0xa5,0x08,0xa5,0x08,0xa5,0x08,0xa5,0x08,
    0xa5,0x08,0xa5,0x08,0xa5,0x08,0xa5,0x08,0xa5,0x08,0xa5,0x08,0xa5,0x08,0xa5,0x08,
    0xa5,0x08,0xa5,0x08,0xa5,0x08,0xa5,0x08,0xa5,0x08,0xa5,0x08,0xa5,0x08,0xa5,0x08,
    0xa5,0x08,0xa5,0x08,0xa5,0x08,0xa5,0x08,0xa5,0x08,0xa5,0x08,0xa5,0x08,0xa5,0x08,
    0xa5,0x08,0xa5,0x08,0xa5,0x08,0xa5,0x08,0xa5,0x08,0xa5,0x08,0xa5,0x08,0xa5,0x08,
    0xa5,0x08,0xa5,0x08,0xa5,0x08,0xa5,0x08,0xa5,0x08,0xa5,0x08,0xa5,0x08,0xa5,0x08,
    0xa5,0x08,0xa5,0x08,0xa5,0x08,0xa5,0x08,0xa5,0x08,0xa5,0x08,0xa5,0x08,0xa5,0x08,
    0xa5,0x08,0xa5,0x08,0xa5,0x08,0xa5,0x08,0xa5,0x08,0xa5,0x08,0xa5,0x08,0xa5,0x08,
    0xa5,0x10,0xc5,0x10,0xc5,0x10,0xa5,0x10,0xa5,0x08,0xa5,0x08,0xa5,0x08,0xa5,0x08,
    0xa5,0x08,0xa5,0x08,0xa5,0x08,0xa5,0x08,0xa5,0x08,0xa5,0x08,0xa5,0x08,0xa5,0x08,
    0xa5,0x08,0xa5,0x08,0xa5,0x08,0xa5,0x08,0xa5,0x08,0xa5,0x08,0xa5,0x08,0xa5,0x08,
    0xa5,0x08,0xa5,0x08,0xa5,0x08,0xa5,0x08,0xa5,0x08,0xa5,0x08,0xa5,0x08,0xa5,0x08,
    0xa5,0x08,0xa5,0x08,0xa5,0x08,0xa5,0x08,0xa5,0x08,0xa5,0x08,0xa5,0x08,0xa5,0x10,
    0xa5,0x08,0xc5,0x10,0xcd,0x71,0xb7,0xaa,0xda,0xa2,0xb9,0x9a,0xda,0x9a,0xda,0x9a,
    0xdb,0x9a,0xdb,0x9a,0xdb,0x9a,0xdb,0x9a,0xdb,0x9a,0xdc,0x92,0xdb,0x92,0xfd,0x9a,
    0x56,0x7a,0xc5,0x10,0xa4,0x08,0xc5,0x10,0xa5,0x08,0xa5,0x08,0xa5,0x08,0xa5,0x08,
    0xa5,0x08,0xa5,0x08,0xa5,0x08,0xa5,0x08,0xa5,0x08,0xa5,0x08,0xa5,0x08,0xa5,0x08,
    0xa5,0x08,0xa5,0x08,0xa5,0x08,0xa5,0x08,0xa5,0x08,0xa5,0x08,0xa5,0x08,0xa5,0x08,
    0xa5,0x08,0xa5,0x08,0xa5,0x08,0xa5,0x08,0xa5,0x08,0xa5,0x08,0xa5,0x08,0xa5,0x08,
    0xa5,0x08,0xa5,0x08,0xa5,0x08,0xa5,0x08,0xa5,0x08,0xa5,0x08,0xa5,0x08,0xa5,0x08,
    0xa5,0x08,0xa5,0x08,0xa5,0x08,0xa5,0x08,0xa5,0x08,0xa5,0x08,0xa5,0x08,0xa5,0x08,
    0xa5,0x08,0xa5,0x08,0xa5,0x08,0xa5,0x08,0xa5,0x08,0xa5,0x08,0xa5,0x08,0xa5,0x08,
    0xa5,0x08,0xa5,0x08,0xa5,0x08,0xa5,0x08,0xa5,0x08,0xa5,0x08,0xa5,0x08,0xa5,0x08,
    0xa5,0x08,0xa5,0x08,0xa5,0x08,0xa5,0x08,0xa5,0x08,0xa5,0x08,0xa5,0x08,0xa5,0x08,
    0xa5,0x08,0xa5,0x08,0xa5,0x08,0xa5,0x08,0xa5,0x08,0xa5,0x08,0xa5,0x08,0xa5,0x08,
    0xa5,0x08,0xa5,0x08,0xa5,0x08,0xa5,0x08,0xa5,0x08,0xa5,0x08,0xa5,0x08,0xa5,0x08,
    0xa5,0x08,0xa5,0x08,0xa5,0x08,0xa5,0x08,0xa5,0x08,0xa5,0x08,0xa5,0x08,0xa5,0x08,
    0xa5,0x08,0xa5,0x08,0xa5,0x08,0xa5,0x08,0xa5,0x08,0xa5,0x08,0xa5,0x08,0xa5,0x08,
    0xa5,0x08,0xa5,0x08,0xa5,0x08,0xa5,0x08,0xa5,0x08,0xa5,0x08,0xa5,0x08,0xa5,0x08,
    0xa5,0x08,0xa5,0x08,0xa5,0x08,0xa5,0x08,0xa5,0x08,0xa5,0x08,0xa5,0x08,0xa5,0x08,
    0xa5,0x08,0xa5,0x08,0xa5,0x08,0xa5,0x08,0xa5,0x08,0xa5,0x08,0xa5,0x08,0xa5,0x08,
    0xa5,0x08,0xa5,0x08,0xa5,0x08,0xa5,0x08,0xa5,0x08,0xa5,0x08,0xa5,0x08,0xa5,0x08,
    0xa5,0x08,0xa5,0x08,0xa5,0x08,0xa5,0x08,0xa5,0x08,0xa5,0x08,0xa5,0x08,0xa5,0x08,
    0xa5,0x08,0xa5,0x08,0xa5,0x08,0xa5,0x08,0xa5,0x08,0xa5,0x08,0xa5,0x08,0xa5,0x08,
    0xa5,0x08,0xa5,0x08,0xa5,0x08,0xa5,0x08,0xa5,0x08,0xa5,0x08,0xa5,0x08,0xa5,0x08,
    0xa5,0x08,0xa5,0x08,0xa5,0x08,0xa5,0x08,0xa5,0x08,0xa5,0x08,0xa5,0x08,0xa5,0x08,
    0xa5,0x08,0xa5,0x08,0xa5,0x08,0xa5,0x08,0xa5,0x08,0xa5,0x08,0xa5,0x08,0xa5,0x08,
    0xa5,0x08,0xa5,0x08,0xa5,0x08,0xa5,0x08,0xa5,0x08,0xa5,0x08,0xa5,0x08,0xa5,0x08,
    0xa5,0x08,0xa5,0x08,0xa5,0x08,0xa5,0x08,0xa5,0x08,0xa5,0x08,0xa5,0x08,0xa5,0x08,
    0xa5,0x08,0xa5,0x08,0xa5,0x08,0xa5,0x08,0xa5,0x08,0xa5,0x08,0xa5,0x08,0xa5,0x08,
    0xa5,0x08,0xa5,0x08,0xa5,0x08,0xa5,0x08,0xa5,0x10,0xa5,0x08,0xa4,0x00,0xe6,0x20,
    0x34,0x7a,0xdb,0xaa,0xba,0x9a,0xda,0x9a,0xdb,0x9a,0xdb,0x9a,0xdb,0x9a,0xdb,0x9a,
    0xdc,0x92,0xdc,0x92,0xdc,0x92,0xdc,0x92,0xfe,0xa2,0x56,0x72,0xc5,0x10,0xa4,0x08,
    0xc5,0x10,0xa5,0x08,0xa5,0x08,0xa5,0x08,0xa5,0x08,0xa5,0x08,0xa5,0x08,0xa5,0x08,
    0xa5,0x08,0xa5,0x08,0xa5,0x08,0xa5,0x08,0xa5,0x08,0xa5,0x08,0xa5,0x08,0xa5,0x08,
    0xa5,0x08,0xa5,0x08,0xa5,0x08,0xa5,0x08,0xa5,0x08,0xa5,0x08,0xa5,0x08,0xa5,0x08,
    0xa5,0x08,0xa5,0x08,0xa5,0x08,0xa5,0x08,0xa5,0x08,0xa5,0x08,0xa5,0x08,0xa5,0x08,
    0xa5,0x08,0xa5,0x08,0xa5,0x08,0xa5,0x08,0xa5,0x08,0xa5,0x08,0xa5,0x08,0xa5,0x08,
    0xa5,0x08,0xa5,0x08,0xa5,0x08,0xa5,0x08,0xa5,0x08,0xa5,0x08,0xa5,0x08,0xa5,0x08,
    0xa5,0x08,0xa5,0x08,0xa5,0x08,0xa5,0x08,0xa5,0x08,0xa5,0x08,0xa5,0x08,0xa5,0x08,
    0xa5,0x08,0xa5,0x08,0xa5,0x08,0xa5,0x08,0xa5,0x08,0xa5,0x08,0xa5,0x08,0xa5,0x08,
    0xa5,0x08,0xa5,0x08,0xa5,0x08,0xa5,0x08,0xa5,0x08,0xa5,0x08,0xa5,0x08,0xa5,0x08,
    0xa5,0x08,0xa5,0x08,0xa5,0x08,0xa5,0x08,0xa5,0x08,0xa5,0x08,0xa5,0x08,0xa5,0x08,
    0xa5,0x08,0xa5,0x08,0xa5,0x08,0xa5,0x08,0xa5,0x08,0xa5,0x08,0xa5,0x08,0xa5,0x08,
    0xa5,0x08,0xa5,0x08,0xa5,0x08,0xa5,0x08,0xa5,0x08,0xa5,0x08,0xa5,0x08,0xa5,0x08,
    0xa5,0x08,0xa5,0x08,0xa5,0x08,0xa5,0x08,0xa5,0x08,0xa5,0x08,0xa5,0x08,0xa5,0x08,
    0xa5,0x08,0xa5,0x08,0xa5,0x08,0xa5,0x08,0xa5,0x08,0xa5,0x08,0xa5,0x08,0xa5,0x08,
    0xa5,0x08,0xa5,0x08,0xa5,0x08,0xa5,0x08,0xa5,0x08,0xa5,0x08,0xa5,0x08,0xa5,0x08,
    0xa5,0x08,0xa5,0x08,0xa5,0x08,0xa5,0x08,0xa5,0x08,0xa5,0x08,0xa5,0x08,0xa5,0x08,
    0xa5,0x08,0xa5,0x08,0xa5,0x08,0xa5,0x08,0xa5,0x08,0xa5,0x08,0xa5,0x08,0xa5,0x08,
    0xa5,0x08,0xa5,0x08,0xa5,0x08,0xa5,0x08,0xa5,0x08,0xa5,0x08,0xa5,0x08,0xa5,0x08,
    0xa5,0x08,0xa5,0x08,0xa5,0x08,0xa5,0x08,0xa5,0x08,0xa5,0x08,0xa5,0x08,0xa5,0x08,
    0xa5,0x08,0xa5,0x08,0xa5,0x08,0xa5,0x08,0xa5,0x08,0xa5,0x08,0xa5,0x08,0xa5,0x08,
    0xc5,0x10,0xe5,0x18,0xe5,0x18,0xc5,0x10,0xa5,0x08,0xa5,0x08,0xa5,0x08,0xa5,0x08,
    0xa5,0x08,0xa5,0x08,0xa5,0x08,0xa5,0x08,0xa5,0x08,0xa5,0x08,0xa5,0x08,0xa5,0x08,
    0xa5,0x08,0xa5,0x08,0xa5,0x08,0xa5,0x08,0xa5,0x08,0xa5,0x08,0xa5,0x08,0xa5,0x08,
    0xa5,0x08,0xa5,0x08,0xa5,0x08,0xa5,0x08,0xa5,0x08,0xa5,0x08,0xa5,0x08,0xa5,0x08,
    0xa5,0x08,0xa5,0x08,0xa5,0x08,0xa5,0x08,0xa5,0x08,0xa5,0x08,0xa5,0x08,0xa5,0x08,
    0xa5,0x08,0xa5,0x10,0xc5,0x10,0xa4,0x08,0xa5,0x10,0x55,0x82,0xdb,0xa2,0xba,0x9a,
    0xdb,0x9a,0xdb,0x9a,0xdb,0x9a,0xdc,0x92,0xdc,0x92,0xdc,0x92,0xdc,0x92,0xdc,0x92,
    0xdc,0x92,0xfe,0x9a,0x57,0x72,0xc5,0x10,0xa4,0x08,0xc5,0x10,0xa5,0x08,0xa5,0x08,
    0xa5,0x08,0xa5,0x08,0xa5,0x08,0xa5,0x08,0xa5,0x08,0xa5,0x08,0xa5,0x08,0xa5,0x08,
    0xa5,0x08,0xa5,0x08,0xa5,0x08,0xa5,0x08,0xa5,0x08,0xa5,0x08,0xa5,0x08,0xa5,0x08,
    0xa5,0x08,0xa5,0x08,0xa5,0x08,0xa5,0x08,0xa5,0x08,0xa5,0x08,0xa5,0x08,0xa5,0x08,
    0xa5,0x08,0xa5,0x08,0xa5,0x08,0xa5,0x08,0xa5,0x08,0xa5,0x08,0xa5,0x08,0xa5,0x08,
    0xa5,0x08,0xa5,0x08,0xa5,0x08,0xa5,0x08,0xa5,0x08,0xa5,0x08,0xa5,0x08,0xa5,0x08,
    0xa5,0x08,0xa5,0x08,0xa5,0x08,0xa5,0x08,0xa5,0x08,0xa5,0x08,0xa5,0x08,0xa5,0x08,
    0xa5,0x08,0xa5,0x08,0xa5,0x08,0xa5,0x08,0xa5,0x08,0xa5,0x08,0xa5,0x08,0xa5,0x08,
    0xa5,0x08,0xa5,0x08,0xa5,0x08,0xa5,0x08,0xa5,0x08,0xa5,0x08,0xa5,0x08,0xa5,0x08,
    0xa5,0x08,0xa5,0x08,0xa5,0x08,0xa5,0x08,0xa5,0x08,0xa5,0x08,0xa5,0x08,0xa5,0x08,
    0xa5,0x08,0xa5,0x08,0xa5,0x08,0xa5,0x08,0xa5,0x08,0xa5,0x08,0xa5,0x08,0xa5,0x08,
    0xa5,0x08,0xa5,0x08,0xa5,0x08,0xa5,0x08,0xa5,0x08,0xa5,0x08,0xa5,0x08,0xa5,0x08,
    0xa5,0x08,0xa5,0x08,0xa5,0x08,0xa5,0x08,0xa5,0x08,0xa5,0x08,0xa5,0x08,0xa5,0x08,
    0xa5,0x08,0xa5,0x08,0xa5,0x08,0xa5,0x08,0xa5,0x08,0xa5,0x08,0xa5,0x08,0xa5,0x08,
    0xa5,0x08,0xa5,0x08,0xa5,0x08,0xa5,0x08,0xa5,0x08,0xa5,0x08,0xa5,0x08,0xa5,0x08,
    0xa5,0x08,0xa5,0x08,0xa5,0x08,0xa5,0x08,0xa5,0x08,0xa5,0x08,0xa5,0x08,0xa5,0x08,
    0xa5,0x08,0xa5,0x08,0xa5,0x08,0xa5,0x08,0xa5,0x08,0xa5,0x08,0xa5,0x08,0xa5,0x08,
    0xa5,0x08,0xa5,0x08,0xa5,0x08,0xa5,0x08,0xa5,0x08,0xa5,0x08,0xa5,0x08,0xa5,0x08,
    0xa5,0x08,0xa5,0x08,0xa5,0x08,0xa5,0x08,0xa5,0x08,0xa5,0x08,0xa5,0x08,0xa5,0x08,
    0xa5,0x08,0xa5,0x08,0xa5,0x08,0xa5,0x08,0xa5,0x08,0xa5,0x08,0xa5,0x08,0xa5,0x08,
    0xa5,0x08,0xa5,0x08,0xc5,0x10,0x65,0x00,0x64,0x7a,0x23,0xec,0x23,0xec,0x64,0x7a,
    0x65,0x00,0xc5,0x10,0xa5,0x08,0xa5,0x08,0xa5,0x08,0xa5,0x08,0xa5,0x08,0xa5,0x08,
    0xa5,0x08,0xa5,0x08,0xa5,0x08,0xa5,0x08,0xa5,0x08,0xa5,0x08,0xa5,0x08,0xa5,0x08,
    0xa5,0x08,0xa5,0x08,0xa5,0x08,0xa5,0x08,0xa5,0x08,0xa5,0x08,0xa5,0x08,0xa5,0x08,
    0xa5,0x08,0xa5,0x08,0xa5,0x08,0xa5,0x08,0xa5,0x08,0xa5,0x08,0xa5,0x08,0xa5,0x08,
    0xa5,0x08,0xa5,0x08,0xa5,0x08,0xa5,0x08,0xa5,0x08,0xa5,0x08,0xa5,0x08,0xc5,0x10,
    0xa4,0x08,0xa5,0x08,0x56,0x82,0xfc,0xa2,0xbb,0x92,0xdb,0x9a,0xdc,0x92,0xdc,0x92,
    0xdc,0x92,0xdc,0x92,0xdc,0x92,0xdd,0x92,0xdd,0x92,0xdc,0x8a,0xfe,0x9a,0x78,0x72,
    0xa5,0x08,0xa4,0x08,0xc5,0x10,0xa5,0x08,0xa5,0x08,0xa5,0x08,0xa5,0x08,0xa5,0x08,
    0xa5,0x08,0xa5,0x08,0xa5,0x08,0xa5,0x08,0xa5,0x08,0xa5,0x08,0xa5,0x08,0xa5,0x08,
    0xa5,0x08,0xa5,0x08,0xa5,0x08,0xa5,0x08,0xa5,0x08,0xa5,0x08,0xa5,0x08,0xa5,0x08,
    0xa5,0x08,0xa5,0x08,0xa5,0x08,0xa5,0x08,0xa5,0x08,0xa5,0x08,0xa5,0x08,0xa5,0x08,
    0xa5,0x08,0xa5,0x08,0xa5,0x08,0xa5,0x08,0xa5,0x08,0xa5,0x08,0xa5,0x08,0xa5,0x08,
    0xa5,0x08,0xa5,0x08,0xa5,0x08,0xa5,0x08,0xa5,0x08,0xa5,0x08,0xa5,0x08,0xa5,0x08,
    0xa5,0x08,0xa5,0x08,0xa5,0x08,0xa5,0x08,0xa5,0x08,0xa5,0x08,0xa5,0x08,0xa5,0x08,
    0xa5,0x08,0xa5,0x08,0xa5,0x08,0xa5,0x08,0xa5,0x08,0xa5,0x08,0xa5,0x08,0xa5,0x08,
    0xa5,0x08,0xa5,0x08,0xa5,0x08,0xa5,0x08,0xa5,0x08,0xa5,0x08,0xa5,0x08,0xa5,0x08,
    0xa5,0x08,0xa5,0x08,0xa5,0x08,0xa5,0x08,0xa5,0x08,0xa5,0x08,0xa5,0x08,0xa5,0x08,
    0xa5,0x08,0xa5,0x08,0xa5,0x08,0xa5,0x08,0xa5,0x08,0xa5,0x08,0xa5,0x08,0xa5,0x08,
    0xa5,0x08,0xa5,0x08,0xa5,0x08,0xa5,0x08,0xa5,0x08,0xa5,0x08,0xa5,0x08,0xa5,0x08,
    0xa5,0x08,0xa5,0x08,0xa5,0x08,0xa5,0x08,0xa5,0x08,0xa5,0x08,0xa5,0x08,0xa5,0x08,
    0xa5,0x08,0xa5,0x08,0xa5,0x08,0xa5,0x08,0xa5,0x08,0xa5,0x08,0xa5,0x08,0xa5,0x08,
    0xa5,0x08,0xa5,0x08,0xa5,0x08,0xa5,0x08,0xa5,0x08,0xa5,0x08,0xa5,0x08,0xa5,0x08,
    0xa5,0x08,0xa5,0x08,0xa5,0x08,0xa5,0x08,0xa5,0x08,0xa5,0x08,0xa5,0x08,0xa5,0x08,
    0xa5,0x08,0xa5,0x08,0xa5,0x08,0xa5,0x08,0xa5,0x08,0xa5,0x08,0xa5,0x08,0xa5,0x08,
    0xa5,0x08,0xa5,0x08,0xa5,0x08,0xa5,0x08,0xa5,0x08,0xa5,0x08,0xa5,0x08,0xa5,0x08,
    0xa5,0x08,0xa5,0x08,0xa5,0x08,0xa5,0x08,0xa5,0x08,0xa5,0x08,0xa5,0x08,0xa5,0x08,
    0xa5,0x08,0xa5,0x08,0xa5,0x08,0xa5,0x08,0xa5,0x08,0xa5,0x08,0xc5,0x10,0x65,0x00,
    0x84,0x82,0x83,0xfc,0x83,0xfc,0x84,0x82,0x65,0x00,0xc5,0x10,0xa5,0x08,0xa5,0x08,
    0xa5,0x08,0xa5,0x08,0xa5,0x08,0xa5,0x08,0xa5,0x08,0xa5,0x08,0xa5,0x08,0xa5,0x08,
    0xa5,0x08,0xa5,0x08,0xa5,0x08,0xa5,0x08,0xa5,0x08,0xa5,0x08,0xa5,0x08,0xa5,0x08,
    0xa5,0x08,0xa5,0x08,0xa5,0x08,0xa5,0x08,0xa5,0x08,0xa5,0x08,0xa5,0x08,0xa5,0x08,
    0xa5,0x08,0xa5,0x08,0xa5,0x08,0xa5,0x08,0xa5,0x08,0xa5,0x08,0xa5,0x08,0xa5,0x08,
    0xa5,0x08,0xa5,0x08,0xa5,0x08,0xa5,0x08,0xc5,0x10,0xa4,0x08,0xa5,0x10,0x55,0x7a,
    0xfd,0xa2,0xbb,0x92,0xdc,0x92,0xdc,0x92,0xdc,0x92,0xdc,0x92,0xdd,0x92,0xdd,0x92,
    0xdd,0x92,0xdd,0x92,0xdd,0x8a,0xfe,0x92,0x78,0x72,0xa5,0x10,0xa4,0x08,0xc5,0x10,
    0xa5,0x08,0xa5,0x08,0xa5,0x08,0xa5,0x08,0xa5,0x08,0xa5,0x08,0xa5,0x08,0xa5,0x08,
    0xa5,0x08,0xa5,0x08,0xa5,0x08,0xa5,0x08,0xa5,0x08,0xa5,0x08,0xa5,0x08,0xa5,0x08,
    0xa5,0x08,0xa5,0x08,0xa5,0x08,0xa5,0x08,0xa5,0x08,0xa5,0x08,0xa5,0x08,0xa5,0x08,
    0xa5,0x08,0xa5,0x08,0xa5,0x08,0xa5,0x08,0xa5,0x08,0xa5,0x08,0xa5,0x08,0xa5,0x08,
    0xa5,0x08,0xa5,0x08,0xa5,0x08,0xa5,0x08,0xa5,0x08,0xa5,0x08,0xa5,0x08,0xa5,0x08,
    0xa5,0x08,0xa5,0x08,0xa5,0x08,0xa5,0x08,0xa5,0x08,0xa5,0x08,0xa5,0x08,0xa5,0x08,
    0xa5,0x08,0xa5,0x08,0xa5,0x08,0xa5,0x08,0xa5,0x08,0xa5,0x08,0xa5,0x08,0xa5,0x08,
    0xa5,0x08,0xa5,0x08,0xa5,0x08,0xa5,0x08,0xa5,0x08,0xa5,0x08,0xa5,0x08,0xa5,0x08,
    0xa5,0x08,0xa5,0x08,0xa5,0x08,0xa5,0x08,0xa5,0x08,0xa5,0x08,0xa5,0x08,0xa5,0x08,
    0xa5,0x08,0xa5,0x08,0xa5,0x08,0xa5,0x08,0xa5,0x08,0xa5,0x08,0xa5,0x08,0xa5,0x08,
    0xa5,0x08,0xa5,0x08,0xa5,0x08,0xa5,0x08,0xa5,0x08,0xa5,0x08,0xa5,0x08,0xa5,0x08,
    0xa5,0x08,0xa5,0x08,0xa5,0x08,0xa5,0x08,0xa5,0x08,0xa5,0x08,0xa5,0x08,0xa5,0x08,
    0xa5,0x08,0xa5,0x08,0xa5,0x08,0xa5,0x08,0xa5,0x08,0xa5,0x08,0xa5,0x08,0xa5,0x08,
    0xa5,0x08,0xa5,0x08,0xa5,0x08,0xa5,0x08,0xa5,0x08,0xa5,0x08,0xa5,0x08,0xa5,0x08,
    0xa5,0x08,0xa5,0x08,0xa5,0x08,0xa5,0x08,0xa5,0x08,0xa5,0x08,0xa5,0x08,0xa5,0x08,
    0xa5,0x08,0xa5,0x08,0xa5,0x08,0xa5,0x08,0xa5,0x08,0xa5,0x08,0xa5,0x08,0xa5,0x08,
    0xa5,0x08,0xa5,0x08,0xa5,0x08,0xa5,0x08,0xa5,0x08,0xa5,0x08,0xa5,0x08,0xa5,0x08,
    0xa5,0x08,0xa5,0x08,0xa5,0x08,0xa5,0x08,0xa5,0x08,0xa5,0x08,0xa5,0x08,0xa5,0x08,
    0xa5,0x08,0xa5,0x08,0xa5,0x08,0xa5,0x08,0xa5,0x08,0xa5,0x08,0xa5,0x08,0xa5,0x08,
    0xa5,0x08,0xa5,0x08,0xc5,0x10,0x65,0x00,0x84,0x82,0x63,0xfc,0x63,0xfc,0x84,0x82,
    0x65,0x00,0xc5,0x10,0xa5,0x08,0xa5,0x08,0xa5,0x08,0xa5,0x08,0xa5,0x08,0xa5,0x08,
    0xa5,0x08,0xa5,0x08,0xa5,0x08,0xa5,0x08,0xa5,0x08,0xa5,0x08,0xa5,0x08,0xa5,0x08,
    0xa5,0x08,0xa5,0x08,0xa5,0x08,0xa5,0x08,0xa5,0x08,0xa5,0x08,0xa5,0x08,0xa5,0x08,
    0xa5,0x08,0xa5,0x08,0xa5,0x08,0xa5,0x08,0xa5,0x08,0xa5,0x08,0xa5,0x08,0xa5,0x08,
    0xa5,0x08,0xa5,0x08,0xa5,0x08,0xa5,0x08,0xa5,0x08,0xa5,0x08,0xa5,0x08,0xa5,0x08,
    0xa5,0x08,0xc5,0x10,0xa4,0x08,0xc5,0x10,0x55,0x7a,0xfd,0xa2,0xdb,0x92,0xdc,0x92,
    0xdc,0x92,0xdd,0x92,0xdd,0x92,0xdd,0x92,0xdd,0x8a,0xdd,0x8a,0xde,0x8a,0xdd,0x8a,
    0xff,0x92,0x58,0x72,0xc5,0x10,0xa4,0x08,0xc5,0x10,0xa5,0x08,0xa5,0x08,0xa5,0x08,
    0xa5,0x08,0xa5,0x08,0xa5,0x08,0xa5,0x08,0xa5,0x08,0xa5,0x08,0xa5,0x08,0xa5,0x08,
    0xa5,0x08,0xa5,0x08,0xa5,0x08,0xa5,0x08,0xa5,0x08,0xa5,0x08,0xa5,0x08,0xa5,0x08,
    0xa5,0x08,0xa5,0x08,0xa5,0x08,0xa5,0x08,0xa5,0x08,0xa5,0x08,0xa5,0x08,0xa5,0x08,
    0xa5,0x08,0xa5,0x08,0xa5,0x08,0xa5,0x08,0xa5,0x08,0xa5,0x08,0xa5,0x08,0xa5,0x08,
    0xa5,0x08,0xa5,0x08,0xa5,0x08,0xa5,0x08,0xa5,0x08,0xa5,0x08,0xa5,0x08,0xa5,0x08,
    0xa5,0x08,0xa5,0x08,0xa5,0x08,0xa5,0x08,0xa5,0x08,0xa5,0x08,0xa5,0x08,0xa5,0x08,
    0xa5,0x08,0xa5,0x08,0xa5,0x08,0xa5,0x08,0xa5,0x08,0xa5,0x08,0xa5,0x08,0xa5,0x08,
    0xa5,0x08,0xa5,0x08,0xa5,0x08,0xa5,0x08,0xa5,0x08,0xa5,0x08,0xa5,0x08,0xa5,0x08,
    0xa5,0x08,0xa5,0x08,0xa5,0x08,0xa5,0x08,0xa5,0x08,0xa5,0x08,0xa5,0x08,0xa5,0x08,
    0xa5,0x08,0xa5,0x08,0xa5,0x08,0xa5,0x08,0xa5,0x08,0xa5,0x08,0xa5,0x08,0xa5,0x08,
    0xa5,0x08,0xa5,0x08,0xa5,0x08,0xa5,0x08,0xa5,0x08,0xa5,0x08,0xa5,0x08,0xa5,0x08,
    0xa5,0x08,0xa5,0x08,0xa5,0x08,0xa5,0x08,0xa5,0x08,0xa5,0x08,0xa5,0x08,0xa5,0x08,
    0xa5,0x08,0xa5,0x08,0xa5,0x08,0xa5,0x08,0xa5,0x08,0xa5,0x08,0xa5,0x08,0xa5,0x08,
    0xa5,0x08,0xa5,0x08,0xa5,0x08,0xa5,0x08,0xa5,0x08,0xa5,0x08,0xa5,0x08,0xa5,0x08,
    0xa5,0x08,0xa5,0x08,0xa5,0x08,0xa5,0x08,0xa5,0x08,0xa5,0x08,0xa5,0x08,0xa5,0x08,
    0xa5,0x08,0xa5,0x08,0xa5,0x08,0xa5,0x08,0xa5,0x08,0xa5,0x08,0xa5,0x08,0xa5,0x08,
    0xa5,0x08,0xa5,0x08,0xa5,0x08,0xa5,0x08,0xa5,0x08,0xa5,0x08,0xa5,0x08,0xa5,0x08,
    0xa5,0x08,0xa5,0x08,0xa5,0x08,0xa5,0x08,0xa5,0x08,0xa5,0x08,0xa5,0x08,0xa5,0x08,
    0xa5,0x08,0xa5,0x08,0xa5,0x08,0xa5,0x08,0xa5,0x08,0xa5,0x08,0xc5,0x10,0x65,0x00,
    0x84,0x82,0x63,0xfc,0x63,0xfc,0x84,0x82,0x65,0x00,0xc5,0x10,0xa5,0x08,0xa5,0x08,
    0xa5,0x08,0xa5,0x08,0xa5,0x08,0xa5,0x08,0xa5,0x08,0xa5,0x08,0xa5,0x08,0xa5,0x08,
    0xa5,0x08,0xa5,0x08,0xa5,0x08,0xa5,0x08,0xa5,0x08,0xa5,0x08,0xa5,0x08,0xa5,0x08,
    0xa5,0x08,0xa5,0x08,0xa5,0x08,0xa5,0x08,0xa5,0x08,0xa5,0x08,0xa5,0x08,0xa5,0x08,
    0xa5,0x08,0xa5,0x08,0xa5,0x08,0xa5,0x08,0xa5,0x08,0xa5,0x08,0xa5,0x08,0xa5,0x08,
    0xa5,0x08,0xa5,0x08,0xa5,0x08,0xa5,0x08,0xa5,0x08,0xa5,0x08,0xc5,0x10,0xa4,0x08,
    0xc5,0x10,0x56,0x7a,0xfd,0x9a,0xdc,0x92,0xdc,0x92,0xdd,0x92,0xdd,0x92,0xdd,0x8a,
    0xdd,0x8a,0xde,0x8a,0xde,0x8a,0xde,0x8a,0xdd,0x8a,0x1f,0x93,0x58,0x6a,0xc6,0x10,
    0xa4,0x08,0xc5,0x10,0xa5,0x08,0xa5,0x08,0xa5,0x08,0xa5,0x08,0xa5,0x08,0xa5,0x08,
    0xa5,0x08,0xa5,0x08,0xa5,0x08,0xa5,0x08,0xa5,0x08,0xa5,0x08,0xa5,0x08,0xa5,0x08,
    0xa5,0x08,0xa5,0x08,0xa5,0x08,0xa5,0x08,0xa5,0x08,0xa5,0x08,0xa5,0x08,0xa5,0x08,
    0xa5,0x08,0xa5,0x08,0xa5,0x08,0xa5,0x08,0xa5,0x08,0xa5,0x08,0xa5,0x08,0xa5,0x08,
    0xa5,0x08,0xa5,0x08,0xa5,0x08,0xa5,0x08,0xa5,0x08,0xa5,0x08,0xa5,0x08,0xa5,0x08,
    0xa5,0x08,0xa5,0x08,0xa5,0x08,0xa5,0x08,0xa5,0x08,0xa5,0x08,0xa5,0x08,0xa5,0x08,
    0xa5,0x08,0xa5,0x08,0xa5,0x08,0xa5,0x08,0xa5,0x08,0xa5,0x08,0xa5,0x08,0xa5,0x08,
    0xa5,0x08,0xa5,0x08,0xa5,0x08,0xa5,0x08,0xa5,0x08,0xa5,0x08,0xa5,0x08,0xa5,0x08,
    0xa5,0x08,0xa5,0x08,0xa5,0x08,0xa5,0x08,0xa5,0x08,0xa5,0x08,0xa5,0x08,0xa5,0x08,
    0xa5,0x08,0xa5,0x08,0xa5,0x08,0xa5,0x08,0xa5,0x08,0xa5,0x08,0xa5,0x08,0xa5,0x08,
    0xa5,0x08,0xa5,0x08,0xa5,0x08,0xa5,0x08,0xa5,0x08,0xa5,0x08,0xa5,0x08,0xa5,0x08,
    0xa5,0x08,0xa5,0x08,0xa5,0x08,0xa5,0x08,0xa5,0x08,0xa5,0x08,0xa5,0x08,0xa5,0x08,
    0xa5,0x08,0xa5,0x08,0xa5,0x08,0xa5,0x08,0xa5,0x08,0xa5,0x08,0xa5,0x08,0xa5,0x08,
    0xa5,0x08,0xa5,0x08,0xa5,0x08,0xa5,0x08,0xa5,0x08,0xa5,0x08,0xa5,0x08,0xa5,0x08,
    0xa5,0x08,0xa5,0x08,0xa5,0x08,0xa5,0x08,0xa5,0x08,0xa5,0x08,0xa5,0x08,0xa5,0x08,
    0xa5,0x08,0xa5,0x08,0xa5,0x08,0xa5,0x08,0xa5,0x08,0xa5,0x08,0xa5,0x08,0xa5,0x08,
    0xa5,0x08,0xa5,0x08,0xa5,0x08,0xa5,0x08,0xa5,0x08,0xa5,0x08,0xa5,0x08,0xa5,0x08,
    0xa5,0x08,0xa5,0x08,0xa5,0x08,0xa5,0x08,0xa5,0x08,0xa5,0x08,0xa5,0x08,0xa5,0x08,
    0xa5,0x08,0xa5,0x08,0xa5,0x08,0xa5,0x08,0xa5,0x08,0xa5,0x08,0xa5,0x08,0xa5,0x08,
    0xa5,0x08,0xa5,0x08,0xc5,0x10,0x65,0x00,0x84,0x82,0x63,0xfc,0x63,0xfc,0x84,0x82,
    0x65,0x00,0xc5,0x10,0xa5,0x08,0xa5,0x08,0xa5,0x08,0xa5,0x08,0xa5,0x08,0xa5,0x08,
    0xa5,0x08,0xa5,0x08,0xa5,0x08,0xa5,0x08,0xa5,0x08,0xa5,0x08,0xa5,0x08,0xa5,0x08,
    0xa5,0x08,0xa5,0x08,0xa5,0x08,0xa5,0x08,0xa5,0x08,0xa5,0x08,0xa5,0x08,0xa5,0x08,
    0xa5,0x08,0xa5,0x08,0xa5,0x08,0xa5,0x08,0xa5,0x08,0xa5,0x08,0xa5,0x08,0xa5,0x08,
    0xa5,0x08,0xa5,0x08,0xa5,0x08,0xa5,0x08,0xa5,0x08,0xa5,0x08,0xa5,0x08,0xa5,0x08,
    0xa5,0x08,0xa5,0x08,0xa5,0x08,0xc5,0x10,0xa4,0x08,0xa5,0x10,0x57,0x7a,0xfd,0x9a,
    0xdc,0x92,0xdd,0x92,0xdd,0x8a,0xdd,0x8a,0xde,0x8a,0xde,0x8a,0xfe,0x8a,0xfe,0x8a,
    0xfe,0x8a,0xde,0x8a,0x1f,0x93,0x78,0x6a,0xc5,0x10,0xa5,0x08,0xc5,0x10,0xa5,0x08,
    0xa5,0x08,0xa5,0x08,0xa5,0x08,0xa5,0x08,0xa5,0x08,0xa5,0x08,0xa5,0x08,0xa5,0x08,
    0xa5,0x08,0xa5,0x08,0xa5,0x08,0xa5,0x08,0xa5,0x08,0xa5,0x08,0xa5,0x08,0xa5,0x08,
    0xa5,0x08,0xa5,0x08,0xa5,0x08,0xa5,0x08,0xa5,0x08,0xa5,0x08,0xa5,0x08,0xa5,0x08,
    0xa5,0x08,0xa5,0x08,0xa5,0x08,0xa5,0x08,0xa5,0x08,0xa5,0x08,0xa5,0x08,0xa5,0x08,
    0xa5,0x08,0xa5,0x08,0xa5,0x08,0xa5,0x08,0xa5,0x08,0xa5,0x08,0xa5,0x08,0xa5,0x08,
    0xa5,0x08,0xa5,0x08,0xa5,0x08,0xa5,0x08,0xa5,0x08,0xa5,0x08,0xa5,0x08,0xa5,0x08,
    0xa5,0x08,0xa5,0x08,0xa5,0x08,0xa5,0x08,0xa5,0x08,0xa5,0x08,0xa5,0x08,0xa5,0x08,
    0xa5,0x08,0xa5,0x08,0xa5,0x08,0xa5,0x08,0xa5,0x08,0xa5,0x08,0xa5,0x08,0xa5,0x08,
    0xa5,0x08,0xa5,0x08,0xa5,0x08,0xa5,0x08,0xa5,0x08,0xa5,0x08,0xa5,0x08,0xa5,0x08,
    0xa5,0x08,0xa5,0x08,0xa5,0x08,0xa5,0x08,0xa5,0x08,0xa5,0x08,0xa5,0x08,0xa5,0x08,
    0xa5,0x08,0xa5,0x08,0xa5,0x08,0xa5,0x08,0xa5,0x08,0xa5,0x08,0xa5,0x08,0xa5,0x08,
    0xa5,0x08,0xa5,0x08,0xa5,0x08,0xa5,0x08,0xa5,0x08,0xa5,0x08,0xa5,0x08,0xa5,0x08,
    0xa5,0x08,0xa5,0x08,0xa5,0x08,0xa5,0x08,0xa5,0x08,0xa5,0x08,0xa5,0x08,0xa5,0x08,
    0xa5,0x08,0xa5,0x08,0xa5,0x08,0xa5,0x08,0xa5,0x08,0xa5,0x08,0xa5,0x08,0xa5,0x08,
    0xa5,0x08,0xa5,0x08,0xa5,0x08,0xa5,0x08,0xa5,0x08,0xa5,0x08,0xa5,0x08,0xa5,0x08,
    0xa5,0x08,0xa5,0x08,0xa5,0x08,0xa5,0x08,0xa5,0x08,0xa5,0x08,0xa5,0x08,0xa5,0x08,
    0xa5,0x08,0xa5,0x08,0xa5,0x08,0xa5,0x08,0xa5,0x08,0xa5,0x08,0xa5,0x08,0xa5,0x08,
    0xa5,0x08,0xa5,0x08,0xa5,0x08,0xa5,0x08,0xa5,0x08,0xa5,0x08,0xa5,0x08,0xa5,0x08,
    0xa5,0x08,0xa5,0x08,0xa5,0x08,0xa5,0x08,0xa5,0x08,0xa5,0x08,0xc5,0x10,0x65,0x00,
    0x84,0x82,0x63,0xfc,0x63,0xfc,0x84,0x82,0x65,0x00,0xc5,0x10,0xa5,0x08,0xa5,0x08,
    0xa5,0x08,0xa5,0x08,0xa5,0x08,0xa5,0x08,0xa5,0x08,0xa5,0x08,0xa5,0x08,0xa5,0x08,
    0xa5,0x08,0xa5,0x08,0xa5,0x08,0xa5,0x08,0xa5,0x08,0xa5,0x08,0xa5,0x08,0xa5,0x08,
    0xa5,0x08,0xa5,0x08,0xa5,0x08,0xa5,0x08,0xa5,0x08,0xa5,0x08,0xa5,0x08,0xa5,0x08,
    0xa5,0x08,0xa5,0x08,0xa5,0x08,0xa5,0x08,0xa5,0x08,0xa5,0x08,0xa5,0x08,0xa5,0x08,
    0xa5,0x08,0xa5,0x08,0xa5,0x08,0xa5,0x08,0xa5,0x08,0xa5,0x08,0xa5,0x08,0xa5,0x08,
    0xc5,0x10,0xa4,0x08,0xa5,0x08,0x57,0x7a,0xfe,0x9a,0xdc,0x8a,0xdd,0x8a,0xde,0x8a,
    0xde,0x8a,0xfe,0x8a,0xfe,0x8a,0xfe,0x8a,0xfe,0x8a,0xfe,0x8a,0xde,0x8a,0x1f,0x93,
    0x79,0x72,0xa4,0x08,0xa4,0x08,0xc5,0x10,0xa5,0x08,0xa5,0x08,0xa5,0x08,0xa5,0x08,
    0xa5,0x08,0xa5,0x08,0xa5,0x08,0xa5,0x08,0xa5,0x08,0xa5,0x08,0xa5,0x08,0xa5,0x08,
    0xa5,0x08,0xa5,0x08,0xa5,0x08,0xa5,0x08,0xa5,0x08,0xa5,0x08,0xa5,0x08,0xa5,0x08,
    0xa5,0x08,0xa5,0x08,0xa5,0x08,0xa5,0x08,0xa5,0x08,0xa5,0x08,0xa5,0x08,0xa5,0x08,
    0xa5,0x08,0xa5,0x08,0xa5,0x08,0xa5,0x08,0xa5,0x08,0xa5,0x08,0xa5,0x08,0xa5,0x08,
    0xa5,0x08,0xa5,0x08,0xa5,0x08,0xa5,0x08,0xa5,0x08,0xa5,0x08,0xa5,0x08,0xa5,0x08,
    0xa5,0x08,0xa5,0x08,0xa5,0x08,0xa5,0x08,0xa5,0x08,0xa5,0x08,0xa5,0x08,0xa5,0x08,
    0xa5,0x08,0xa5,0x08,0xa5,0x08,0xa5,0x08,0xa5,0x08,0xa5,0x08,0xa5,0x08,0xa5,0x08,
    0xa5,0x08,0xa5,0x08,0xa5,0x08,0xa5,0x08,0xa5,0x08,0xa5,0x08,0xa5,0x08,0xa5,0x08,
    0xa5,0x08,0xa5,0x08,0xa5,0x08,0xa5,0x08,0xa5,0x08,0xa5,0x08,0xa5,0x08,0xa5,0x08,
    0xa5,0x08,0xa5,0x08,0xa5,0x08,0xa5,0x08,0xa5,0x08,0xa5,0x08,0xa5,0x08,0xa5,0x08,
    0xa5,0x08,0xa5,0x08,0xa5,0x08,0xa5,0x08,0xa5,0x08,0xa5,0x08,0xa5,0x08,0xa5,0x08,
    0xa5,0x08,0xa5,0x08,0xa5,0x08,0xa5,0x08,0xa5,0x08,0xa5,0x08,0xa5,0x08,0xa5,0x08,
    0xa5,0x08,0xa5,0x08,0xa5,0x08,0xa5,0x08,0xa5,0x08,0xa5,0x08,0xa5,0x08,0xa5,0x08,
    0xa5,0x08,0xa5,0x08,0xa5,0x08,0xa5,0x08,0xa5,0x08,0xa5,0x08,0xa5,0x08,0xa5,0x08,
    0xa5,0x08,0xa5,0x08,0xa5,0x08,0xa5,0x08,0xa5,0x08,0xa5,0x08,0xa5,0x08,0xa5,0x08,
    0xa5,0x08,0xa5,0x08,0xa5,0x08,0xa5,0x08,0xa5,0x08,0xa5,0x08,0xa5,0x08,0xa5,0x08,
    0xa5,0x08,0xa5,0x08,0xa5,0x08,0xa5,0x08,0xa5,0x08,0xa5,0x08,0xa5,0x08,0xa5,0x08,
    0xa5,0x08,0xa5,0x08,0xa5,0x08,0xa5,0x08,0xa5,0x08,0xa5,0x08,0xa5,0x08,0xa5,0x08,
    0xa5,0x08,0xa5,0x08,0xc5,0x10,0x65,0x00,0x84,0x82,0x63,0xfc,0x63,0xfc,0x84,0x82,
    0x65,0x00,0xc5,0x10,0xa5,0x08,0xa5,0x08,0xa5,0x08,0xa5,0x08,0xa5,0x08,0xa5,0x08,
    0xa5,0x08,0xa5,0x08,0xa5,0x08,0xa5,0x08,0xa5,0x08,0xa5,0x08,0xa5,0x08,0xa5,0x08,
    0xa5,0x08,0xa5,0x08,0xa5,0x08,0xa5,0x08,0xa5,0x08,0xa5,0x08,0xa5,0x08,0xa5,0x08,
    0xa5,0x08,0xa5,0x08,0xa5,0x08,0xa5,0x08,0xa5,0x08,0xa5,0x08,0xa5,0x08,0xa5,0x08,
    0xa5,0x08,0xa5,0x08,0xa5,0x08,0xa5,0x08,0xa5,0x08,0xa5,0x08,0xa5,0x08,0xa5,0x08,
    0xa5,0x08,0xa5,0x08,0xa5,0x08,0xa5,0x08,0xa5,0x08,0xc5,0x10,0xa4,0x08,0xc5,0x10,
    0x57,0x72,0xff,0x9a,0xdd,0x8a,0xde,0x8a,0xde,0x8a,0xfe,0x8a,0xfe,0x8a,0xfe,0x8a,
    0xfe,0x8a,0xfe,0x8a,0xfe,0x8a,0xde,0x8a,0xff,0x92,0x58,0x6a,0xc6,0x10,0xa4,0x08,
    0xa5,0x10,0xa5,0x08,0xa5,0x08,0xa5,0x08,0xa5,0x08,0xa5,0x08,0xa5,0x08,0xa5,0x08,
    0xa5,0x08,0xa5,0x08,0xa5,0x08,0xa5,0x08,0xa5,0x08,0xa5,0x08,0xa5,0x08,0xa5,0x08,
    0xa5,0x08,0xa5,0x08,0xa5,0x08,0xa5,0x08,0xa5,0x08,0xa5,0x08,0xa5,0x08,0xa5,0x08,
    0xa5,0x08,0xa5,0x08,0xa5,0x08,0xa5,0x08,0xa5,0x08,0xa5,0x08,0xa5,0x08,0xa5,0x08,
    0xa5,0x08,0xa5,0x08,0xa5,0x08,0xa5,0x08,0xa5,0x08,0xa5,0x08,0xa5,0x08,0xa5,0x08,
    0xa5,0x08,0xa5,0x08,0xa5,0x08,0xa5,0x08,0xa5,0x08,0xa5,0x08,0xa5,0x08,0xa5,0x08,
    0xa5,0x08,0xa5,0x08,0xa5,0x08,0xa5,0x08,0xa5,0x08,0xa5,0x08,0xa5,0x08,0xa5,0x08,
    0xa5,0x08,0xa5,0x08,0xa5,0x08,0xa5,0x08,0xa5,0x08,0xa5,0x08,0xa5,0x08,0xa5,0x08,
    0xa5,0x08,0xa5,0x08,0xa5,0x08,0xa5,0x08,0xa5,0x08,0xa5,0x08,0xa5,0x08,0xa5,0x08,
    0xa5,0x08,0xa5,0x08,0xa5,0x08,0xa5,0x08,0xa5,0x08,0xa5,0x08,0xa5,0x08,0xa5,0x08,
    0xa5,0x08,0xa5,0x08,0xa5,0x08,0xa5,0x08,0xa5,0x08,0xa5,0x08,0xa5,0x08,0xa5,0x08,
    0xa5,0x08,0xa5,0x08,0xa5,0x08,0xa5,0x08,0xa5,0x08,0xa5,0x08,0xa5,0x08,0xa5,0x08,
    0xa5,0x08,0xa5,0x08,0xa5,0x08,0xa5,0x08,0xa5,0x08,0xa5,0x08,0xa5,0x08,0xa5,0x08,
    0xa5,0x08,0xa5,0x08,0xa5,0x08,0xa5,0x08,0xa5,0x08,0xa5,0x08,0xa5,0x08,0xa5,0x08,
    0xa5,0x08,0xa5,0x08,0xa5,0x08,0xa5,0x08,0xa5,0x08,0xa5,0x08,0xa5,0x08,0xa5,0x08,
    0xa5,0x08,0xa5,0x08,0xa5,0x08,0xa5,0x08,0xa5,0x08,0xa5,0x08,0xa5,0x08,0xa5,0x08,
    0xa5,0x08,0xa5,0x08,0xa5,0x08,0xa5,0x08,0xa5,0x08,0xa5,0x08,0xa5,0x08,0xa5,0x08,
    0xa5,0x08,0xa5,0x08,0xa5,0x08,0xa5,0x08,0xa5,0x08,0xa5,0x08,0xa5,0x08,0xa5,0x08,
    0xa5,0x08,0xa5,0x08,0xa5,0x08,0xa5,0x08,0xa5,0x08,0xa5,0x08,0xc5,0x10,0x65,0x00,
    0x84,0x82,0x63,0xfc,0x63,0xfc,0x84,0x82,0x65,0x00,0xc5,0x10,0xa5,0x08,0xa5,0x08,
    0xa5,0x08,0xa5,0x08,0xa5,0x08,0xa5,0x08,0xa5,0x08,0xa5,0x08,0xa5,0x08,0xa5,0x08,
    0xa5,0x08,0xa5,0x08,0xa5,0x08,0xa5,0x08,0xa5,0x08,0xa5,0x08,0xa5,0x08,0xa5,0x08,
    0xa5,0x08,0xa5,0x08,0xa5,0x08,0xa5,0x08,0xa5,0x08,0xa5,0x08,0xa5,0x08,0xa5,0x08,
    0xa5,0x08,0xa5,0x08,0xa5,0x08,0xa5,0x08,0xa5,0x08,0xa5,0x08,0xa5,0x08,0xa5,0x08,
    0xa5,0x08,0xa5,0x08,0xa5,0x08,0xa5,0x08,0xa5,0x08,0xa5,0x08,0xa5,0x08,0xa5,0x08,
    0xa5,0x08,0xa5,0x08,0xc5,0x10,0xa4,0x08,0xc5,0x10,0x57,0x72,0x1f,0x9b,0xdd,0x8a,
    0xfe,0x8a,0xfe,0x8a,0xfe,0x8a,0xfe,0x8a,0xfe,0x8a,0xfe,0x8a,0xfe,0x8a,0xfe,0x8a,
    0xde,0x8a,0x1f,0x93,0x36,0x62,0xa4,0x08,0xc5,0x10,0xa5,0x08,0xa5,0x08,0xa5,0x08,
    0xa5,0x08,0xa5,0x08,0xa5,0x08,0xa5,0x08,0xa5,0x08,0xa5,0x08,0xa5,0x08,0xa5,0x08,
    0xa5,0x08,0xa5,0x08,0xa5,0x08,0xa5,0x08,0xa5,0x08,0xa5,0x08,0xa5,0x08,0xa5,0x08,
    0xa5,0x08,0xa5,0x08,0xa5,0x08,0xa5,0x08,0xa5,0x08,0xa5,0x08,0xa5,0x08,0xa5,0x08,
    0xa5,0x08,0xa5,0x08,0xa5,0x08,0xa5,0x08,0xa5,0x08,0xa5,0x08,0xa5,0x08,0xa5,0x08,
    0xa5,0x08,0xa5,0x08,0xa5,0x08,0xa5,0x08,0xa5,0x08,0xa5,0x08,0xa5,0x08,0xa5,0x08,
    0xa5,0x08,0xa5,0x08,0xa5,0x08,0xa5,0x08,0xa5,0x08,0xa5,0x08,0xa5,0x08,0xa5,0x08,
    0xa5,0x08,0xa5,0x08,0xa5,0x08,0xa5,0x08,0xa5,0x08,0xa5,0x08,0xa5,0x08,0xa5,0x08,
    0xa5,0x08,0xa5,0x08,0xa5,0x08,0xa5,0x08,0xa5,0x08,0xa5,0x08,0xa5,0x08,0xa5,0x08,
    0xa5,0x08,0xa5,0x08,0xa5,0x08,0xa5,0x08,0xa5,0x08,0xa5,0x08,0xa5,0x08,0xa5,0x08,
    0xa5,0x08,0xa5,0x08,0xa5,0x08,0xa5,0x08,0xa5,0x08,0xa5,0x08,0xa5,0x08,0xa5,0x08,
    0xa5,0x08,0xa5,0x08,0xa5,0x08,0xa5,0x08,0xa5,0x08,0xa5,0x08,0xa5,0x08,0xa5,0x08,
    0xa5,0x08,0xa5,0x08,0xa5,0x08,0xa5,0x08,0xa5,0x08,0xa5,0x08,0xa5,0x08,0xa5,0x08,
    0xa5,0x08,0xa5,0x08,0xa5,0x08,0xa5,0x08,0xa5,0x08,0xa5,0x08,0xa5,0x08,0xa5,0x08,
    0xa5,0x08,0xa5,0x08,0xa5,0x08,0xa5,0x08,0xa5,0x08,0xa5,0x08,0xa5,0x08,0xa5,0x08,
    0xa5,0x08,0xa5,0x08,0xa5,0x08,0xa5,0x08,0xa5,0x08,0xa5,0x08,0xa5,0x08,0xa5,0x08,
    0xa5,0x08,0xa5,0x08,0xa5,0x08,0xa5,0x08,0xa5,0x08,0xa5,0x08,0xa5,0x08,0xa5,0x08,
    0xa5,0x08,0xa5,0x08,0xa5,0x08,0xa5,0x08,0xa5,0x08,0xa5,0x08,0xa5,0x08,0xa5,0x08,
    0xa5,0x08,0xa5,0x08,0xa5,0x08,0xa5,0x08,0xa5,0x08,0xa5,0x08,0xa5,0x08,0xa5,0x08,
    0xa5,0x08,0xa5,0x08,0xc5,0x10,0x65,0x00,0x84,0x82,0x63,0xfc,0x63,0xfc,0x84,0x82,
    0x65,0x00,0xc5,0x10,0xa5,0x08,0xa5,0x08,0xa5,0x08,0xa5,0x08,0xa5,0x08,0xa5,0x08,
    0xa5,0x08,0xa5,0x08,0xa5,0x08,0xa5,0x08,0xa5,0x08,0xa5,0x08,0xa5,0x08,0xa5,0x08,
    0xa5,0x08,0xa5,0x08,0xa5,0x08,0xa5,0x08,0xa5,0x08,0xa5,0x08,0xa5,0x08,0xa5,0x08,
    0xa5,0x08,0xa5,0x08,0xa5,0x08,0xa5,0x08,0xa5,0x08,0xa5,0x08,0xa5,0x08,0xa5,0x08,
    0xa5,0x08,0xa5,0x08,0xa5,0x08,0xa5,0x08,0xa5,0x08,0xa5,0x08,0xa5,0x08,0xa5,0x08,
    0xa5,0x08,0xa5,0x08,0xa5,0x08,0xa5,0x08,0xa5,0x08,0xa5,0x08,0xa5,0x08,0xc5,0x10,
    0xa4,0x08,0xc5,0x10,0x58,0x72,0xff,0x92,0xde,0x8a,0xfe,0x8a,0xfe,0x8a,0xfe,0x8a,
    0xfe,0x8a,0xfe,0x8a,0xfe,0x8a,0xfe,0x8a,0xfe,0x8a,0xde,0x8a,0xff,0x92,0x2b,0x29,
    0xa4,0x08,0xc5,0x10,0xa5,0x08,0xa5,0x08,0xa5,0x08,0xa5,0x08,0xa5,0x08,0xa5,0x08,
    0xa5,0x08,0xa5,0x08,0xa5,0x08,0xa5,0x08,0xa5,0x08,0xa5,0x08,0xa5,0x08,0xa5,0x08,
    0xa5,0x08,0xa5,0x08,0xa5,0x08,0xa5,0x08,0xa5,0x08,0xa5,0x08,0xa5,0x08,0xa5,0x08,
    0xa5,0x08,0xa5,0x08,0xa5,0x08,0xa5,0x08,0xa5,0x08,0xa5,0x08,0xa5,0x08,0xa5,0x08,
    0xa5,0x08,0xa5,0x08,0xa5,0x08,0xa5,0x08,0xa5,0x08,0xa5,0x08,0xa5,0x08,0xa5,0x08,
    0xa5,0x08,0xa5,0x08,0xa5,0x08,0xa5,0x08,0xa5,0x08,0xa5,0x08,0xa5,0x08,0xa5,0x08,
    0xa5,0x08,0xa5,0x08,0xa5,0x08,0xa5,0x08,0xa5,0x08,0xa5,0x08,0xa5,0x08,0xa5,0x08,
    0xa5,0x08,0xa5,0x08,0xa5,0x08,0xa5,0x08,0xa5,0x08,0xa5,0x08,0xa5,0x08,0xa5,0x08,
    0xa5,0x08,0xa5,0x08,0xa5,0x08,0xa5,0x08,0xa5,0x08,0xa5,0x08,0xa5,0x08,0xa5,0x08,
    0xa5,0x08,0xa5,0x08,0xa5,0x08,0xa5,0x08,0xa5,0x08,0xa5,0x08,0xa5,0x08,0xa5,0x08,
    0xa5,0x08,0xa5,0x08,0xa5,0x08,0xa5,0x08,0xa5,0x08,0xa5,0x08,0xa5,0x08,0xa5,0x08,
    0xa5,0x08,0xa5,0x08,0xa5,0x08,0xa5,0x08,0xa5,0x08,0xa5,0x08,0xa5,0x08,0xa5,0x08,
    0xa5,0x08,0xa5,0x08,0xa5,0x08,0xa5,0x08,0xa5,0x08,0xa5,0x08,0xa5,0x08,0xa5,0x08,
    0xa5,0x08,0xa5,0x08,0xa5,0x08,0xa5,0x08,0xa5,0x08,0xa5,0x08,0xa5,0x08,0xa5,0x08,
    0xa5,0x08,0xa5,0x08,0xa5,0x08,0xa5,0x08,0xa5,0x08,0xa5,0x08,0xa5,0x08,0xa5,0x08,
    0xa5,0x08,0xa5,0x08,0xa5,0x08,0xa5,0x08,0xa5,0x08,0xa5,0x08,0xa5,0x08,0xa5,0x08,
    0xa5,0x08,0xa5,0x08,0xa5,0x08,0xa5,0x08,0xa5,0x08,0xa5,0x08,0xa5,0x08,0xa5,0x08,
    0xa5,0x08,0xa5,0x08,0xa5,0x08,0xa5,0x08,0xa5,0x08,0xa5,0x08,0xa5,0x08,0xa5,0x08,
    0xa5,0x08,0xa5,0x08,0xa5,0x08,0xa5,0x08,0xa5,0x08,0xa5,0x08,0xc5,0x10,0x65,0x00,
    0x64,0x82,0x63,0xfc,0x63,0xfc,0x64,0x82,0x65,0x00,0xc5,0x10,0xa5,0x08,0xa5,0x08,
    0xa5,0x08,0xa5,0x08,0xa5,0x08,0xa5,0x08,0xa5,0x08,0xa5,0x08,0xa5,0x08,0xa5,0x08,
    0xa5,0x08,0xa5,0x08,0xa5,0x08,0xa5,0x08,0xa5,0x08,0xa5,0x08,0xa5,0x08,0xa5,0x08,
    0xa5,0x08,0xa5,0x08,0xa5,0x08,0xa5,0x08,0xa5,0x08,0xa5,0x08,0xa5,0x08,0xa5,0x08,
    0xa5,0x08,0xa5,0x08,0xa5,0x08,0xa5,0x08,0xa5,0x08,0xa5,0x08,0xa5,0x08,0xa5,0x08,
    0xa5,0x08,0xa5,0x08,0xa5,0x08,0xa5,0x08,0xa5,0x08,0xa5,0x08,0xa5,0x08,0xa5,0x08,
    0xa5,0x08,0xa5,0x08,0xa5,0x08,0xa5,0x08,0xc5,0x10,0xa4,0x08,0xa5,0x10,0x78,0x72,
    0xff,0x92,0xde,0x8a,0xfe,0x8a,0xfe,0x8a,0xfe,0x8a,0xfe,0x8a,0xfe,0x8a,0xfe,0x8a,
    0xfe,0x8a,0xde,0x8a,0x1f,0x93,0xd1,0x49,0x83,0x00,0xc5,0x10,0xa5,0x08,0xa5,0x08,
    0xa5,0x08,0xa5,0x08,0xa5,0x08,0xa5,0x08,0xa5,0x08,0xa5,0x08,0xa5,0x08,0xa5,0x08,
    0xa5,0x08,0xa5,0x08,0xa5,0x08,0xa5,0x08,0xa5,0x08,0xa5,0x08,0xa5,0x08,0xa5,0x08,
    0xa5,0x08,0xa5,0x08,0xa5,0x08,0xa5,0x08,0xa5,0x08,0xa5,0x08,0xa5,0x08,0xa5,0x08,
    0xa5,0x08,0xa5,0x08,0xa5,0x08,0xa5,0x08,0xa5,0x08,0xa5,0x08,0xa5,0x08,0xa5,0x08,
    0xa5,0x08,0xa5,0x08,0xa5,0x08,0xa5,0x08,0xa5,0x08,0xa5,0x08,0xa5,0x08,0xa5,0x08,
    0xa5,0x08,0xa5,0x08,0xa5,0x08,0xa5,0x08,0xa5,0x08,0xa5,0x08,0xa5,0x08,0xa5,0x08,
    0xa5,0x08,0xa5,0x08,0xa5,0x08,0xa5,0x08,0xa5,0x08,0xa5,0x08,0xa5,0x08,0xa5,0x08,
    0xa5,0x08,0xa5,0x08,0xa5,0x08,0xa5,0x08,0xa5,0x08,0xa5,0x08,0xa5,0x08,0xa5,0x08,
    0xa5,0x08,0xa5,0x08,0xa5,0x08,0xa5,0x08,0xa5,0x08,0xa5,0x08,0xa5,0x08,0xa5,0x08,
    0xa5,0x08,0xa5,0x08,0xa5,0x08,0xa5,0x08,0xa5,0x08,0xa5,0x08,0xa5,0x08,0xa5,0x08,
    0xa5,0x08,0xa5,0x08,0xa5,0x08,0xa5,0x08,0xa5,0x08,0xa5,0x08,0xa5,0x08,0xa5,0x08,
    0xa5,0x08,0xa5,0x08,0xa5,0x08,0xa5,0x08,0xa5,0x08,0xa5,0x08,0xa5,0x08,0xa5,0x08,
    0xa5,0x08,0xa5,0x08,0xa5,0x08,0xa5,0x08,0xa5,0x08,0xa5,0x08,0xa5,0x08,0xa5,0x08,
    0xa5,0x08,0xa5,0x08,0xa5,0x08,0xa5,0x08,0xa5,0x08,0xa5,0x08,0xa5,0x08,0xa5,0x08,
    0xa5,0x08,0xa5,0x08,0xa5,0x08,0xa5,0x08,0xa5,0x08,0xa5,0x08,0xa5,0x08,0xa5,0x08,
    0xa5,0x08,0xa5,0x08,0xa5,0x08,0xa5,0x08,0xa5,0x08,0xa5,0x08,0xa5,0x08,0xa5,0x08,
    0xa5,0x08,0xa5,0x08,0xa5,0x08,0xa5,0x08,0xa5,0x08,0xa5,0x08,0xa5,0x08,0xa5,0x08,
    0xa5,0x08,0xa5,0x08,0xa5,0x08,0xa5,0x08,0xa5,0x08,0xa5,0x08,0xa5,0x08,0xa5,0x08,
    0xa5,0x08,0xa5,0x08,0xc5,0x10,0x65,0x00,0x84,0x82,0xa2,0xfc,0xa2,0xfc,0x84,0x82,
    0x65,0x00,0xc5,0x10,0xa5,0x08,0xa5,0x08,0xa5,0x08,0xa5,0x08,0xa5,0x08,0xa5,0x08,
    0xa5,0x08,0xa5,0x08,0xa5,0x08,0xa5,0x08,0xa5,0x08,0xa5,0x08,0xa5,0x08,0xa5,0x08,
    0xa5,0x08,0xa5,0x08,0xa5,0x08,0xa5,0x08,0xa5,0x08,0xa5,0x08,0xa5,0x08,0xa5,0x08,
    0xa5,0x08,0xa5,0x08,0xa5,0x08,0xa5,0x08,0xa5,0x08,0xa5,0x08,0xa5,0x08,0xa5,0x08,
    0xa5,0x08,0xa5,0x08,0xa5,0x08,0xa5,0x08,0xa5,0x08,0xa5,0x08,0xa5,0x08,0xa5,0x08,
    0xa5,0x08,0xa5,0x08,0xa5,0x08,0xa5,0x08,0xa5,0x08,0xa5,0x08,0xa5,0x08,0xa5,0x08,
    0xa5,0x08,0xc5,0x10,0xa4,0x08,0xa5,0x08,0x79,0x72,0x1f,0x93,0xde,0x8a,0xfe,0x8a,
    0xfe,0x8a,0xfe,0x8a,0xfe,0x8a,0xfe,0x8a,0xfe,0x8a,0xde,0x8a,0x1f,0x93,0xd2,0x49,
    0x83,0x00,0xc5,0x10,0xa5,0x08,0xa5,0x08,0xa5,0x08,0xa5,0x08,0xa5,0x08,0xa5,0x08,
    0xa5,0x08,0xa5,0x08,0xa5,0x08,0xa5,0x08,0xa5,0x08,0xa5,0x08,0xa5,0x08,0xa5,0x08,
    0xa5,0x08,0xa5,0x08,0xa5,0x08,0xa5,0x08,0xa5,0x08,0xa5,0x08,0xa5,0x08,0xa5,0x08,
    0xa5,0x08,0xa5,0x08,0xa5,0x08,0xa5,0x08,0xa5,0x08,0xa5,0x08,0xa5,0x08,0xa5,0x08,
    0xa5,0x08,0xa5,0x08,0xa5,0x08,0xa5,0x08,0xa5,0x08,0xa5,0x08,0xa5,0x08,0xa5,0x08,
    0xa5,0x08,0xa5,0x08,0xa5,0x08,0xa5,0x08,0xa5,0x08,0xa5,0x08,0xa5,0x08,0xa5,0x08,
    0xa5,0x08,0xa5,0x08,0xa5,0x08,0xa5,0x08,0xa5,0x08,0xa5,0x08,0xa5,0x08,0xa5,0x08,
    0xa5,0x08,0xa5,0x08,0xa5,0x08,0xa5,0x08,0xa5,0x08,0xa5,0x08,0xa5,0x08,0xa5,0x08,
    0xa5,0x08,0xa5,0x08,0xa5,0x08,0xa5,0x08,0xa5,0x08,0xa5,0x08,0xa5,0x08,0xa5,0x08,
    0xa5,0x08,0xa5,0x08,0xa5,0x08,0xa5,0x08,0xa5,0x08,0xa5,0x08,0xa5,0x08,0xa5,0x08,
    0xa5,0x08,0xa5,0x08,0xa5,0x08,0xa5,0x08,0xa5,0x08,0xa5,0x08,0xa5,0x08,0xa5,0x08,
    0xa5,0x08,0xa5,0x08,0xa5,0x08,0xa5,0x08,0xa5,0x08,0xa5,0x08,0xa5,0x08,0xa5,0x08,
    0xa5,0x08,0xa5,0x08,0xa5,0x08,0xa5,0x08,0xa5,0x08,0xa5,0x08,0xa5,0x08,0xa5,0x08,
    0xa5,0x08,0xa5,0x08,0xa5,0x08,0xa5,0x08,0xa5,0x08,0xa5,0x08,0xa5,0x08,0xa5,0x08,
    0xa5,0x08,0xa5,0x08,0xa5,0x08,0xa5,0x08,0xa5,0x08,0xa5,0x08,0xa5,0x08,0xa5,0x08,
    0xa5,0x08,0xa5,0x08,0xa5,0x08,0xa5,0x08,0xa5,0x08,0xa5,0x08,0xa5,0x08,0xa5,0x08,
    0xa5,0x08,0xa5,0x08,0xa5,0x08,0xa5,0x08,0xa5,0x08,0xa5,0x08,0xa5,0x08,0xa5,0x08,
    0xa5,0x08,0xa5,0x08,0xa5,0x08,0xa5,0x08,0xa5,0x08,0xa5,0x08,0xa5,0x08,0xa5,0x08,
    0xa5,0x08,0xa5,0x08,0xa5,0x08,0xa5,0x08,0xa5,0x08,0xa5,0x08,0xc5,0x10,0xa5,0x08,
    0x25,0x29,0xa4,0x49,0xa4,0x49,0x25,0x29,0xa5,0x08,0xc5,0x10,0xa5,0x08,0xa5,0x08,
    0xa5,0x08,0xa5,0x08,0xa5,0x08,0xa5,0x08,0xa5,0x08,0xa5,0x08,0xa5,0x08,0xa5,0x08,
    0xa5,0x08,0xa5,0x08,0xa5,0x08,0xa5,0x08,0xa5,0x08,0xa5,0x08,0xa5,0x08,0xa5,0x08,
    0xa5,0x08,0xa5,0x08,0xa5,0x08,0xa5,0x08,0xa5,0x08,0xa5,0x08,0xa5,0x08,0xa5,0x08,
    0xa5,0x08,0xa5,0x08,0xa5,0x08,0xa5,0x08,0xa5,0x08,0xa5,0x08,0xa5,0x08,0xa5,0x08,
    0xa5,0x08,0xa5,0x08,0xa5,0x08,0xa5,0x08,0xa5,0x08,0xa5,0x08,0xa5,0x08,0xa5,0x08,
    0xa5,0x08,0xa5,0x08,0xa5,0x08,0xa5,0x08,0xa5,0x08,0xa5,0x08,0xc5,0x10,0xa4,0x08,
    0xa5,0x10,0x78,0x6a,0x1f,0x93,0xde,0x8a,0xfe,0x8a,0xfe,0x8a,0xfe,0x8a,0xfe,0x8a,
    0xfe,0x8a,0xde,0x8a,0x1f,0x93,0x6d,0x31,0x83,0x08,0xc5,0x10,0xa5,0x08,0xa5,0x08,
    0xa5,0x08,0xa5,0x08,0xa5,0x08,0xa5,0x08,0xa5,0x08,0xa5,0x08,0xa5,0x08,0xa5,0x08,
    0xa5,0x08,0xa5,0x08,0xa5,0x08,0xa5,0x08,0xa5,0x08,0xa5,0x08,0xa5,0x08,0xa5,0x08,
    0xa5,0x08,0xa5,0x08,0xa5,0x08,0xa5,0x08,0xa5,0x08,0xa5,0x08,0xa5,0x08,0xa5,0x08,
    0xa5,0x08,0xa5,0x08,0xa5,0x08,0xa5,0x08,0xa5,0x08,0xa5,0x08,0xa5,0x08,0xa5,0x08,
    0xa5,0x08,0xa5,0x08,0xa5,0x08,0xa5,0x08,0xa5,0x08,0xa5,0x08,0xa5,0x08,0xa5,0x08,
    0xa5,0x08,0xa5,0x08,0xa5,0x08,0xa5,0x08,0xa5,0x08,0xa5,0x08,0xa5,0x08,0xa5,0x08,
    0xa5,0x08,0xa5,0x08,0xa5,0x08,0xa5,0x08,0xa5,0x08,0xa5,0x08,0xa5,0x08,0xa5,0x08,
    0xa5,0x08,0xa5,0x08,0xa5,0x08,0xa5,0x08,0xa5,0x08,0xa5,0x08,0xa5,0x08,0xa5,0x08,
    0xa5,0x08,0xa5,0x08,0xa5,0x08,0xa5,0x08,0xa5,0x08,0xa5,0x08,0xa5,0x08,0xa5,0x08,
    0xa5,0x08,0xa5,0x08,0xa5,0x08,0xa5,0x08,0xa5,0x08,0xa5,0x08,0xa5,0x08,0xa5,0x08,
    0xa5,0x08,0xa5,0x08,0xa5,0x08,0xa5,0x08,0xa5,0x08,0xa5,0x08,0xa5,0x08,0xa5,0x08,
    0xa5,0x08,0xa5,0x08,0xa5,0x08,0xa5,0x08,0xa5,0x08,0xa5,0x08,0xa5,0x08,0xa5,0x08,
    0xa5,0x08,0xa5,0x08,0xa5,0x08,0xa5,0x08,0xa5,0x08,0xa5,0x08,0xa5,0x08,0xa5,0x08,
    0xa5,0x08,0xa5,0x08,0xa5,0x08,0xa5,0x08,0xa5,0x08,0xa5,0x08,0xa5,0x08,0xa5,0x08,
    0xa5,0x08,0xa5,0x08,0xa5,0x08,0xa5,0x08,0xa5,0x08,0xa5,0x08,0xa5,0x08,0xa5,0x08,
    0xa5,0x08,0xa5,0x08,0xa5,0x08,0xa5,0x08,0xa5,0x08,0xa5,0x08,0xa5,0x08,0xa5,0x08,
    0xa5,0x08,0xa5,0x08,0xa5,0x08,0xa5,0x08,0xa5,0x08,0xa5,0x08,0xa5,0x08,0xa5,0x08,
    0xa5,0x08,0xa5,0x08,0xa5,0x08,0xa5,0x08,0xa5,0x08,0xa5,0x08,0xa5,0x08,0xa5,0x08,
    0xa5,0x08,0xa5,0x08,0xa5,0x08,0xa5,0x10,0xa5,0x08,0x85,0x00,0x85,0x00,0xa5,0x08,
    0xa5,0x10,0xa5,0x08,0xa5,0x08,0xa5,0x08,0xa5,0x08,0xa5,0x08,0xa5,0x08,0xa5,0x08,
    0xa5,0x08,0xa5,0x08,0xa5,0x08,0xa5,0x08,0xa5,0x08,0xa5,0x08,0xa5,0x08,0xa5,0x08,
    0xa5,0x08,0xa5,0x08,0xa5,0x08,0xa5,0x08,0xa5,0x08,0xa5,0x08,0xa5,0x08,0xa5,0x08,
    0xa5,0x08,0xa5,0x08,0xa5,0x08,0xa5,0x08,0xa5,0x08,0xa5,0x08,0xa5,0x08,0xa5,0x08,
    0xa5,0x08,0xa5,0x08,0xa5,0x08,0xa5,0x08,0xa5,0x08,0xa5,0x08,0xa5,0x08,0xa5,0x08,
    0xa5,0x08,0xa5,0x08,0xa5,0x08,0xa5,0x08,0xa5,0x08,0xa5,0x08,0xa5,0x08,0xa5,0x08,
    0xa5,0x08,0xa5,0x08,0xa5,0x08,0xc5,0x10,0xa4,0x08,0xc6,0x10,0x57,0x62,0x1f,0x93,
    0xde,0x8a,0xde,0x8a,0xfe,0x8a,0xfe,0x8a,0xde,0x82,0x1f,0x93,0x9a,0x72,0xa5,0x08,
    0xa5,0x08,0xa5,0x08,0xa5,0x08,0xa5,0x08,0xa5,0x08,0xa5,0x08,0xa5,0x08,0xa5,0x08,
    0xa5,0x08,0xa5,0x08,0xa5,0x08,0xa5,0x08,0xa5,0x08,0xa5,0x08,0xa5,0x08,0xa5,0x08,
    0xa5,0x08,0xa5,0x08,0xa5,0x08,0xa5,0x08,0xa5,0x08,0xa5,0x08,0xa5,0x08,0xa5,0x08,
    0xa5,0x08,0xa5,0x08,0xa5,0x08,0xa5,0x08,0xa5,0x08,0xa5,0x08,0xa5,0x08,0xa5,0x08,
    0xa5,0x08,0xa5,0x08,0xa5,0x08,0xa5,0x08,0xa5,0x08,0xa5,0x08,0xa5,0x08,0xa5,0x08,
    0xa5,0x08,0xa5,0x08,0xa5,0x08,0xa5,0x08,0xa5,0x08,0xa5,0x08,0xa5,0x08,0xa5,0x08,
    0xa5,0x08,0xa5,0x08,0xa5,0x08,0xa5,0x08,0xa5,0x08,0xa5,0x08,0xa5,0x08,0xa5,0x08,
    0xa5,0x08,0xa5,0x08,0xa5,0x08,0xa5,0x08,0xa5,0x08,0xa5,0x08,0xa5,0x08,0xa5,0x08,
    0xa5,0x08,0xa5,0x08,0xa5,0x08,0xa5,0x08,0xa5,0x08,0xa5,0x08,0xa5,0x08,0xa5,0x08,
    0xa5,0x08,0xa5,0x08,0xa5,0x08,0xa5,0x08,0xa5,0x08,0xa5,0x08,0xa5,0x08,0xa5,0x08,
    0xa5,0x08,0xa5,0x08,0xa5,0x08,0xa5,0x08,0xa5,0x08,0xa5,0x08,0xa5,0x08,0xa5,0x08,
    0xa5,0x08,0xa5,0x08,0xa5,0x08,0xa5,0x08,0xa5,0x08,0xa5,0x08,0xa5,0x08,0xa5,0x08,
    0xa5,0x08,0xa5,0x08,0xa5,0x08,0xa5,0x08,0xa5,0x08,0xa5,0x08,0xa5,0x08,0xa5,0x08,
    0xa5,0x08,0xa5,0x08,0xa5,0x08,0xa5,0x08,0xa5,0x08,0xa5,0x08,0xa5,0x08,0xa5,0x08,
    0xa5,0x08,0xa5,0x08,0xa5,0x08,0xa5,0x08,0xa5,0x08,0xa5,0x08,0xa5,0x08,0xa5,0x08,
    0xa5,0x08,0xa5,0x08,0xa5,0x08,0xa5,0x08,0xa5,0x08,0xa5,0x08,0xa5,0x08,0xa5,0x08,
    0xa5,0x08,0xa5,0x08,0xa5,0x08,0xa5,0x08,0xa5,0x08,0xa5,0x08,0xa5,0x08,0xa5,0x08,
    0xa5,0x08,0xa5,0x08,0xa5,0x08,0xa5,0x08,0xa5,0x08,0xa5,0x08,0xa5,0x08,0xa5,0x08,
    0xa5,0x08,0xa5,0x08,0xa5,0x08,0xa5,0x08,0xa5,0x08,0xa5,0x08,0xa5,0x08,0xa5,0x08,
    0xc5,0x10,0xc5,0x10,0xc5,0x10,0xc5,0x10,0xa5,0x08,0xa5,0x08,0xa5,0x08,0xa5,0x08,
    0xa5,0x08,0xa5,0x08,0xa5,0x08,0xa5,0x08,0xa5,0x08,0xa5,0x08,0xa5,0x08,0xa5,0x08,
    0xa5,0x08,0xa5,0x08,0xa5,0x08,0xa5,0x08,0xa5,0x08,0xa5,0x08,0xa5,0x08,0xa5,0x08,
    0xa5,0x08,0xa5,0x08,0xa5,0x08,0xa5,0x08,0xa5,0x08,0xa5,0x08,0xa5,0x08,0xa5,0x08,
    0xa5,0x08,0xa5,0x08,0xa5,0x08,0xa5,0x08,0xa5,0x08,0xa5,0x08,0xa5,0x08,0xa5,0x08,
    0xa5,0x08,0xa5,0x08,0xa5,0x08,0xa5,0x08,0xa5,0x08,0xa5,0x08,0xa5,0x08,0xa5,0x08,
    0xa5,0x08,0xa5,0x08,0xa5,0x08,0xa5,0x08,0xa5,0x08,0xa5,0x08,0xa5,0x08,0xa5,0x08,
    0xc5,0x10,0xa4,0x08,0xa5,0x08,0x79,0x72,0x1f,0x93,0xff,0x8a,0xff,0x8a,0xff,0x8a,
    0x1f,0x93,0xdc,0x82,0x09,0x21,0xa4,0x08,0xc5,0x10,0xa5,0x08,0xa5,0x08,0xa5,0x08,
    0xa5,0x08,0xa5,0x08,0xa5,0x08,0xa5,0x08,0xa5,0x08,0xa5,0x08,0xa5,0x08,0xa5,0x08,
    0xa5,0x08,0xa5,0x08,0xa5,0x08,0xa5,0x08,0xa5,0x08,0xa5,0x08,0xa5,0x08,0xa5,0x08,
    0xa5,0x08,0xa5,0x08,0xa5,0x08,0xa5,0x08,0xa5,0x08,0xa5,0x08,0xa5,0x08,0xa5,0x08,
    0xa5,0x08,0xa5,0x08,0xa5,0x08,0xa5,0x08,0xa5,0x08,0xa5,0x08,0xa5,0x08,0xa5,0x08,
    0xa5,0x08,0xa5,0x08,0xa5,0x08,0xa5,0x08,0xa5,0x08,0xa5,0x08,0xa5,0x08,0xa5,0x08,
    0xa5,0x08,0xa5,0x08,0xa5,0x08,0xa5,0x08,0xa5,0x08,0xa5,0x08,0xa5,0x08,0xa5,0x08,
    0xa5,0x08,0xa5,0x08,0xa5,0x08,0xa5,0x08,0xa5,0x08,0xa5,0x08,0xa5,0x08,0xa5,0x08,
    0xa5,0x08,0xa5,0x08,0xa5,0x08,0xa5,0x08,0xa5,0x08,0xa5,0x08,0xa5,0x08,0xa5,0x08,
    0xa5,0x08,0xa5,0x08,0xa5,0x08,0xa5,0x08,0xa5,0x08,0xa5,0x08,0xa5,0x08,0xa5,0x08,
    0xa5,0x08,0xa5,0x08,0xa5,0x08,0xa5,0x08,0xa5,0x08,0xa5,0x08,0xa5,0x08,0xa5,0x08,
    0xa5,0x08,0xa5,0x08,0xa5,0x08,0xa5,0x08,0xa5,0x08,0xa5,0x08,0xa5,0x08,0xa5,0x08,
    0xa5,0x08,0xa5,0x08,0xa5,0x08,0xa5,0x08,0xa5,0x08,0xa5,0x08,0xa5,0x08,0xa5,0x08,
    0xa5,0x08,0xa5,0x08,0xa5,0x08,0xa5,0x08,0xa5,0x08,0xa5,0x08,0xa5,0x08,0xa5,0x08,
    0xa5,0x08,0xa5,0x08,0xa5,0x08,0xa5,0x08,0xa5,0x08,0xa5,0x08,0xa5,0x08,0xa5,0x08,
    0xa5,0x08,0xa5,0x08,0xa5,0x08,0xa5,0x08,0xa5,0x08,0xa5,0x08,0xa5,0x08,0xa5,0x08,
    0xa5,0x08,0xa5,0x08,0xa5,0x08,0xa5,0x08,0xa5,0x08,0xa5,0x08,0xa5,0x08,0xa5,0x08,
    0xa5,0x08,0xa5,0x08,0xa5,0x08,0xa5,0x08,0xa5,0x08,0xa5,0x08,0xa5,0x08,0xa5,0x08,
    0xa5,0x08,0xa5,0x08,0xa5,0x08,0xa5,0x08,0xa5,0x08,0xa5,0x08,0xa5,0x08,0xa5,0x08,
    0xa5,0x08,0xa5,0x08,0xa5,0x08,0xa5,0x08,0xa5,0x08,0xa5,0x08,0xa5,0x08,0xa5,0x08,
    0xa5,0x08,0xa5,0x08,0xa5,0x08,0xa5,0x08,0xa5,0x08,0xa5,0x08,0xa5,0x08,0xa5,0x08,
    0xa5,0x08,0xa5,0x08,0xa5,0x08,0xa5,0x08,0xa5,0x08,0xa5,0x08,0xa5,0x08,0xa5,0x08,
    0xa5,0x08,0xa5,0x08,0xa5,0x08,0xa5,0x08,0xa5,0x08,0xa5,0x08,0xa5,0x08,0xa5,0x08,
    0xa5,0x08,0xa5,0x08,0xa5,0x08,0xa5,0x08,0xa5,0x08,0xa5,0x08,0xa5,0x08,0xa5,0x08,
    0xa5,0x08,0xa5,0x08,0xa5,0x08,0xa5,0x08,0xa5,0x08,0xa5,0x08,0xa5,0x08,0xa5,0x08,
    0xa5,0x08,0xa5,0x08,0xa5,0x08,0xa5,0x08,0xa5,0x08,0xa5,0x08,0xa5,0x08,0xa5,0x08,
    0xa5,0x08,0xa5,0x08,0xa5,0x08,0xa5,0x08,0xa5,0x08,0xc5,0x10,0xa5,0x08,0xa5,0x08,
    0xd1,0x49,0x9b,0x7a,0xdd,0x82,0xbc,0x7a,0x14,0x5a,0xe7,0x18,0xa4,0x08,0xc5,0x10,
    0xa5,0x08,0xa5,0x08,0xa5,0x08,0xa5,0x08,0xa5,0x08,0xa5,0x08,0xa5,0x08,0xa5,0x08,
    0xa5,0x08,0xa5,0x08,0xa5,0x08,0xa5,0x08,0xa5,0x08,0xa5,0x08,0xa5,0x08,0xa5,0x08,
    0xa5,0x08,0xa5,0x08,0xa5,0x08,0xa5,0x08,0xa5,0x08,0xa5,0x08,0xa5,0x08,0xa5,0x08,
    0xa5,0x08,0xa5,0x08,0xa5,0x08,0xa5,0x08,0xa5,0x08,0xa5,0x08,0xa5,0x08,0xa5,0x08,
    0xa5,0x08,0xa5,0x08,0xa5,0x08,0xa5,0x08,0xa5,0x08,0xa5,0x08,0xa5,0x08,0xa5,0x08,
    0xa5,0x08,0xa5,0x08,0xa5,0x08,0xa5,0x08,0xa5,0x08,0xa5,0x08,0xa5,0x08,0xa5,0x08,
    0xa5,0x08,0xa5,0x08,0xa5,0x08,0xa5,0x08,0xa5,0x08,0xa5,0x08,0xa5,0x08,0xa5,0x08,
    0xa5,0x08,0xa5,0x08,0xa5,0x08,0xa5,0x08,0xa5,0x08,0xa5,0x08,0xa5,0x08,0xa5,0x08,
    0xa5,0x08,0xa5,0x08,0xa5,0x08,0xa5,0x08,0xa5,0x08,0xa5,0x08,0xa5,0x08,0xa5,0x08,
    0xa5,0x08,0xa5,0x08,0xa5,0x08,0xa5,0x08,0xa5,0x08,0xa5,0x08,0xa5,0x08,0xa5,0x08,
    0xa5,0x08,0xa5,0x08,0xa5,0x08,0xa5,0x08,0xa5,0x08,0xa5,0x08,0xa5,0x08,0xa5,0x08,
    0xa5,0x08,0xa5,0x08,0xa5,0x08,0xa5,0x08,0xa5,0x08,0xa5,0x08,0xa5,0x08,0xa5,0x08,
    0xa5,0x08,0xa5,0x08,0xa5,0x08,0xa5,0x08,0xa5,0x08,0xa5,0x08,0xa5,0x08,0xa5,0x08,
    0xa5,0x08,0xa5,0x08,0xa5,0x08,0xa5,0x08,0xa5,0x08,0xa5,0x08,0xa5,0x08,0xa5,0x08,
    0xa5,0x08,0xa5,0x08,0xa5,0x08,0xa5,0x08,0xa5,0x08,0xa5,0x08,0xa5,0x08,0xa5,0x08,
    0xa5,0x08,0xa5,0x08,0xa5,0x08,0xa5,0x08,0xa5,0x08,0xa5,0x08,0xa5,0x08,0xa5,0x08,
    0xa5,0x08,0xa5,0x08,0xa5,0x08,0xa5,0x08,0xa5,0x08,0xa5,0x08,0xa5,0x08,0xa5,0x08,
    0xa5,0x08,0xa5,0x08,0xa5,0x08,0xa5,0x08,0xa5,0x08,0xa5,0x08,0xa5,0x08,0xa5,0x08,
    0xa5,0x08,0xa5,0x08,0xa5,0x08,0xa5,0x08,0xa5,0x08,0xa5,0x08,0xa5,0x08,0xa5,0x08,
    0xa5,0x08,0xa5,0x08,0xa5,0x08,0xa5,0x08,0xa5,0x08,0xa5,0x08,0xa5,0x08,0xa5,0x08,
    0xa5,0x08,0xa5,0x08,0xa5,0x08,0xa5,0x08,0xa5,0x08,0xa5,0x08,0xa5,0x08,0xa5,0x08,
    0xa5,0x08,0xa5,0x08,0xa5,0x08,0xa5,0x08,0xa5,0x08,0xa5,0x08,0xa5,0x08,0xa5,0x08,
    0xa5,0x08,0xa5,0x08,0xa5,0x08,0xa5,0x08,0xa5,0x08,0xa5,0x08,0xa5,0x08,0xa5,0x08,
    0xa5,0x08,0xa5,0x08,0xa5,0x08,0xa5,0x08,0xa5,0x08,0xa5,0x08,0xa5,0x08,0xa5,0x08,
    0xa5,0x08,0xa5,0x08,0xa5,0x08,0xa5,0x08,0xa5,0x08,0xa5,0x08,0xa5,0x08,0xa5,0x08,
    0xa5,0x08,0xa5,0x08,0xa5,0x08,0xa5,0x08,0xa5,0x08,0xa5,0x08,0xa5,0x08,0xa5,0x08,
    0xa5,0x08,0xa5,0x08,0xa5,0x10,0xa5,0x08,0x83,0x00,0xc5,0x10,0xe7,0x18,0xc6,0x10,
    0x83,0x00,0xa4,0x08,0xc5,0x10,0xa5,0x08,0xa5,0x08,0xa5,0x08,0xa5,0x08,0xa5,0x08,
    0xa5,0x08,0xa5,0x08,0xa5,0x08,0xa5,0x08,0xa5,0x08,0xa5,0x08,0xa5,0x08,0xa5,0x08,
    0xa5,0x08,0xa5,0x08,0xa5,0x08,0xa5,0x08,0xa5,0x08,0xa5,0x08,0xa5,0x08,0xa5,0x08,
    0xa5,0x08,0xa5,0x08,0xa5,0x08,0xa5,0x08,0xa5,0x08,0xa5,0x08,0xa5,0x08,0xa5,0x08,
    0xa5,0x08,0xa5,0x08,0xa5,0x08,0xa5,0x08,0xa5,0x08,0xa5,0x08,0xa5,0x08,0xa5,0x08,
    0xa5,0x08,0xa5,0x08,0xa5,0x08,0xa5,0x08,0xa5,0x08,0xa5,0x08,0xa5,0x08,0xa5,0x08,
    0xa5,0x08,0xa5,0x08,0xa5,0x08,0xa5,0x08,0xa5,0x08,0xa5,0x08,0xa5,0x08,0xa5,0x08,
    0xa5,0x08,0xa5,0x08,0xa5,0x08,0xa5,0x08,0xa5,0x08,0xa5,0x08,0xa5,0x08,0xa5,0x08,
    0xa5,0x08,0xa5,0x08,0xa5,0x08,0xa5,0x08,0xa5,0x08,0xa5,0x08,0xa5,0x08,0xa5,0x08,
    0xa5,0x08,0xa5,0x08,0xa5,0x08,0xa5,0x08,0xa5,0x08,0xa5,0x08,0xa5,0x08,0xa5,0x08,
    0xa5,0x08,0xa5,0x08,0xa5,0x08,0xa5,0x08,0xa5,0x08,0xa5,0x08,0xa5,0x08,0xa5,0x08,
    0xa5,0x08,0xa5,0x08,0xa5,0x08,0xa5,0x08,0xa5,0x08,0xa5,0x08,0xa5,0x08,0xa5,0x08,
    0xa5,0x08,0xa5,0x08,0xa5,0x08,0xa5,0x08,0xa5,0x08,0xa5,0x08,0xa5,0x08,0xa5,0x08,
    0xa5,0x08,0xa5,0x08,0xa5,0x08,0xa5,0x08,0xa5,0x08,0xa5,0x08,0xa5,0x08,0xa5,0x08,
    0xa5,0x08,0xa5,0x08,0xa5,0x08,0xa5,0x08,0xa5,0x08,0xa5,0x08,0xa5,0x08,0xa5,0x08,
    0xa5,0x08,0xa5,0x08,0xa5,0x08,0xa5,0x08,0xa5,0x08,0xa5,0x08,0xa5,0x08,0xa5,0x08,
    0xa5,0x08,0xa5,0x08,0xa5,0x08,0xa5,0x08,0xa5,0x08,0xa5,0x08,0xa5,0x08,0xa5,0x08,
    0xa5,0x08,0xa5,0x08,0xa5,0x08,0xa5,0x08,0xa5,0x08,0xa5,0x08,0xa5,0x08,0xa5,0x08,
    0xa5,0x08,0xa5,0x08,0xa5,0x08,0xa5,0x08,0xa5,0x08,0xa5,0x08,0xa5,0x08,0xa5,0x08,
    0xa5,0x08,0xa5,0x08,0xa5,0x08,0xa5,0x08,0xa5,0x08,0xa5,0x08,0xa5,0x08,0xa5,0x08,
    0xa5,0x08,0xa5,0x08,0xa5,0x08,0xa5,0x08,0xa5,0x08,0xa5,0x08,0xa5,0x08,0xa5,0x08,
    0xa5,0x08,0xa5,0x08,0xa5,0x08,0xa5,0x08,0xa5,0x08,0xa5,0x08,0xa5,0x08,0xa5,0x08,
    0xa5,0x08,0xa5,0x08,0xa5,0x08,0xa5,0x08,0xa5,0x08,0xa5,0x08,0xa5,0x08,0xa5,0x08,
    0xa5,0x08,0xa5,0x08,0xa5,0x08,0xa5,0x08,0xa5,0x08,0xa5,0x08,0xa5,0x08,0xa5,0x08,
    0xa5,0x08,0xa5,0x08,0xa5,0x08,0xa5,0x08,0xa5,0x08,0xa5,0x08,0xa5,0x08,0xa5,0x08,
    0xa5,0x08,0xa5,0x08,0xa5,0x08,0xa5,0x08,0xa5,0x08,0xa5,0x08,0xa5,0x08,0xa5,0x08,
    0xa5,0x08,0xa5,0x08,0xa5,0x08,0xa5,0x08,0xa5,0x08,0xa5,0x08,0xa5,0x08,0xa5,0x08,
    0xc5,0x10,0xa5,0x08,0xa4,0x08,0xa5,0x08,0xc5,0x10,0xa5,0x10,0xa5,0x08,0xa5,0x08,
    0xa5,0x08,0xa5,0x08,0xa5,0x08,0xa5,0x08,0xa5,0x08,0xa5,0x08,0xa5,0x08,0xa5,0x08,
    0xa5,0x08,0xa5,0x08,0xa5,0x08,0xa5,0x08,0xa5,0x08,0xa5,0x08,0xa5,0x08,0xa5,0x08,
    0xa5,0x08,0xa5,0x08,0xa5,0x08,0xa5,0x08,0xa5,0x08,0xa5,0x08,0xa5,0x08,0xa5,0x08,
    0xa5,0x08,0xa5,0x08,0xa5,0x08,0xa5,0x08,0xa5,0x08,0xa5,0x08,0xa5,0x08,0xa5,0x08,
    0xa5,0x08,0xa5,0x08,0xa5,0x08,0xa5,0x08,0xa5,0x08,0xa5,0x08,0xa5,0x08,0xa5,0x08,
    0xa5,0x08,0xa5,0x08,0xa5,0x08,0xa5,0x08,0xa5,0x08,0xa5,0x08,0xa5,0x08,0xa5,0x08,
    0xa5,0x08,0xa5,0x08,0xa5,0x08,0xa5,0x08,0xa5,0x08,0xa5,0x08,0xa5,0x08,0xa5,0x08,
    0xa5,0x08,0xa5,0x08,0xa5,0x08,0xa5,0x08,0xa5,0x08,0xa5,0x08,0xa5,0x08,0xa5,0x08,
    0xa5,0x08,0xa5,0x08,0xa5,0x08,0xa5,0x08,0xa5,0x08,0xa5,0x08,0xa5,0x08,0xa5,0x08,
    0xa5,0x08,0xa5,0x08,0xa5,0x08,0xa5,0x08,0xa5,0x08,0xa5,0x08,0xa5,0x08,0xa5,0x08,
    0xa5,0x08,0xa5,0x08,0xa5,0x08,0xa5,0x08,0xa5,0x08,0xa5,0x08,0xa5,0x08,0xa5,0x08,
    0xa5,0x08,0xa5,0x08,0xa5,0x08,0xa5,0x08,0xa5,0x08,0xa5,0x08,0xa5,0x08,0xa5,0x08,
    0xa5,0x08,0xa5,0x08,0xa5,0x08,0xa5,0x08,0xa5,0x08,0xa5,0x08,0xa5,0x08,0xa5,0x08,
    0xa5,0x08,0xa5,0x08,0xa5,0x08,0xa5,0x08,0xa5,0x08,0xa5,0x08,0xa5,0x08,0xa5,0x08,
    0xa5,0x08,0xa5,0x08,0xa5,0x08,0xa5,0x08,0xa5,0x08,0xa5,0x08,0xa5,0x08,0xa5,0x08,
    0xa5,0x08,0xa5,0x08,0xa5,0x08,0xa5,0x08,0xa5,0x08,0xa5,0x08,0xa5,0x08,0xa5,0x08,
    0xa5,0x08,0xa5,0x08,0xa5,0x08,0xa5,0x08,0xa5,0x08,0xa5,0x08,0xa5,0x08,0xa5,0x08,
    0xa5,0x08,0xa5,0x08,0xa5,0x08,0xa5,0x08,0xa5,0x08,0xa5,0x08,0xa5,0x08,0xa5,0x08,
    0xa5,0x08,0xa5,0x08,0xa5,0x08,0xa5,0x08,0xa5,0x08,0xa5,0x08,0xa5,0x08,0xa5,0x08,
    0xa5,0x08,0xa5,0x08,0xa5,0x08,0xa5,0x08,0xa5,0x08,0xa5,0x08,0xa5,0x08,0xa5,0x08,
    0xa5,0x08,0xa5,0x08,0xa5,0x08,0xa5,0x08,0xa5,0x08,0xa5,0x08,0xa5,0x08,0xa5,0x08,
    0xa5,0x08,0xa5,0x08,0xa5,0x08,0xa5,0x08,0xa5,0x08,0xa5,0x08,0xa5,0x08,0xa5,0x08,
    0xa5,0x08,0xa5,0x08,0xa5,0x08,0xa5,0x08,0xa5,0x08,0xa5,0x08,0xa5,0x08,0xa5,0x08,
    0xa5,0x08,0xa5,0x08,0xa5,0x08,0xa5,0x08,0xa5,0x08,0xa5,0x08,0xa5,0x08,0xa5,0x08,
    0xa5,0x08,0xa5,0x08,0xa5,0x08,0xa5,0x08,0xa5,0x08,0xa5,0x08,0xa5,0x08,0xa5,0x08,
    0xa5,0x08,0xa5,0x08,0xa5,0x08,0xa5,0x08,0xa5,0x08,0xa5,0x08,0xa5,0x08,0xa5,0x08,
    0xa5,0x08,0xa5,0x08,0xa5,0x08,0xa5,0x08,0xa5,0x08,0xa5,0x08,0xa5,0x10,0xa5,0x08,
    0xa5,0x08,0xa5,0x08,0xa5,0x08,0xa5,0x08,0xa5,0x08,0xa5,0x08,0xa5,0x08,0xa5,0x08,
    0xa5,0x08,0xa5,0x08,0xa5,0x08,0xa5,0x08,0xa5,0x08,0xa5,0x08,0xa5,0x08,0xa5,0x08,
    0xa5,0x08,0xa5,0x08,0xa5,0x08,0xa5,0x08,0xa5,0x08,0xa5,0x08,0xa5,0x08,0xa5,0x08,
    0xa5,0x08,0xa5,0x08,0xa5,0x08,0xa5,0x08,0xa5,0x08,0xa5,0x08,0xa5,0x08,0xa5,0x08,
    0xa5,0x08,0xa5,0x08,0xa5,0x08,0xa5,0x08,0xa5,0x08,0xa5,0x08,0xa5,0x08,0xa5,0x08,
    0xa5,0x08,0xa5,0x08,0xa5,0x08,0xa5,0x08,0xa5,0x08,0xa5,0x08,0xa5,0x08,0xa5,0x08,
    0xa5,0x08,0xa5,0x08,0xa5,0x08,0xa5,0x08,0xa5,0x08,0xa5,0x08,0xa5,0x08,0xa5,0x08,
    0xa5,0x08,0xa5,0x08,0xa5,0x08,0xa5,0x08,0xa5,0x08,0xa5,0x08,0xa5,0x08,0xa5,0x08,
    0xa5,0x08,0xa5,0x08,0xa5,0x08,0xa5,0x08,0xa5,0x08,0xa5,0x08,0xa5,0x08,0xa5,0x08,
    0xa5,0x08,0xa5,0x08,0xa5,0x08,0xa5,0x08,0xa5,0x08,0xa5,0x08,0xa5,0x08,0xa5,0x08,
    0xa5,0x08,0xa5,0x08,0xa5,0x08,0xa5,0x08,0xa5,0x08,0xa5,0x08,0xa5,0x08,0xa5,0x08,
    0xa5,0x08,0xa5,0x08,0xa5,0x08,0xa5,0x08,0xa5,0x08,0xa5,0x08,0xa5,0x08,0xa5,0x08,
    0xa5,0x08,0xa5,0x08,0xa5,0x08,0xa5,0x08,0xa5,0x08,0xa5,0x08,0xa5,0x08,0xa5,0x08,
    0xa5,0x08,0xa5,0x08,0xa5,0x08,0xa5,0x08,0xa5,0x08,0xa5,0x08,0xa5,0x08,0xa5,0x08,
    0xa5,0x08,0xa5,0x08,0xa5,0x08,0xa5,0x08,0xa5,0x08,0xa5,0x08,0xa5,0x08,0xa5,0x08,
    0xa5,0x08,0xa5,0x08,0xa5,0x08,0xa5,0x08,0xa5,0x08,0xa5,0x08,0xa5,0x08,0xa5,0x08,
    0xa5,0x08,0xa5,0x08,0xa5,0x08,0xa5,0x08,0xa5,0x08,0xa5,0x08,0xa5,0x08,0xa5,0x08,
    0xa5,0x08,0xa5,0x08,0xa5,0x08,0xa5,0x08,0xa5,0x08,0xa5,0x08,0xa5,0x08,0xa5,0x08,
    0xa5,0x08,0xa5,0x08,0xa5,0x08,0xa5,0x08,0xa5,0x08,0xa5,0x08,0xa5,0x08,0xa5,0x08,
    0xa5,0x08,0xa5,0x08,0xa5,0x08,0xa5,0x08,0xa5,0x08,0xa5,0x08,0xa5,0x08,0xa5,0x08,
    0xa5,0x08,0xa5,0x08,0xa5,0x08,0xa5,0x08,0xa5,0x08,0xa5,0x08,0xa5,0x08,0xa5,0x08,
    0xa5,0x08,0xa5,0x08,0xa5,0x08,0xa5,0x08,0xa5,0x08,0xa5,0x08,0xa5,0x08,0xa5,0x08,
    0xa5,0x08,0xa5,0x08,0xa5,0x08,0xa5,0x08,0xa5,0x08,0xa5,0x08,0xa5,0x08,0xa5,0x08,
    0xa5,0x08,0xa5,0x08,0xa5,0x08,0xa5,0x08,0xa5,0x08,0xa5,0x08,0xa5,0x08,0xa5,0x08,
    0xa5,0x08,0xa5,0x08,0xa5,0x08,0xa5,0x08,0xa5,0x08,0xa5,0x08,0xa5,0x08,0xa5,0x08,
    0xa5,0x08,0xa5,0x08,0xa5,0x08,0xa5,0x08,0xa5,0x08,0xa5,0x08,0xa5,0x08,0xa5,0x08,
    0xa5,0x08,0xa5,0x08,0xa5,0x08,0xa5,0x08,0xa5,0x08,0xa5,0x08,0xa5,0x08,0xa5,0x08,
    0xa5,0x08,0xa5,0x08,0xa5,0x08,0xa5,0x08,0xa5,0x08,0xa5,0x08,0xa5,0x08,0xa5,0x08,
    0xa5,0x08,0xa5,0x08,0xa5,0x08,0xa5,0x08,0xa5,0x08,0xa5,0x08,0xa5,0x08,0xa5,0x08,
    0xa5,0x08,0xa5,0x08,0xa5,0x08,0xa5,0x08,0xa5,0x08,0xa5,0x08,0xa5,0x08,0xa5,0x08,
    0xa5,0x08,0xa5,0x08,0xa5,0x08,0xa5,0x08,0xa5,0x08,0xa5,0x08,0xa5,0x08,0xa5,0x08,
    0xa5,0x08,0xa5,0x08,0xa5,0x08,0xa5,0x08,0xa5,0x08,0xa5,0x08,0xa5,0x08,0xa5,0x08,
    0xa5,0x08,0xa5,0x08,0xa5,0x08,0xa5,0x08,0xa5,0x08,0xa5,0x08,0xa5,0x08,0xa5,0x08,
    0xa5,0x08,0xa5,0x08,0xa5,0x08,0xa5,0x08,0xa5,0x08,0xa5,0x08,0xa5,0x08,0xa5,0x08,
    0xa5,0x08,0xa5,0x08,0xa5,0x08,0xa5,0x08,0xa5,0x08,0xa5,0x08,0xa5,0x08,0xa5,0x08,
    0xa5,0x08,0xa5,0x08,0xa5,0x08,0xa5,0x08,0xa5,0x08,0xa5,0x08,0xa5,0x08,0xa5,0x08,
    0xa5,0x08,0xa5,0x08,0xa5,0x08,0xa5,0x08,0xa5,0x08,0xa5,0x08,0xa5,0x08,0xa5,0x08,
    0xa5,0x08,0xa5,0x08,0xa5,0x08,0xa5,0x08,0xa5,0x08,0xa5,0x08,0xa5,0x08,0xa5,0x08,
    0xa5,0x08,0xa5,0x08,0xa5,0x08,0xa5,0x08,0xa5,0x08,0xa5,0x08,0xa5,0x08,0xa5,0x08,
    0xa5,0x08,0xa5,0x08,0xa5,0x08,0xa5,0x08,0xa5,0x08,0xa5,0x08,0xa5,0x08,0xa5,0x08,
    0xa5,0x08,0xa5,0x08,0xa5,0x08,0xa5,0x08,0xa5,0x08,0xa5,0x08,0xa5,0x08,0xa5,0x08,
    0xa5,0x08,0xa5,0x08,0xa5,0x08,0xa5,0x08,0xa5,0x08,0xa5,0x08,0xa5,0x08,0xa5,0x08,
    0xa5,0x08,0xa5,0x08,0xa5,0x08,0xa5,0x08,0xa5,0x08,0xa5,0x08,0xa5,0x08,0xa5,0x08,
    0xa5,0x08,0xa5,0x08,0xa5,0x08,0xa5,0x08,0xa5,0x08,0xa5,0x08,0xa5,0x08,0xa5,0x08,
    0xa5,0x08,0xa5,0x08,0xa5,0x08,0xa5,0x08,0xa5,0x08,0xa5,0x08,0xa5,0x08,0xa5,0x08,
    0xa5,0x08,0xa5,0x08,0xa5,0x08,0xa5,0x08,0xa5,0x08,0xa5,0x08,0xa5,0x08,0xa5,0x08,
    0xa5,0x08,0xa5,0x08,0xa5,0x08,0xa5,0x08,0xa5,0x08,0xa5,0x08,0xa5,0x08,0xa5,0x08,
    0xa5,0x08,0xa5,0x08,0xa5,0x08,0xa5,0x08,0xa5,0x08,0xa5,0x08,0xa5,0x08,0xa5,0x08,
    0xa5,0x08,0xa5,0x08,0xa5,0x08,0xa5,0x08,0xa5,0x08,0xa5,0x08,0xa5,0x08,0xa5,0x08,
    0xa5,0x08,0xa5,0x08,0xa5,0x08,0xa5,0x08,0xa5,0x08,0xa5,0x08,0xa5,0x08,0xa5,0x08,
    0xa5,0x08,0xa5,0x08,0xa5,0x08,0xa5,0x08,0xa5,0x08,0xa5,0x08,0xa5,0x08,0xa5,0x08,
    0xa5,0x08,0xa5,0x08,0xa5,0x08,0xa5,0x08,0xa5,0x08,0xa5,0x08,0xa5,0x08,0xa5,0x08,
    0xa5,0x08,0xa5,0x08,0xa5,0x08,0xa5,0x08,0xa5,0x08,0xa5,0x08,0xa5,0x08,0xa5,0x08,
    0xa5,0x08,0xa5,0x08,0xa5,0x08,0xa5,0x08,0xa5,0x08,0xa5,0x08,0xa5,0x08,0xa5,0x08,
    0xa5,0x08,0xa5,0x08,0xa5,0x08,0xa5,0x08,0xa5,0x08,0xa5,0x08,0xa5,0x08,0xa5,0x08,
    0xa5,0x08,0xa5,0x08,0xa5,0x08,0xa5,0x08,0xa5,0x08,0xa5,0x08,0xa5,0x08,0xa5,0x08,
    0xa5,0x08,0xa5,0x08,0xa5,0x08,0xa5,0x08,0xa5,0x08,0xa5,0x08,0xa5,0x08,0xa5,0x08,
    0xa5,0x08,0xa5,0x08,0xa5,0x08,0xa5,0x08,0xa5,0x08,0xa5,0x08,0xa5,0x08,0xa5,0x08,
    0xa5,0x08,0xa5,0x08,0xa5,0x08,0xa5,0x08,0xa5,0x08,0xa5,0x08,0xa5,0x08,0xa5,0x08,
    0xa5,0x08,0xa5,0x08,0xa5,0x08,0xa5,0x08,0xa5,0x08,0xa5,0x08,0xa5,0x08,0xa5,0x08,
    0xa5,0x08,0xa5,0x08,0xa5,0x08,0xa5,0x08,0xa5,0x08,0xa5,0x08,0xa5,0x08,0xa5,0x08,
    0xa5,0x08,0xa5,0x08,0xa5,0x08,0xa5,0x08,0xa5,0x08,0xa5,0x08,0xa5,0x08,0xa5,0x08,
    0xa5,0x08,0xa5,0x08,0xa5,0x08,0xa5,0x08,0xa5,0x08,0xa5,0x08,0xa5,0x08,0xa5,0x08,
    0xa5,0x08,0xa5,0x08,0xa5,0x08,0xa5,0x08,0xa5,0x08,0xa5,0x08,0xa5,0x08,0xa5,0x08,
    0xa5,0x08,0xa5,0x08,0xa5,0x08,0xa5,0x08,0xa5,0x08,0xa5,0x08,0xa5,0x08,0xa5,0x08,
    0xa5,0x08,0xa5,0x08,0xa5,0x08,0xa5,0x08,0xa5,0x08,0xa5,0x08,0xa5,0x08,0xa5,0x08,
    0xa5,0x08,0xa5,0x08,0xa5,0x08,0xa5,0x08,0xa5,0x08,0xa5,0x08,0xa5,0x08,0xa5,0x08,
    0xa5,0x08,0xa5,0x08,0xa5,0x08,0xa5,0x08,0xa5,0x08,0xa5,0x08,0xa5,0x08,0xa5,0x08,
    0xa5,0x08,0xa5,0x08,0xa5,0x08,0xa5,0x08,0xa5,0x08,0xa5,0x08,0xa5,0x08,0xa5,0x08,
    0xa5,0x08,0xa5,0x08,0xa5,0x08,0xa5,0x08,0xa5,0x08,0xa5,0x08,0xa5,0x08,0xa5,0x08,
    0xa5,0x08,0xa5,0x08,0xa5,0x08,0xa5,0x08,0xa5,0x08,0xa5,0x08,0xa5,0x08,0xa5,0x08,
    0xa5,0x08,0xa5,0x08,0xa5,0x08,0xa5,0x08,0xa5,0x08,0xa5,0x08,0xa5,0x08,0xa5,0x08,
    0xa5,0x08,0xa5,0x08,0xa5,0x08,0xa5,0x08,0xa5,0x08,0xa5,0x08,0xa5,0x08,0xa5,0x08,
    0xa5,0x08,0xa5,0x08,0xa5,0x08,0xa5,0x08,0xa5,0x08,0xa5,0x08,0xa5,0x08,0xa5,0x08,
    0xa5,0x08,0xa5,0x08,0xa5,0x08,0xa5,0x08,0xa5,0x08,0xa5,0x08,0xa5,0x08,0xa5,0x08,
    0xa5,0x08,0xa5,0x08,0xa5,0x08,0xa5,0x08,0xa5,0x08,0xa5,0x08,0xa5,0x08,0xa5,0x08,
    0xa5,0x08,0xa5,0x08,0xa5,0x08,0xa5,0x08,0xa5,0x08,0xa5,0x08,0xa5,0x08,0xa5,0x08,
    0xa5,0x08,0xa5,0x08,0xa5,0x08,0xa5,0x08,0xa5,0x08,0xa5,0x08,0xa5,0x08,0xa5,0x08,
    0xa5,0x08,0xa5,0x08,0xa5,0x08,0xa5,0x08,0xa5,0x08,0xa5,0x08,0xa5,0x08,0xa5,0x08,
    0xa5,0x08,0xa5,0x08,0xa5,0x08,0xa5,0x08,0xa5,0x08,0xa5,0x08,0xa5,0x08,0xa5,0x08,
    0xa5,0x08,0xa5,0x08,0xa5,0x08,0xa5,0x08,0xa5,0x08,0xa5,0x08,0xa5,0x08,0xa5,0x08,
    0xa5,0x08,0xa5,0x08,0xa5,0x08,0xa5,0x08,0xa5,0x08,0xa5,0x08,0xa5,0x08,0xa5,0x08,
    0xa5,0x08,0xa5,0x08,0xa5,0x08,0xa5,0x08,0xa5,0x08,0xa5,0x08,0xa5,0x08,0xa5,0x08,
    0xa5,0x08,0xa5,0x08,0xa5,0x08,0xa5,0x08,0xa5,0x08,0xa5,0x08,0xa5,0x08,0xa5,0x08,
    0xa5,0x08,0xa5,0x08,0xa5,0x08,0xa5,0x08,0xa5,0x08,0xa5,0x08,0xa5,0x08,0xa5,0x08,
    0xa5,0x08,0xa5,0x08,0xa5,0x08,0xa5,0x08,0xa5,0x08,0xa5,0x08,0xa5,0x08,0xa5,0x08,
    0xa5,0x08,0xa5,0x08,0xa5,0x08,0xa5,0x08,0xa5,0x08,0xa5,0x08,0xa5,0x08,0xa5,0x08,
    0xa5,0x08,0xa5,0x08,0xa5,0x08,0xa5,0x08,0xa5,0x08,0xa5,0x08,0xa5,0x08,0xa5,0x08,
    0xa5,0x08,0xa5,0x08,0xa5,0x08,0xa5,0x08,0xa5,0x08,0xa5,0x08,0xa5,0x08,0xa5,0x08,
    0xa5,0x08,0xa5,0x08,0xa5,0x08,0xa5,0x08,0xa5,0x08,0xa5,0x08,0xa5,0x08,0xa5,0x08,
    0xa5,0x08,0xa5,0x08,0xa5,0x08,0xa5,0x08,0xa5,0x08,0xa5,0x08,0xa5,0x08,0xa5,0x08,
    0xa5,0x08,0xa5,0x08,0xa5,0x08,0xa5,0x08,0xa5,0x08,0xa5,0x08,0xa5,0x08,0xa5,0x08,
    0xa5,0x08,0xa5,0x08,0xa5,0x08,0xa5,0x08,0xa5,0x08,0xa5,0x08,0xa5,0x08,0xa5,0x08,
    0xa5,0x08,0xa5,0x08,0xa5,0x08,0xa5,0x08,0xa5,0x08,0xa5,0x08,0xa5,0x08,0xa5,0x08,
    0xa5,0x08,0xa5,0x08,0xa5,0x08,0xa5,0x08,0xa5,0x08,0xa5,0x08,0xa5,0x08,0xa5,0x08,
    0xa5,0x08,0xa5,0x08,0xa5,0x08,0xa5,0x08,0xa5,0x08,0xa5,0x08,0xa5,0x08,0xa5,0x08,
    0xa5,0x08,0xa5,0x08,0xa5,0x08,0xa5,0x08,0xa5,0x08,0xa5,0x08,0xa5,0x08,0xa5,0x08,
    0xa5,0x08,0xa5,0x08,0xa5,0x08,0xa5,0x08,0xa5,0x08,0xa5,0x08,0xa5,0x08,0xa5,0x08,
    0xa5,0x08,0xa5,0x08,0xa5,0x08,0xa5,0x08,0xa5,0x08,0xa5,0x08,0xa5,0x08,0xa5,0x08,
    0xa5,0x08,0xa5,0x08,0xa5,0x08,0xa5,0x08,0xa5,0x08,0xa5,0x08,0xa5,0x08,0xa5,0x08,
    0xa5,0x08,0xa5,0x08,0xa5,0x08,0xa5,0x08,0xa5,0x08,0xa5,0x08,0xa5,0x08,0xa5,0x08,
    0xa5,0x08,0xa5,0x08,0xa5,0x08,0xa5,0x08,0xa5,0x08,0xa5,0x08,0xa5,0x08,0xa5,0x08,
    0xa5,0x08,0xa5,0x08,0xa5,0x08,0xa5,0x08,0xa5,0x08,0xa5,0x08,0xa5,0x08,0xa5,0x08,
    0xa5,0x08,0xa5,0x08,0xa5,0x08,0xa5,0x08,0xa5,0x08,0xa5,0x08,0xa5,0x08,0xa5,0x08,
    0xa5,0x08,0xa5,0x08,0xa5,0x08,0xa5,0x08,0xa5,0x08,0xa5,0x08,0xa5,0x08,0xa5,0x08,
    0xa5,0x08,0xa5,0x08,0xa5,0x08,0xa5,0x08,0xa5,0x08,0xa5,0x08,0xa5,0x08,0xa5,0x08,
    0xa5,0x08,0xa5,0x08,0xa5,0x08,0xa5,0x08,0xa5,0x08,0xa5,0x08,0xa5,0x08,0xa5,0x08,
    0xa5,0x08,0xa5,0x08,0xa5,0x08,0xa5,0x08,0xa5,0x08,0xa5,0x08,0xa5,0x08,0xa5,0x08,
    0xa5,0x08,0xa5,0x08,0xa5,0x08,0xa5,0x08,0xa5,0x08,0xa5,0x08,0xa5,0x08,0xa5,0x08,
    0xa5,0x08,0xa5,0x08,0xa5,0x08,0xa5,0x08,0xa5,0x08,0xa5,0x08,0xa5,0x08,0xa5,0x08,
    0xa5,0x08,0xa5,0x08,0xa5,0x08,0xa5,0x08,0xa5,0x08,0xa5,0x08,0xa5,0x08,0xa5,0x08,
    0xa5,0x08,0xa5,0x08,0xa5,0x08,0xa5,0x08,0xa5,0x08,0xa5,0x08,0xa5,0x08,0xa5,0x08,
    0xa5,0x08,0xa5,0x08,0xa5,0x08,0xa5,0x08,0xa5,0x08,0xa5,0x08,0xa5,0x08,0xa5,0x08,
    0xa5,0x08,0xa5,0x08,0xa5,0x08,0xa5,0x08,0xa5,0x08,0xa5,0x08,0xa5,0x08,0xa5,0x08,
    0xa5,0x08,0xa5,0x08,0xa5,0x08,0xa5,0x08,0xa5,0x08,0xa5,0x08,0xa5,0x08,0xa5,0x08,
    0xa5,0x08,0xa5,0x08,0xa5,0x08,0xa5,0x08,0xa5,0x08,0xa5,0x08,0xa5,0x08,0xa5,0x08,
    0xa5,0x08,0xa5,0x08,0xa5,0x08,0xa5,0x08,0xa5,0x08,0xa5,0x08,0xa5,0x08,0xa5,0x08,
    0xa5,0x08,0xa5,0x08,0xa5,0x08,0xa5,0x08,0xa5,0x08,0xa5,0x08,0xa5,0x08,0xa5,0x08,
    0xa5,0x08,0xa5,0x08,0xa5,0x08,0xa5,0x08,0xa5,0x08,0xa5,0x08,0xa5,0x08,0xa5,0x08,
    0xa5,0x08,0xa5,0x08,0xa5,0x08,0xa5,0x08,0xa5,0x08,0xa5,0x08,0xa5,0x08,0xa5,0x08,
    0xa5,0x08,0xa5,0x08,0xa5,0x08,0xa5,0x08,0xa5,0x08,0xa5,0x08,0xa5,0x08,0xa5,0x08,
    0xa5,0x08,0xa5,0x08,0xa5,0x08,0xa5,0x08,0xa5,0x08,0xa5,0x08,0xa5,0x08,0xa5,0x08,
    0xa5,0x08,0xa5,0x08,0xa5,0x08,0xa5,0x08,0xa5,0x08,0xa5,0x08,0xa5,0x08,0xa5,0x08,
    0xa5,0x08,0xa5,0x08,0xa5,0x08,0xa5,0x08,0xa5,0x08,0xa5,0x08,0xa5,0x08,0xa5,0x08,
    0xa5,0x08,0xa5,0x08,0xa5,0x08,0xa5,0x08,0xa5,0x08,0xa5,0x08,0xa5,0x08,0xa5,0x08,
    0xa5,0x08,0xa5,0x08,0xa5,0x08,0xa5,0x08,0xa5,0x08,0xa5,0x08,0xa5,0x08,0xa5,0x08,
    0xa5,0x08,0xa5,0x08,0xa5,0x08,0xa5,0x08,0xa5,0x08,0xa5,0x08,0xa5,0x08,0xa5,0x08,
    0xa5,0x08,0xa5,0x08,0xa5,0x08,0xa5,0x08,0xa5,0x08,0xa5,0x08,0xa5,0x08,0xa5,0x08,
    0xa5,0x08,0xa5,0x08,0xa5,0x08,0xa5,0x08,0xa5,0x08,0xa5,0x08,0xa5,0x08,0xa5,0x08,
    0xa5,0x08,0xa5,0x08,0xa5,0x08,0xa5,0x08,0xa5,0x08,0xa5,0x08,0xa5,0x08,0xa5,0x08,
    0xa5,0x08,0xa5,0x08,0xa5,0x08,0xa5,0x08,0xa5,0x08,0xa5,0x08,0xa5,0x08,0xa5,0x08,
    0xa5,0x08,0xa5,0x08,0xa5,0x08,0xa5,0x08,0xa5,0x08,0xa5,0x08,0xa5,0x08,0xa5,0x08,
    0xa5,0x08,0xa5,0x08,0xa5,0x08,0xa5,0x08,0xa5,0x08,0xa5,0x08,0xa5,0x08,0xa5,0x08,
    0xa5,0x08,0xa5,0x08,0xa5,0x08,0xa5,0x08,0xa5,0x08,0xa5,0x08,0xa5,0x08,0xa5,0x08,
    0xa5,0x08,0xa5,0x08,0xa5,0x08,0xa5,0x08,0xa5,0x08,0xa5,0x08,0xa5,0x08,0xa5,0x08,
    0xa5,0x08,0xa5,0x08,0xa5,0x08,0xa5,0x08,0xa5,0x08,0xa5,0x08,0xa5,0x08,0xa5,0x08,
    0xa5,0x08,0xa5,0x08,0xa5,0x08,0xa5,0x08,0xa5,0x08,0xa5,0x08,0xa5,0x08,0xa5,0x08,
    0xa5,0x08,0xa5,0x08,0xa5,0x08,0xa5,0x08,0xa5,0x08,0xa5,0x08,0xa5,0x08,0xa5,0x08,
    0xa5,0x08,0xa5,0x08,0xa5,0x08,0xa5,0x08,0xa5,0x08,0xa5,0x08,0xa5,0x08,0xa5,0x08,
    0xa5,0x08,0xa5,0x08,0xa5,0x08,0xa5,0x08,0xa5,0x08,0xa5,0x08,0xa5,0x08,0xa5,0x08,
    0xa5,0x08,0xa5,0x08,0xa5,0x08,0xa5,0x08,0xa5,0x08,0xa5,0x08,0xa5,0x08,0xa5,0x08,
    0xa5,0x08,0xa5,0x08,0xa5,0x08,0xa5,0x08,0xa5,0x08,0xa5,0x08,0xa5,0x08,0xa5,0x08,
    0xa5,0x08,0xa5,0x08,0xa5,0x08,0xa5,0x08,0xa5,0x08,0xa5,0x08,0xa5,0x08,0xa5,0x08,
    0xa5,0x08,0xa5,0x08,0xa5,0x08,0xa5,0x08,0xa5,0x08,0xa5,0x08,0xa5,0x08,0xa5,0x08,
    0xa5,0x08,0xa5,0x08,0xa5,0x08,0xa5,0x08,0xa5,0x08,0xa5,0x08,0xa5,0x08,0xa5,0x08,
    0xa5,0x08,0xa5,0x08,0xa5,0x08,0xa5,0x08,0xa5,0x08,0xa5,0x08,0xa5,0x08,0xa5,0x08,
    0xa5,0x08,0xa5,0x08,0xa5,0x08,0xa5,0x08,0xa5,0x08,0xa5,0x08,0xa5,0x08,0xa5,0x08,
    0xa5,0x08,0xa5,0x08,0xa5,0x08,0xa5,0x08,0xa5,0x08,0xa5,0x08,0xa5,0x08,0xa5,0x08,
    0xa5,0x08,0xa5,0x08,0xa5,0x08,0xa5,0x08,0xa5,0x08,0xa5,0x08,0xa5,0x08,0xa5,0x08,
    0xa5,0x08,0xa5,0x08,0xa5,0x08,0xa5,0x08,0xa5,0x08,0xa5,0x08,0xa5,0x08,0xa5,0x08,
    0xa5,0x08,0xa5,0x08,0xa5,0x08,0xa5,0x08,0xa5,0x08,0xa5,0x08,0xa5,0x08,0xa5,0x08,
    0xa5,0x08,0xa5,0x08,0xa5,0x08,0xa5,0x08,0xa5,0x08,0xa5,0x08,0xa5,0x08,0xa5,0x08,
    0xa5,0x08,0xa5,0x08,0xa5,0x08,0xa5,0x08,0xa5,0x08,0xa5,0x08,0xa5,0x08,0xa5,0x08,
    0xa5,0x08,0xa5,0x08,0xa5,0x08,0xa5,0x08,0xa5,0x08,0xa5,0x08,0xa5,0x08,0xa5,0x08,
    0xa5,0x08,0xa5,0x08,0xa5,0x08,0xa5,0x08,0xa5,0x08,0xa5,0x08,0xa5,0x08,0xa5,0x08,
    0xa5,0x08,0xa5,0x08,0xa5,0x08,0xa5,0x08,0xa5,0x08,0xa5,0x08,0xa5,0x08,0xa5,0x08,
    0xa5,0x08,0xa5,0x08,0xa5,0x08,0xa5,0x08,0xa5,0x08,0xa5,0x08,0xa5,0x08,0xa5,0x08,
    0xa5,0x08,0xa5,0x08,0xa5,0x08,0xa5,0x08,0xa5,0x08,0xa5,0x08,0xa5,0x08,0xa5,0x08,
    0xa5,0x08,0xa5,0x08,0xa5,0x08,0xa5,0x08,0xa5,0x08,0xa5,0x08,0xa5,0x08,0xa5,0x08,
    0xa5,0x08,0xa5,0x08,0xa5,0x08,0xa5,0x08,0xa5,0x08,0xa5,0x08,0xa5,0x08,0xa5,0x08,
    0xa5,0x08,0xa5,0x08,0xa5,0x08,0xa5,0x08,0xa5,0x08,0xa5,0x08,0xa5,0x08,0xa5,0x08,
    0xa5,0x08,0xa5,0x08,0xa5,0x08,0xa5,0x08,0xa5,0x08,0xa5,0x08,0xa5,0x08,0xa5,0x08,
    0xa5,0x08,0xa5,0x08,0xa5,0x08,0xa5,0x08,0xa5,0x08,0xa5,0x08,0xa5,0x08,0xa5,0x08,
    0xa5,0x08,0xa5,0x08,0xa5,0x08,0xa5,0x08,0xa5,0x08,0xa5,0x08,0xa5,0x08,0xa5,0x08,
    0xa5,0x08,0xa5,0x08,0xa5,0x08,0xa5,0x08,0xa5,0x08,0xa5,0x08,0xa5,0x08,0xa5,0x08,
    0xa5,0x08,0xa5,0x08,0xa5,0x08,0xa5,0x08,0xa5,0x08,0xa5,0x08,0xa5,0x08,0xa5,0x08,
    0xa5,0x08,0xa5,0x08,0xa5,0x08,0xa5,0x08,0xa5,0x08,0xa5,0x08,0xa5,0x08,0xa5,0x08,
    0xa5,0x08,0xa5,0x08,0xa5,0x08,0xa5,0x08,0xa5,0x08,0xa5,0x08,0xa5,0x08,0xa5,0x08,
    0xa5,0x08,0xa5,0x08,0xa5,0x08,0xa5,0x08,0xa5,0x08,0xa5,0x08,0xa5,0x08,0xa5,0x08,
    0xa5,0x08,0xa5,0x08,0xa5,0x08,0xa5,0x08,0xa5,0x08,0xa5,0x08,0xa5,0x08,0xa5,0x08,
    0xa5,0x08,0xa5,0x08,0xa5,0x08,0xa5,0x08,0xa5,0x08,0xa5,0x08,0xa5,0x08,0xa5,0x08,
    0xa5,0x08,0xa5,0x08,0xa5,0x08,0xa5,0x08,0xa5,0x08,0xa5,0x08,0xa5,0x08,0xa5,0x08,
    0xa5,0x08,0xa5,0x08,0xa5,0x08,0xa5,0x08,0xa5,0x08,0xa5,0x08,0xa5,0x08,0xa5,0x08,
    0xa5,0x08,0xa5,0x08,0xa5,0x08,0xa5,0x08,0xa5,0x08,0xa5,0x08,0xa5,0x08,0xa5,0x08,
    0xa5,0x08,0xa5,0x08,0xa5,0x08,0xa5,0x08,0xa5,0x08,0xa5,0x08,0xa5,0x08,0xa5,0x08,
    0xa5,0x08,0xa5,0x08,0xa5,0x08,0xa5,0x08,0xa5,0x08,0xa5,0x08,0xa5,0x08,0xa5,0x08,
    0xa5,0x08,0xa5,0x08,0xa5,0x08,0xa5,0x08,0xa5,0x08,0xa5,0x08,0xa5,0x08,0xa5,0x08,
    0xa5,0x08,0xa5,0x08,0xa5,0x08,0xa5,0x08,0xa5,0x08,0xa5,0x08,0xa5,0x08,0xa5,0x08,
    0xa5,0x08,0xa5,0x08,0xa5,0x08,0xa5,0x08,0xa5,0x08,0xa5,0x08,0xa5,0x08,0xa5,0x08,
    0xa5,0x08,0xa5,0x08,0xa5,0x08,0xa5,0x08,0xa5,0x08,0xa5,0x08,0xa5,0x08,0xa5,0x08,
    0xa5,0x08,0xa5,0x08,0xa5,0x08,0xa5,0x08,0xa5,0x08,0xa5,0x08,0xa5,0x08,0xa5,0x08,
    0xa5,0x08,0xa5,0x08,0xa5,0x08,0xa5,0x08,0xa5,0x08,0xa5,0x08,0xa5,0x08,0xa5,0x08,
    0xa5,0x08,0xa5,0x08,0xa5,0x08,0xa5,0x08,0xa5,0x08,0xa5,0x08,0xa5,0x08,0xa5,0x08,
    0xa5,0x08,0xa5,0x08,0xa5,0x08,0xa5,0x08,0xa5,0x08,0xa5,0x08,0xa5,0x08,0xa5,0x08,
    0xa5,0x08,0xa5,0x08,0xa5,0x08,0xa5,0x08,0xa5,0x08,0xa5,0x08,0xa5,0x08,0xa5,0x08,
    0xa5,0x08,0xa5,0x08,0xa5,0x08,0xa5,0x08,0xa5,0x08,0xa5,0x08,0xa5,0x08,0xa5,0x08,
    0xa5,0x08,0xa5,0x08,0xa5,0x08,0xa5,0x08,0xa5,0x08,0xa5,0x08,0xa5,0x08,0xa5,0x08,
    0xa5,0x08,0xa5,0x08,0xa5,0x08,0xa5,0x08,0xa5,0x08,0xa5,0x08,0xa5,0x08,0xa5,0x08,
    0xa5,0x08,0xa5,0x08,0xa5,0x08,0xa5,0x08,0xa5,0x08,0xa5,0x08,0xa5,0x08,0xa5,0x08,
    0xa5,0x08,0xa5,0x08,0xa5,0x08,0xa5,0x08,0xa5,0x08,0xa5,0x08,0xa5,0x08,0xa5,0x08,
    0xa5,0x08,0xa5,0x08,0xa5,0x08,0xa5,0x08,0xa5,0x08,0xa5,0x08,0xa5,0x08,0xa5,0x08,
    0xa5,0x08,0xa5,0x08,0xa5,0x08,0xa5,0x08,0xa5,0x08,0xa5,0x08,0xa5,0x08,0xa5,0x08,
    0xa5,0x08,0xa5,0x08,0xa5,0x08,0xa5,0x08,0xa5,0x08,0xa5,0x08,0xa5,0x08,0xa5,0x08,
    0xa5,0x08,0xa5,0x08,0xa5,0x08,0xa5,0x08,0xa5,0x08,0xa5,0x08,0xa5,0x08,0xa5,0x08,
    0xa5,0x08,0xa5,0x08,0xa5,0x08,0xa5,0x08,0xa5,0x08,0xa5,0x08,0xa5,0x08,0xa5,0x08,
    0xa5,0x08,0xa5,0x08,0xa5,0x08,0xa5,0x08,0xa5,0x08,0xa5,0x08,0xa5,0x08,0xa5,0x08,
    0xa5,0x08,0xa5,0x08,0xa5,0x08,0xa5,0x08,0xa5,0x08,0xa5,0x08,0xa5,0x08,0xa5,0x08,
    0xa5,0x08,0xa5,0x08,0xa5,0x08,0xa5,0x08,0xa5,0x08,0xa5,0x08,0xa5,0x08,0xa5,0x08,
    0xa5,0x08,0xa5,0x08,0xa5,0x08,0xa5,0x08,0xa5,0x08,0xa5,0x08,0xa5,0x08,0xa5,0x08,
    0xa5,0x08,0xa5,0x08,0xa5,0x08,0xa5,0x08,0xa5,0x08,0xa5,0x08,0xa5,0x08,0xa5,0x08,
    0xa5,0x08,0xa5,0x08,0xa5,0x08,0xa5,0x08,0xa5,0x08,0xa5,0x08,0xa5,0x08,0xa5,0x08,
    0xa5,0x08,0xa5,0x08,0xa5,0x08,0xa5,0x08,0xa5,0x08,0xa5,0x08,0xa5,0x08,0xa5,0x08,
    0xa5,0x08,0xa5,0x08,0xa5,0x08,0xa5,0x08,0xa5,0x08,0xa5,0x08,0xa5,0x08,0xa5,0x08,
    0xa5,0x08,0xa5,0x08,0xa5,0x08,0xa5,0x08,0xa5,0x08,0xa5,0x08,0xa5,0x08,0xa5,0x08,
    0xa5,0x08,0xa5,0x08,0xa5,0x08,0xa5,0x08,0xa5,0x08,0xa5,0x08,0xa5,0x08,0xa5,0x08,
    0xa5,0x08,0xa5,0x08,0xa5,0x08,0xa5,0x08,0xa5,0x08,0xa5,0x08,0xa5,0x08,0xa5,0x08,
    0xa5,0x08,0xa5,0x08,0xa5,0x08,0xa5,0x08,0xa5,0x08,0xa5,0x08,0xa5,0x08,0xa5,0x08,
    0xa5,0x08,0xa5,0x08,0xa5,0x08,0xa5,0x08,0xa5,0x08,0xa5,0x08,0xa5,0x08,0xa5,0x08,
    0xa5,0x08,0xa5,0x08,0xa5,0x08,0xa5,0x08,0xa5,0x08,0xa5,0x08,0xa5,0x08,0xa5,0x08,
    0xa5,0x08,0xa5,0x08,0xa5,0x08,0xa5,0x08,0xa5,0x08,0xa5,0x08,0xa5,0x08,0xa5,0x08,
    0xa5,0x08,0xa5,0x08,0xa5,0x08,0xa5,0x08,0xa5,0x08,0xa5,0x08,0xa5,0x08,0xa5,0x08,
    0xa5,0x08,0xa5,0x08,0xa5,0x08,0xa5,0x08,0xa5,0x08,0xa5,0x08,0xa5,0x08,0xa5,0x08,
    0xa5,0x08,0xa5,0x08,0xa5,0x08,0xa5,0x08,0xa5,0x08,0xa5,0x08,0xa5,0x08,0xa5,0x08,
    0xa5,0x08,0xa5,0x08,0xa5,0x08,0xa5,0x08,0xa5,0x08,0xa5,0x08,0xa5,0x08,0xa5,0x08,
    0xa5,0x08,0xa5,0x08,0xa5,0x08,0xa5,0x08,0xa5,0x08,0xa5,0x08,0xa5,0x08,0xa5,0x08,
    0xa5,0x08,0xa5,0x08,0xa5,0x08,0xa5,0x08,0xa5,0x08,0xa5,0x08,0xa5,0x08,0xa5,0x08,
    0xa5,0x08,0xa5,0x08,0xa5,0x08,0xa5,0x08,0xa5,0x08,0xa5,0x08,0xa5,0x08,0xa5,0x08,
    0xa5,0x08,0xa5,0x08,0xa5,0x08,0xa5,0x08,0xa5,0x08,0xa5,0x08,0xa5,0x08,0xa5,0x08,
    0xa5,0x08,0xa5,0x08,0xa5,0x08,0xa5,0x08,0xa5,0x08,0xa5,0x08,0xa5,0x08,0xa5,0x08,
    0xa5,0x08,0xa5,0x08,0xa5,0x08,0xa5,0x08,0xa5,0x08,0xa5,0x08,0xa5,0x08,0xa5,0x08,
    0xa5,0x08,0xa5,0x08,0xa5,0x08,0xa5,0x08,0xa5,0x08,0xa5,0x08,0xa5,0x08,0xa5,0x08,
    0xa5,0x08,0xa5,0x08,0xa5,0x08,0xa5,0x08,0xa5,0x08,0xa5,0x08,0xa5,0x08,0xa5,0x08,
    0xa5,0x08,0xa5,0x08,0xa5,0x08,0xa5,0x08,0xa5,0x08,0xa5,0x08,0xa5,0x08,0xa5,0x08,
    0xa5,0x08,0xa5,0x08,0xa5,0x08,0xa5,0x08,0xa5,0x08,0xa5,0x08,0xa5,0x08,0xa5,0x08,
    0xa5,0x08,0xa5,0x08,0xa5,0x08,0xa5,0x08,0xa5,0x08,0xa5,0x08,0xa5,0x08,0xa5,0x08,
    0xa5,0x08,0xa5,0x08,0xa5,0x08,0xa5,0x08,0xa5,0x08,0xa5,0x08,0xa5,0x08,0xa5,0x08,
    0xa5,0x08,0xa5,0x08,0xa5,0x08,0xa5,0x08,0xa5,0x08,0xa5,0x08,0xa5,0x08,0xa5,0x08,
    0xa5,0x08,0xa5,0x08,0xa5,0x08,0xa5,0x08,0xa5,0x08,0xa5,0x08,0xa5,0x08,0xa5,0x08,
    0xa5,0x08,0xa5,0x08,0xa5,0x08,0xa5,0x08,0xa5,0x08,0xa5,0x08,0xa5,0x08,0xa5,0x08,
    0xa5,0x08,0xa5,0x08,0xa5,0x08,0xa5,0x08,0xa5,0x08,0xa5,0x08,0xa5,0x08,0xa5,0x08,
    0xa5,0x08,0xa5,0x08,0xa5,0x08,0xa5,0x08,0xa5,0x08,0xa5,0x08,0xa5,0x08,0xa5,0x08,
    0xa5,0x08,0xa5,0x08,0xa5,0x08,0xa5,0x08,0xa5,0x08,0xa5,0x08,0xa5,0x08,0xa5,0x08,
    0xa5,0x08,0xa5,0x08,0xa5,0x08,0xa5,0x08,0xa5,0x08,0xa5,0x08,0xa5,0x08,0xa5,0x08,
    0xa5,0x08,0xa5,0x08,0xa5,0x08,0xa5,0x08,0xa5,0x08,0xa5,0x08,0xa5,0x08,0xa5,0x08,
    0xa5,0x08,0xa5,0x08,0xa5,0x08,0xa5,0x08,0xa5,0x08,0xa5,0x08,0xa5,0x08,0xa5,0x08,
    0xa5,0x08,0xa5,0x08,0xa5,0x08,0xa5,0x08,0xa5,0x08,0xa5,0x08,0xa5,0x08,0xa5,0x08,
    0xa5,0x08,0xa5,0x08,0xa5,0x08,0xa5,0x08,0xa5,0x08,0xa5,0x08,0xa5,0x08,0xa5,0x08,
    0xa5,0x08,0xa5,0x08,0xa5,0x08,0xa5,0x08,0xa5,0x08,0xa5,0x08,0xa5,0x08,0xa5,0x08,
    0xa5,0x08,0xa5,0x08,0xa5,0x08,0xa5,0x08,0xa5,0x08,0xa5,0x08,0xa5,0x08,0xa5,0x08,
    0xa5,0x08,0xa5,0x08,0xa5,0x08,0xa5,0x08,0xa5,0x08,0xa5,0x08,0xa5,0x08,0xa5,0x08,
    0xa5,0x08,0xa5,0x08,0xa5,0x08,0xa5,0x08,0xa5,0x08,0xa5,0x08,0xa5,0x08,0xa5,0x08,
    0xa5,0x08,0xa5,0x08,0xa5,0x08,0xa5,0x08,0xa5,0x08,0xa5,0x08,0xa5,0x08,0xa5,0x08,
    0xa5,0x08,0xa5,0x08,0xa5,0x08,0xa5,0x08,0xa5,0x08,0xa5,0x08,0xa5,0x08,0xa5,0x08,
    0xa5,0x08,0xa5,0x08,0xa5,0x08,0xa5,0x08,0xa5,0x08,0xa5,0x08,0xa5,0x08,0xa5,0x08,
    0xa5,0x08,0xa5,0x08,0xa5,0x08,0xa5,0x08,0xa5,0x08,0xa5,0x08,0xa5,0x08,0xa5,0x08,
    0xa5,0x08,0xa5,0x08,0xa5,0x08,0xa5,0x08,0xa5,0x08,0xa5,0x08,0xa5,0x08,0xa5,0x08,
    0xa5,0x08,0xa5,0x08,0xa5,0x08,0xa5,0x08,0xa5,0x08,0xa5,0x08,0xa5,0x08,0xa5,0x08,
    0xa5,0x08,0xa5,0x08,0xa5,0x08,0xa5,0x08,0xa5,0x08,0xa5,0x08,0xa5,0x08,0xa5,0x08,
    0xa5,0x08,0xa5,0x08,0xa5,0x08,0xa5,0x08,0xa5,0x08,0xa5,0x08,0xa5,0x08,0xa5,0x08,
    0xa5,0x08,0xa5,0x08,0xa5,0x08,0xa5,0x08,0xa5,0x08,0xa5,0x08,0xa5,0x08,0xa5,0x08,
    0xa5,0x08,0xa5,0x08,0xa5,0x08,0xa5,0x08,0xa5,0x08,0xa5,0x08,0xa5,0x08,0xa5,0x08,
    0xa5,0x08,0xa5,0x08,0xa5,0x08,0xa5,0x08,0xa5,0x08,0xa5,0x08,0xa5,0x08,0xa5,0x08,
    0xa5,0x08,0xa5,0x08,0xa5,0x08,0xa5,0x08,0xa5,0x08,0xa5,0x08,0xa5,0x08,0xa5,0x08,
    0xa5,0x08,0xa5,0x08,0xa5,0x08,0xa5,0x08,0xa5,0x08,0xa5,0x08,0xa5,0x08,0xa5,0x08,
    0xa5,0x08,0xa5,0x08,0xa5,0x08,0xa5,0x08,0xa5,0x08,0xa5,0x08,0xa5,0x08,0xa5,0x08,
    0xa5,0x08,0xa5,0x08,0xa5,0x08,0xa5,0x08,0xa5,0x08,0xa5,0x08,0xa5,0x08,0xa5,0x08,
    0xa5,0x08,0xa5,0x08,0xa5,0x08,0xa5,0x08,0xa5,0x08,0xa5,0x08,0xa5,0x08,0xa5,0x08,
    0xa5,0x08,0xa5,0x08,0xa5,0x08,0xa5,0x08,0xa5,0x08,0xa5,0x08,0xa5,0x08,0xa5,0x08,
    0xa5,0x08,0xa5,0x08,0xa5,0x08,0xa5,0x08,0xa5,0x08,0xa5,0x08,0xa5,0x08,0xa5,0x08,
    0xa5,0x08,0xa5,0x08,0xa5,0x08,0xa5,0x08,0xa5,0x08,0xa5,0x08,0xa5,0x08,0xa5,0x08,
    0xa5,0x08,0xa5,0x08,0xa5,0x08,0xa5,0x08,0xa5,0x08,0xa5,0x08,0xa5,0x08,0xa5,0x08,
    0xa5,0x08,0xa5,0x08,0xa5,0x08,0xa5,0x08,0xa5,0x08,0xa5,0x08,0xa5,0x08,0xa5,0x08,
    0xa5,0x08,0xa5,0x08,0xa5,0x08,0xa5,0x08,0xa5,0x08,0xa5,0x08,0xa5,0x08,0xa5,0x08,
    0xa5,0x08,0xa5,0x08,0xa5,0x08,0xa5,0x08,0xa5,0x08,0xa5,0x08,0xa5,0x08,0xa5,0x08,
    0xa5,0x08,0xa5,0x08,0xa5,0x08,0xa5,0x08,0xa5,0x08,0xa5,0x08,0xa5,0x08,0xa5,0x08,
    0xa5,0x08,0xa5,0x08,0xa5,0x08,0xa5,0x08,0xa5,0x08,0xa5,0x08,0xa5,0x08,0xa5,0x08,
    0xa5,0x08,0xa5,0x08,0xa5,0x08,0xa5,0x08,0xa5,0x08,0xa5,0x08,0xa5,0x08,0xa5,0x08,
    0xa5,0x08,0xa5,0x08,0xa5,0x08,0xa5,0x08,0xa5,0x08,0xa5,0x08,0xa5,0x08,0xa5,0x08,
    0xa5,0x08,0xa5,0x08,0xa5,0x08,0xa5,0x08,0xa5,0x08,0xa5,0x08,0xa5,0x08,0xa5,0x08,
    0xa5,0x08,0xa5,0x08,0xa5,0x08,0xa5,0x08,0xa5,0x08,0xa5,0x08,0xa5,0x08,0xa5,0x08,
    0xa5,0x08,0xa5,0x08,0xa5,0x08,0xa5,0x08,0xa5,0x08,0xa5,0x08,0xa5,0x08,0xa5,0x08,
    0xa5,0x08,0xa5,0x08,0xa5,0x08,0xa5,0x08,0xa5,0x08,0xa5,0x08,0xa5,0x08,0xa5,0x08,
    0xa5,0x08,0xa5,0x08,0xa5,0x08,0xa5,0x08,0xa5,0x08,0xa5,0x08,0xa5,0x08,0xa5,0x08,
    0xa5,0x08,0xa5,0x08,0xa5,0x08,0xa5,0x08,0xa5,0x08,0xa5,0x08,0xa5,0x08,0xa5,0x08,
    0xa5,0x08,0xa5,0x08,0xa5,0x08,0xa5,0x08,0xa5,0x08,0xa5,0x08,0xa5,0x08,0xa5,0x08,
    0xa5,0x08,0xa5,0x08,0xa5,0x08,0xa5,0x08,0xa5,0x08,0xa5,0x08,0xa5,0x08,0xa5,0x08,
    0xa5,0x08,0xa5,0x08,0xa5,0x08,0xa5,0x08,0xa5,0x08,0xa5,0x08,0xa5,0x08,0xa5,0x08,
    0xa5,0x08,0xa5,0x08,0xa5,0x08,0xa5,0x08,0xa5,0x08,0xa5,0x08,0xa5,0x08,0xa5,0x08,
    0xa5,0x08,0xa5,0x08,0xa5,0x08,0xa5,0x08,0xa5,0x08,0xa5,0x08,0xa5,0x08,0xa5,0x08,
    0xa5,0x08,0xa5,0x08,0xa5,0x08,0xa5,0x08,0xa5,0x08,0xa5,0x08,0xa5,0x08,0xa5,0x08,
    0xa5,0x08,0xa5,0x08,0xa5,0x08,0xa5,0x08,0xa5,0x08,0xa5,0x08,0xa5,0x08,0xa5,0x08,
    0xa5,0x08,0xa5,0x08,0xa5,0x08,0xa5,0x08,0xa5,0x08,0xa5,0x08,0xa5,0x08,0xa5,0x08,
    0xa5,0x08,0xa5,0x08,0xa5,0x08,0xa5,0x08,0xa5,0x08,0xa5,0x08,0xa5,0x08,0xa5,0x08,
    0xa5,0x08,0xa5,0x08,0xa5,0x08,0xa5,0x08,0xa5,0x08,0xa5,0x08,0xa5,0x08,0xa5,0x08,
    0xa5,0x08,0xa5,0x08,0xa5,0x08,0xa5,0x08,0xa5,0x08,0xa5,0x08,0xa5,0x08,0xa5,0x08,
    0xa5,0x08,0xa5,0x08,0xa5,0x08,0xa5,0x08,0xa5,0x08,0xa5,0x08,0xa5,0x08,0xa5,0x08,
    0xa5,0x08,0xa5,0x08,0xa5,0x08,0xa5,0x08,0xa5,0x08,0xa5,0x08,0xa5,0x08,0xa5,0x08,
    0xa5,0x08,0xa5,0x08,0xa5,0x08,0xa5,0x08,0xa5,0x08,0xa5,0x08,0xa5,0x08,0xa5,0x08,
    0xa5,0x08,0xa5,0x08,0xa5,0x08,0xa5,0x08,0xa5,0x08,0xa5,0x08,0xa5,0x08,0xa5,0x08,
    0xa5,0x08,0xa5,0x08,0xa5,0x08,0xa5,0x08,0xa5,0x08,0xa5,0x08,0xa5,0x08,0xa5,0x08,
    0xa5,0x08,0xa5,0x08,0xa5,0x08,0xa5,0x08,0xa5,0x08,0xa5,0x08,0xa5,0x08,0xa5,0x08,
    0xa5,0x08,0xa5,0x08,0xa5,0x08,0xa5,0x08,0xa5,0x08,0xa5,0x08,0xa5,0x08,0xa5,0x08,
    0xa5,0x08,0xa5,0x08,0xa5,0x08,0xa5,0x08,0xa5,0x08,0xa5,0x08,0xa5,0x08,0xa5,0x08,
    0xa5,0x08,0xa5,0x08,0xa5,0x08,0xa5,0x08,0xa5,0x08,0xa5,0x08,0xa5,0x08,0xa5,0x08,
    0xa5,0x08,0xa5,0x08,0xa5,0x08,0xa5,0x08,0xa5,0x08,0xa5,0x08,0xa5,0x08,0xa5,0x08,
    0xa5,0x08,0xa5,0x08,0xa5,0x08,0xa5,0x08,0xa5,0x08,0xa5,0x08,0xa5,0x08,0xa5,0x08,
    0xa5,0x08,0xa5,0x08,0xa5,0x08,0xa5,0x08,0xa5,0x08,0xa5,0x08,0xa5,0x08,0xa5,0x08,
    0xa5,0x08,0xa5,0x08,0xa5,0x08,0xa5,0x08,0xa5,0x08,0xa5,0x08,0xa5,0x08,0xa5,0x08,
    0xa5,0x08,0xa5,0x08,0xa5,0x08,0xa5,0x08,0xa5,0x08,0xa5,0x08,0xa5,0x08,0xa5,0x08,
    0xa5,0x08,0xa5,0x08,0xa5,0x08,0xa5,0x08,0xa5,0x08,0xa5,0x08,0xa5,0x08,0xa5,0x08,
    0xa5,0x08,0xa5,0x08,0xa5,0x08,0xa5,0x08,0xa5,0x08,0xa5,0x08,0xa5,0x08,0xa5,0x08,
    0xa5,0x08,0xa5,0x08,0xa5,0x08,0xa5,0x08,0xa5,0x08,0xa5,0x08,0xa5,0x08,0xa5,0x08,
    0xa5,0x08,0xa5,0x08,0xa5,0x08,0xa5,0x08,0xa5,0x08,0xa5,0x08,0xa5,0x08,0xa5,0x08,
    0xa5,0x08,0xa5,0x08,0xa5,0x08,0xa5,0x08,0xa5,0x08,0xa5,0x08,0xa5,0x08,0xa5,0x08,
    0xa5,0x08,0xa5,0x08,0xa5,0x08,0xa5,0x08,0xa5,0x08,0xa5,0x08,0xa5,0x08,0xa5,0x08,
    0xa5,0x08,0xa5,0x08,0xa5,0x08,0xa5,0x08,0xa5,0x08,0xa5,0x08,0xa5,0x08,0xa5,0x08,
    0xa5,0x08,0xa5,0x08,0xa5,0x08,0xa5,0x08,0xa5,0x08,0xa5,0x08,0xa5,0x08,0xa5,0x08,
    0xa5,0x08,0xa5,0x08,0xa5,0x08,0xa5,0x08,0xa5,0x08,0xa5,0x08,0xa5,0x08,0xa5,0x08,
    0xa5,0x08,0xa5,0x08,0xa5,0x08,0xa5,0x08,0xa5,0x08,0xa5,0x08,0xa5,0x08,0xa5,0x08,
    0xa5,0x08,0xa5,0x08,0xa5,0x08,0xa5,0x08,0xa5,0x08,0xa5,0x08,0xa5,0x08,0xa5,0x08,
    0xa5,0x08,0xa5,0x08,0xa5,0x08,0xa5,0x08,0xa5,0x08,0xa5,0x08,0xa5,0x08,0xa5,0x08,
    0xa5,0x08,0xa5,0x08,0xa5,0x08,0xa5,0x08,0xa5,0x08,0xa5,0x08,0xa5,0x08,0xa5,0x08,
    0xa5,0x08,0xa5,0x08,0xa5,0x08,0xa5,0x08,0xa5,0x08,0xa5,0x08,0xa5,0x08,0xa5,0x08,
    0xa5,0x08,0xa5,0x08,0xa5,0x08,0xa5,0x08,0xa5,0x08,0xa5,0x08,0xa5,0x08,0xa5,0x08,
    0xa5,0x08,0xa5,0x08,0xa5,0x08,0xa5,0x08,0xa5,0x08,0xa5,0x08,0xa5,0x08,0xa5,0x08,
    0xa5,0x08,0xa5,0x08,0xa5,0x08,0xa5,0x08,0xa5,0x08,0xa5,0x08,0xa5,0x08,0xa5,0x08,
    0xa5,0x08,0xa5,0x08,0xa5,0x08,0xa5,0x08,0xa5,0x08,0xa5,0x08,0xa5,0x08,0xa5,0x08,
    0xa5,0x08,0xa5,0x08,0xa5,0x08,0xa5,0x08,0xa5,0x08,0xa5,0x08,0xa5,0x08,0xa5,0x08,
    0xa5,0x08,0xa5,0x08,0xa5,0x08,0xa5,0x08,0xa5,0x08,0xa5,0x08,0xa5,0x08,0xa5,0x08,
    0xa5,0x08,0xa5,0x08,0xa5,0x08,0xa5,0x08,0xa5,0x08,0xa5,0x08,0xa5,0x08,0xa5,0x08,
    0xa5,0x08,0xa5,0x08,0xa5,0x08,0xa5,0x08,0xa5,0x08,0xa5,0x08,0xa5,0x08,0xa5,0x08,
    0xa5,0x08,0xa5,0x08,0xa5,0x08,0xa5,0x08,0xa5,0x08,0xa5,0x08,0xa5,0x08,0xa5,0x08,
    0xa5,0x08,0xa5,0x08,0xa5,0x08,0xa5,0x08,0xa5,0x08,0xa5,0x08,0xa5,0x08,0xa5,0x08,
    0xa5,0x08,0xa5,0x08,0xa5,0x08,0xa5,0x08,0xa5,0x08,0xa5,0x08,0xa5,0x08,0xa5,0x08,
    0xa5,0x08,0xa5,0x08,0xa5,0x08,0xa5,0x08,0xa5,0x08,0xa5,0x08,0xa5,0x08,0xa5,0x08,
    0xa5,0x08,0xa5,0x08,0xa5,0x08,0xa5,0x08,0xa5,0x08,0xa5,0x08,0xa5,0x08,0xa5,0x08,
    0xa5,0x08,0xa5,0x08,0xa5,0x08,0xa5,0x08,0xa5,0x08,0xa5,0x08,0xa5,0x08,0xa5,0x08,
    0xa5,0x08,0xa5,0x08,0xa5,0x08,0xa5,0x08,0xa5,0x08,0xa5,0x08,0xa5,0x08,0xa5,0x08,
    0xa5,0x08,0xa5,0x08,0xa5,0x08,0xa5,0x08,0xa5,0x08,0xa5,0x08,0xa5,0x08,0xa5,0x08,
    0xa5,0x08,0xa5,0x08,0xa5,0x08,0xa5,0x08,0xa5,0x08,0xa5,0x08,0xa5,0x08,0xa5,0x08,
    0xa5,0x08,0xa5,0x08,0xa5,0x08,0xa5,0x08,0xa5,0x08,0xa5,0x08,0xa5,0x08,0xa5,0x08,
    0xa5,0x08,0xa5,0x08,0xa5,0x08,0xa5,0x08,0xa5,0x08,0xa5,0x08,0xa5,0x08,0xa5,0x08,
    0xa5,0x08,0xa5,0x08,0xa5,0x08,0xa5,0x08,0xa5,0x08,0xa5,0x08,0xa5,0x08,0xa5,0x08,
    0xa5,0x08,0xa5,0x08,0xa5,0x08,0xa5,0x08,0xa5,0x08,0xa5,0x08,0xa5,0x08,0xa5,0x08,
    0xa5,0x08,0xa5,0x08,0xa5,0x08,0xa5,0x08,0xa5,0x08,0xa5,0x08,0xa5,0x08,0xa5,0x08,
    0xa5,0x08,0xa5,0x08,0xa5,0x08,0xa5,0x08,0xa5,0x08,0xa5,0x08,0xa5,0x08,0xa5,0x08,
    0xa5,0x08,0xa5,0x08,0xa5,0x08,0xa5,0x08,0xa5,0x08,0xa5,0x08,0xa5,0x08,0xa5,0x08,
    0xa5,0x08,0xa5,0x08,0xa5,0x08,0xa5,0x08,0xa5,0x08,0xa5,0x08,0xa5,0x08,0xa5,0x08,
    0xa5,0x08,0xa5,0x08,0xa5,0x08,0xa5,0x08,0xa5,0x08,0xa5,0x08,0xa5,0x08,0xa5,0x08,
    0xa5,0x08,0xa5,0x08,0xa5,0x08,0xa5,0x08,0xa5,0x08,0xa5,0x08,0xa5,0x08,0xa5,0x08,
    0xa5,0x08,0xa5,0x08,0xa5,0x08,0xa5,0x08,0xa5,0x08,0xa5,0x08,0xa5,0x08,0xa5,0x08,
    0xa5,0x08,0xa5,0x08,0xa5,0x08,0xa5,0x08,0xa5,0x08,0xa5,0x08,0xa5,0x08,0xa5,0x08,
    0xa5,0x08,0xa5,0x08,0xa5,0x08,0xa5,0x08,0xa5,0x08,0xa5,0x08,0xa5,0x08,0xa5,0x08,
    0xa5,0x08,0xa5,0x08,0xa5,0x08,0xa5,0x08,0xa5,0x08,0xa5,0x08,0xa5,0x08,0xa5,0x08,
    0xa5,0x08,0xa5,0x08,0xa5,0x08,0xa5,0x08,0xa5,0x08,0xa5,0x08,0xa5,0x08,0xa5,0x08,
    0xa5,0x08,0xa5,0x08,0xa5,0x08,0xa5,0x08,0xa5,0x08,0xa5,0x08,0xa5,0x08,0xa5,0x08,
    0xa5,0x08,0xa5,0x08,0xa5,0x08,0xa5,0x08,0xa5,0x08,0xa5,0x08,0xa5,0x08,0xa5,0x08,
    0xa5,0x08,0xa5,0x08,0xa5,0x08,0xa5,0x08,0xa5,0x08,0xa5,0x08,0xa5,0x08,0xa5,0x08,
    0xa5,0x08,0xa5,0x08,0xa5,0x08,0xa5,0x08,0xa5,0x08,0xa5,0x08,0xa5,0x08,0xa5,0x08,
    0xa5,0x08,0xa5,0x08,0xa5,0x08,0xa5,0x08,0xa5,0x08,0xa5,0x08,0xa5,0x08,0xa5,0x08,
    0xa5,0x08,0xa5,0x08,0xa5,0x08,0xa5,0x08,0xa5,0x08,0xa5,0x08,0xa5,0x08,0xa5,0x08,
    0xa5,0x08,0xa5,0x08,0xa5,0x08,0xa5,0x08,0xa5,0x08,0xa5,0x08,0xa5,0x08,0xa5,0x08,
    0xa5,0x08,0xa5,0x08,0xa5,0x08,0xa5,0x08,0xa5,0x08,0xa5,0x08,0xa5,0x08,0xa5,0x08,
    0xa5,0x08,0xa5,0x08,0xa5,0x08,0xa5,0x08,0xa5,0x08,0xa5,0x08,0xa5,0x08,0xa5,0x08,
    0xa5,0x08,0xa5,0x08,0xa5,0x08,0xa5,0x08,0xa5,0x08,0xa5,0x08,0xa5,0x08,0xa5,0x08,
    0xa5,0x08,0xa5,0x08,0xa5,0x08,0xa5,0x08,0xa5,0x08,0xa5,0x08,0xa5,0x08,0xa5,0x08,
    0xa5,0x08,0xa5,0x08,0xa5,0x08,0xa5,0x08,0xa5,0x08,0xa5,0x08,0xa5,0x08,0xa5,0x08,
    0xa5,0x08,0xa5,0x08,0xa5,0x08,0xa5,0x08,0xa5,0x08,0xa5,0x08,0xa5,0x08,0xa5,0x08,
    0xa5,0x08,0xa5,0x08,0xa5,0x08,0xa5,0x08,0xa5,0x08,0xa5,0x08,0xa5,0x08,0xa5,0x08,
    0xa5,0x08,0xa5,0x08,0xa5,0x08,0xa5,0x08,0xa5,0x08,0xa5,0x08,0xa5,0x08,0xa5,0x08,
    0xa5,0x08,0xa5,0x08,0xa5,0x08,0xa5,0x08,0xa5,0x08,0xa5,0x08,0xa5,0x08,0xa5,0x08,
    0xa5,0x08,0xa5,0x08,0xa5,0x08,0xa5,0x08,0xa5,0x08,0xa5,0x08,0xa5,0x08,0xa5,0x08,
    0xa5,0x08,0xa5,0x08,0xa5,0x08,0xa5,0x08,0xa5,0x08,0xa5,0x08,0xa5,0x08,0xa5,0x08,
    0xa5,0x08,0xa5,0x08,0xa5,0x08,0xa5,0x08,0xa5,0x08,0xa5,0x08,0xa5,0x08,0xa5,0x08,
    0xa5,0x08,0xa5,0x08,0xa5,0x08,0xa5,0x08,0xa5,0x08,0xa5,0x08,0xa5,0x08,0xa5,0x08,
    0xa5,0x08,0xa5,0x08,0xa5,0x08,0xa5,0x08,0xa5,0x08,0xa5,0x08,0xa5,0x08,0xa5,0x08,
    0xa5,0x08,0xa5,0x08,0xa5,0x08,0xa5,0x08,0xa5,0x08,0xa5,0x08,0xa5,0x08,0xa5,0x08,
    0xa5,0x08,0xa5,0x08,0xa5,0x08,0xa5,0x08,0xa5,0x08,0xa5,0x08,0xa5,0x08,0xa5,0x08,
    0xa5,0x08,0xa5,0x08,0xa5,0x08,0xa5,0x08,0xa5,0x08,0xa5,0x08,0xa5,0x08,0xa5,0x08,
    0xa5,0x08,0xa5,0x08,0xa5,0x08,0xa5,0x08,0xa5,0x08,0xa5,0x08,0xa5,0x08,0xa5,0x08,
    0xa5,0x08,0xa5,0x08,0xa5,0x08,0xa5,0x08,0xa5,0x08,0xa5,0x08,0xa5,0x08,0xa5,0x08,
    0xa5,0x08,0xa5,0x08,0xa5,0x08,0xa5,0x08,0xa5,0x08,0xa5,0x08,0xa5,0x08,0xa5,0x08,
    0xa5,0x08,0xa5,0x08,0xa5,0x08,0xa5,0x08,0xa5,0x08,0xa5,0x08,0xa5,0x08,0xa5,0x08,
    0xa5,0x08,0xa5,0x08,0xa5,0x08,0xa5,0x08,0xa5,0x08,0xa5,0x08,0xa5,0x08,0xa5,0x08,
    0xa5,0x08,0xa5,0x08,0xa5,0x08,0xa5,0x08,0xa5,0x08,0xa5,0x08,0xa5,0x08,0xa5,0x08,
    0xa5,0x08,0xa5,0x08,0xa5,0x08,0xa5,0x08,0xa5,0x08,0xa5,0x08,0xa5,0x08,0xa5,0x08,
    0xa5,0x08,0xa5,0x08,0xa5,0x08,0xa5,0x08,0xa5,0x08,0xa5,0x08,0xa5,0x08,0xa5,0x08,
    0xa5,0x08,0xa5,0x08,0xa5,0x08,0xa5,0x08,0xa5,0x08,0xa5,0x08,0xa5,0x08,0xa5,0x08,
    0xa5,0x08,0xa5,0x08,0xa5,0x08,0xa5,0x08,0xa5,0x08,0xa5,0x08,0xa5,0x08,0xa5,0x08,
    0xa5,0x08,0xa5,0x08,0xa5,0x08,0xa5,0x08,0xa5,0x08,0xa5,0x08,0xa5,0x08,0xa5,0x08,
    0xa5,0x08,0xa5,0x08,0xa5,0x08,0xa5,0x08,0xa5,0x08,0xa5,0x08,0xa5,0x08,0xa5,0x08,
    0xa5,0x08,0xa5,0x08,0xa5,0x08,0xa5,0x08,0xa5,0x08,0xa5,0x08,0xa5,0x08,0xa5,0x08,
    0xa5,0x08,0xa5,0x08,0xa5,0x08,0xa5,0x08,0xa5,0x08,0xa5,0x08,0xa5,0x08,0xa5,0x08,
    0xa5,0x08,0xa5,0x08,0xa5,0x08,0xa5,0x08,0xa5,0x08,0xa5,0x08,0xa5,0x08,0xa5,0x08,
    0xa5,0x08,0xa5,0x08,0xa5,0x08,0xa5,0x08,0xa5,0x08,0xa5,0x08,0xa5,0x08,0xa5,0x08,
    0xa5,0x08,0xa5,0x08,0xa5,0x08,0xa5,0x08,0xa5,0x08,0xa5,0x08,0xa5,0x08,0xa5,0x08,
    0xa5,0x08,0xa5,0x08,0xa5,0x08,0xa5,0x08,0xa5,0x08,0xa5,0x08,0xa5,0x08,0xa5,0x08,
    0xa5,0x08,0xa5,0x08,0xa5,0x08,0xa5,0x08,0xa5,0x08,0xa5,0x08,0xa5,0x08,0xa5,0x08,
    0xa5,0x08,0xa5,0x08,0xa5,0x08,0xa5,0x08,0xa5,0x08,0xa5,0x08,0xa5,0x08,0xa5,0x08,
    0xa5,0x08,0xa5,0x08,0xa5,0x08,0xa5,0x08,0xa5,0x08,0xa5,0x08,0xa5,0x08,0xa5,0x08,
    0xa5,0x08,0xa5,0x08,0xa5,0x08,0xa5,0x08,0xa5,0x08,0xa5,0x08,0xa5,0x08,0xa5,0x08,
    0xa5,0x08,0xa5,0x08,0xa5,0x08,0xa5,0x08,0xa5,0x08,0xa5,0x08,0xa5,0x08,0xa5,0x08,
    0xa5,0x08,0xa5,0x08,0xa5,0x08,0xa5,0x08,0xa5,0x08,0xa5,0x08,0xa5,0x08,0xa5,0x08,
    0xa5,0x08,0xa5,0x08,0xa5,0x08,0xa5,0x08,0xa5,0x08,0xa5,0x08,0xa5,0x08,0xa5,0x08,
    0xa5,0x08,0xa5,0x08,0xa5,0x08,0xa5,0x08,0xa5,0x08,0xa5,0x08,0xa5,0x08,0xa5,0x08,
    0xa5,0x08,0xa5,0x08,0xa5,0x08,0xa5,0x08,0xa5,0x08,0xa5,0x08,0xa5,0x08,0xa5,0x08,
    0xa5,0x08,0xa5,0x08,0xa5,0x08,0xa5,0x08,0xa5,0x08,0xa5,0x08,0xa5,0x08,0xa5,0x08,
    0xa5,0x08,0xa5,0x08,0xa5,0x08,0xa5,0x08,0xa5,0x08,0xa5,0x08,0xa5,0x08,0xa5,0x08,
    0xa5,0x08,0xa5,0x08,0xa5,0x08,0xa5,0x08,0xa5,0x08,0xa5,0x08,0xa5,0x08,0xa5,0x08,
    0xa5,0x08,0xa5,0x08,0xa5,0x08,0xa5,0x08,0xa5,0x08,0xa5,0x08,0xa5,0x08,0xa5,0x08,
    0xa5,0x08,0xa5,0x08,0xa5,0x08,0xa5,0x08,0xa5,0x08,0xa5,0x08,0xa5,0x08,0xa5,0x08,
    0xa5,0x08,0xa5,0x08,0xa5,0x08,0xa5,0x08,0xa5,0x08,0xa5,0x08,0xa5,0x08,0xa5,0x08,
    0xa5,0x08,0xa5,0x08,0xa5,0x08,0xa5,0x08,0xa5,0x08,0xa5,0x08,0xa5,0x08,0xa5,0x08,
    0xa5,0x08,0xa5,0x08,0xa5,0x08,0xa5,0x08,0xa5,0x08,0xa5,0x08,0xa5,0x08,0xa5,0x08,
    0xa5,0x08,0xa5,0x08,0xa5,0x08,0xa5,0x08,0xa5,0x08,0xa5,0x08,0xa5,0x08,0xa5,0x08,
    0xa5,0x08,0xa5,0x08,0xa5,0x08,0xa5,0x08,0xa5,0x08,0xa5,0x08,0xa5,0x08,0xa5,0x08,
    0xa5,0x08,0xa5,0x08,0xa5,0x08,0xa5,0x08,0xa5,0x08,0xa5,0x08,0xa5,0x08,0xa5,0x08,
    0xa5,0x08,0xa5,0x08,0xa5,0x08,0xa5,0x08,0xa5,0x08,0xa5,0x08,0xa5,0x08,0xa5,0x08,
    0xa5,0x08,0xa5,0x08,0xa5,0x08,0xa5,0x08,0xa5,0x08,0xa5,0x08,0xa5,0x08,0xa5,0x08,
    0xa5,0x08,0xa5,0x08,0xa5,0x08,0xa5,0x08,0xa5,0x08,0xa5,0x08,0xa5,0x08,0xa5,0x08,
    0xa5,0x08,0xa5,0x08,0xa5,0x08,0xa5,0x08,0xa5,0x08,0xa5,0x08,0xa5,0x08,0xa5,0x08,
    0xa5,0x08,0xa5,0x08,0xa5,0x08,0xa5,0x08,0xa5,0x08,0xa5,0x08,0xa5,0x08,0xa5,0x08,
    0xa5,0x08,0xa5,0x08,0xa5,0x08,0xa5,0x08,0xa5,0x08,0xa5,0x08,0xa5,0x08,0xa5,0x08,
    0xa5,0x08,0xa5,0x08,0xa5,0x08,0xa5,0x08,0xa5,0x08,0xa5,0x08,0xa5,0x08,0xa5,0x08,
    0xa5,0x08,0xa5,0x08,0xa5,0x08,0xa5,0x08,0xa5,0x08,0xa5,0x08,0xa5,0x08,0xa5,0x08,
    0xa5,0x08,0xa5,0x08,0xa5,0x08,0xa5,0x08,0xa5,0x08,0xa5,0x08,0xa5,0x08,0xa5,0x08,
    0xa5,0x08,0xa5,0x08,0xa5,0x08,0xa5,0x08,0xa5,0x08,0xa5,0x08,0xa5,0x08,0xa5,0x08,
    0xa5,0x08,0xa5,0x08,0xa5,0x08,0xa5,0x08,0xa5,0x08,0xa5,0x08,0xa5,0x08,0xa5,0x08,
    0xa5,0x08,0xa5,0x08,0xa5,0x08,0xa5,0x08,0xa5,0x08,0xa5,0x08,0xa5,0x08,0xa5,0x08,
    0xa5,0x08,0xa5,0x08,0xa5,0x08,0xa5,0x08,0xa5,0x08,0xa5,0x08,0xa5,0x08,0xa5,0x08,
    0xa5,0x08,0xa5,0x08,0xa5,0x08,0xa5,0x08,0xa5,0x08,0xa5,0x08,0xa5,0x08,0xa5,0x08,
    0xa5,0x08,0xa5,0x08,0xa5,0x08,0xa5,0x08,0xa5,0x08,0xa5,0x08,0xa5,0x08,0xa5,0x08,
    0xa5,0x08,0xa5,0x08,0xa5,0x08,0xa5,0x08,0xa5,0x08,0xa5,0x08,0xa5,0x08,0xa5,0x08,
    0xa5,0x08,0xa5,0x08,0xa5,0x08,0xa5,0x08,0xa5,0x08,0xa5,0x08,0xa5,0x08,0xa5,0x08,
    0xa5,0x08,0xa5,0x08,0xa5,0x08,0xa5,0x08,0xa5,0x08,0xa5,0x08,0xa5,0x08,0xa5,0x08,
    0xa5,0x08,0xa5,0x08,0xa5,0x08,0xa5,0x08,0xa5,0x08,0xa5,0x08,0xa5,0x08,0xa5,0x08,
    0xa5,0x08,0xa5,0x08,0xa5,0x08,0xa5,0x08,0xa5,0x08,0xa5,0x08,0xa5,0x08,0xa5,0x08,
    0xa5,0x08,0xa5,0x08,0xa5,0x08,0xa5,0x08,0xa5,0x08,0xa5,0x08,0xa5,0x08,0xa5,0x08,
    0xa5,0x08,0xa5,0x08,0xa5,0x08,0xa5,0x08,0xa5,0x08,0xa5,0x08,0xa5,0x08,0xa5,0x08,
    0xa5,0x08,0xa5,0x08,0xa5,0x08,0xa5,0x08,0xa5,0x08,0xa5,0x08,0xa5,0x08,0xa5,0x08,
    0xa5,0x08,0xa5,0x08,0xa5,0x08,0xa5,0x08,0xa5,0x08,0xa5,0x08,0xa5,0x08,0xa5,0x08,
    0xa5,0x08,0xa5,0x08,0xa5,0x08,0xa5,0x08,0xa5,0x08,0xa5,0x08,0xa5,0x08,0xa5,0x08,
    0xa5,0x08,0xa5,0x08,0xa5,0x08,0xa5,0x08,0xa5,0x08,0xa5,0x08,0xa5,0x08,0xa5,0x08,
    0xa5,0x08,0xa5,0x08,0xa5,0x08,0xa5,0x08,0xa5,0x08,0xa5,0x08,0xa5,0x08,0xa5,0x08,
    0xa5,0x08,0xa5,0x08,0xa5,0x08,0xa5,0x08,0xa5,0x08,0xa5,0x08,0xa5,0x08,0xa5,0x08,
    0xa5,0x08,0xa5,0x08,0xa5,0x08,0xa5,0x08,0xa5,0x08,0xa5,0x08,0xa5,0x08,0xa5,0x08,
    0xa5,0x08,0xa5,0x08,0xa5,0x08,0xa5,0x08,0xa5,0x08,0xa5,0x08,0xa5,0x08,0xa5,0x08,
    0xa5,0x08,0xa5,0x08,0xa5,0x08,0xa5,0x08,0xa5,0x08,0xa5,0x08,0xa5,0x08,0xa5,0x08,
    0xa5,0x08,0xa5,0x08,0xa5,0x08,0xa5,0x08,0xa5,0x08,0xa5,0x08,0xa5,0x08,0xa5,0x08,
    0xa5,0x08,0xa5,0x08,0xa5,0x08,0xa5,0x08,0xa5,0x08,0xa5,0x08,0xa5,0x08,0xa5,0x08,
    0xa5,0x08,0xa5,0x08,0xa5,0x08,0xa5,0x08,0xa5,0x08,0xa5,0x08,0xa5,0x08,0xa5,0x08,
    0xa5,0x08,0xa5,0x08,0xa5,0x08,0xa5,0x08,0xa5,0x08,0xa5,0x08,0xa5,0x08,0xa5,0x08,
    0xa5,0x08,0xa5,0x08,0xa5,0x08,0xa5,0x08,0xa5,0x08,0xa5,0x08,0xa5,0x08,0xa5,0x08,
    0xa5,0x08,0xa5,0x08,0xa5,0x08,0xa5,0x08,0xa5,0x08,0xa5,0x08,0xa5,0x08,0xa5,0x08,
    0xa5,0x08,0xa5,0x08,0xa5,0x08,0xa5,0x08,0xa5,0x08,0xa5,0x08,0xa5,0x08,0xa5,0x08,
    0xa5,0x08,0xa5,0x08,0xa5,0x08,0xa5,0x08,0xa5,0x08,0xa5,0x08,0xa5,0x08,0xa5,0x08,
    0xa5,0x08,0xa5,0x08,0xa5,0x08,0xa5,0x08,0xa5,0x08,0xa5,0x08,0xa5,0x08,0xa5,0x08,
    0xa5,0x08,0xa5,0x08,0xa5,0x08,0xa5,0x08,0xa5,0x08,0xa5,0x08,0xa5,0x08,0xa5,0x08,
    0xa5,0x08,0xa5,0x08,0xa5,0x08,0xa5,0x08,0xa5,0x08,0xa5,0x08,0xa5,0x08,0xa5,0x08,
    0xa5,0x08,0xa5,0x08,0xa5,0x08,0xa5,0x08,0xa5,0x08,0xa5,0x08,0xa5,0x08,0xa5,0x08,
    0xa5,0x08,0xa5,0x08,0xa5,0x08,0xa5,0x08,0xa5,0x08,0xa5,0x08,0xa5,0x08,0xa5,0x08,
    0xa5,0x08,0xa5,0x08,0xa5,0x08,0xa5,0x08,0xa5,0x08,0xa5,0x08,0xa5,0x08,0xa5,0x08,
    0xa5,0x08,0xa5,0x08,0xa5,0x08,0xa5,0x08,0xa5,0x08,0xa5,0x08,0xa5,0x08,0xa5,0x08,
    0xa5,0x08,0xa5,0x08,0xa5,0x08,0xa5,0x08,0xa5,0x08,0xa5,0x08,0xa5,0x08,0xa5,0x08,
    0xa5,0x08,0xa5,0x08,0xa5,0x08,0xa5,0x08,0xc5,0x10,0xc5,0x10,0xc5,0x10,0xa5,0x08,
    0xa5,0x08,0xa5,0x08,0xa5,0x08,0xa5,0x08,0xa5,0x08,0xa5,0x08,0xa5,0x08,0xa5,0x08,
    0xa5,0x08,0xa5,0x08,0xa5,0x08,0xa5,0x08,0xa5,0x08,0xa5,0x08,0xa5,0x08,0xa5,0x08,
    0xa5,0x08,0xa5,0x08,0xa5,0x08,0xa5,0x08,0xa5,0x08,0xa5,0x08,0xa5,0x08,0xa5,0x08,
    0xa5,0x08,0xa5,0x08,0xa5,0x08,0xa5,0x08,0xa5,0x08,0xa5,0x08,0xa5,0x08,0xa5,0x08,
    0xa5,0x08,0xa5,0x08,0xa5,0x08,0xa5,0x08,0xa5,0x08,0xa5,0x08,0xa5,0x08,0xa5,0x08,
    0xa5,0x08,0xa5,0x08,0xa5,0x08,0xa5,0x08,0xa5,0x08,0xa5,0x08,0xa5,0x08,0xa5,0x08,
    0xa5,0x08,0xa5,0x08,0xa5,0x08,0xa5,0x08,0xa5,0x08,0xa5,0x08,0xa5,0x08,0xa5,0x08,
    0xa5,0x08,0xa5,0x08,0xa5,0x08,0xa5,0x08,0xa5,0x08,0xa5,0x08,0xa5,0x08,0xa5,0x08,
    0xa5,0x08,0xa5,0x08,0xa5,0x08,0xa5,0x08,0xa5,0x08,0xa5,0x08,0xa5,0x08,0xa5,0x08,
    0xa5,0x08,0xa5,0x08,0xa5,0x08,0xa5,0x08,0xa5,0x08,0xa5,0x08,0xa5,0x08,0xa5,0x08,
    0xa5,0x08,0xa5,0x08,0xa5,0x08,0xa5,0x08,0xa5,0x08,0xa5,0x08,0xa5,0x08,0xa5,0x08,
    0xa5,0x08,0xa5,0x08,0xa5,0x08,0xa5,0x08,0xa5,0x08,0xa5,0x08,0xa5,0x08,0xa5,0x08,
    0xa5,0x08,0xa5,0x08,0xa5,0x08,0xa5,0x08,0xa5,0x08,0xa5,0x08,0xa5,0x08,0xa5,0x08,
    0xa5,0x08,0xa5,0x08,0xa5,0x08,0xa5,0x08,0xa5,0x08,0xa5,0x08,0xa5,0x08,0xa5,0x08,
    0xa5,0x08,0xa5,0x08,0xa5,0x08,0xa5,0x08,0xa5,0x08,0xa5,0x08,0xa5,0x08,0xa5,0x08,
    0xa5,0x08,0xa5,0x08,0xa5,0x08,0xa5,0x08,0xa5,0x08,0xa5,0x08,0xa5,0x08,0xa5,0x08,
    0xa5,0x08,0xa5,0x08,0xa5,0x08,0xa5,0x08,0xa5,0x08,0xa5,0x08,0xa5,0x08,0xa5,0x08,
    0xa5,0x08,0xa5,0x08,0xa5,0x08,0xa5,0x08,0xa5,0x08,0xa5,0x08,0xa5,0x08,0xa5,0x08,
    0xa5,0x08,0xa5,0x08,0xa5,0x08,0xa5,0x08,0xa5,0x08,0xa5,0x08,0xa5,0x08,0xa5,0x08,
    0xa5,0x08,0xa5,0x08,0xa5,0x08,0xa5,0x08,0xa5,0x08,0xa5,0x08,0xa5,0x08,0xa5,0x08,
    0xa5,0x08,0xa5,0x08,0xa5,0x08,0xa5,0x08,0xa5,0x08,0xa5,0x08,0xa5,0x08,0xa5,0x08,
    0xa5,0x08,0xa5,0x08,0xa5,0x08,0xa5,0x08,0xa5,0x08,0xa5,0x08,0xa5,0x08,0xa5,0x08,
    0xa5,0x08,0xa5,0x08,0xa5,0x08,0xa5,0x08,0xa5,0x08,0xa5,0x08,0xa5,0x08,0xa5,0x08,
    0xa5,0x08,0xa5,0x08,0xa5,0x08,0xa5,0x08,0xa5,0x08,0xa5,0x08,0xa5,0x08,0xa5,0x08,
    0xa5,0x08,0xa5,0x08,0xa5,0x08,0xa5,0x08,0xa5,0x08,0xa5,0x08,0xa5,0x08,0xa5,0x08,
    0xa5,0x08,0xa5,0x08,0xa5,0x08,0xa5,0x08,0xa5,0x08,0xa5,0x08,0xa5,0x08,0xa5,0x08,
    0xa5,0x08,0xa5,0x08,0xa5,0x08,0xa5,0x08,0xa5,0x08,0xa5,0x08,0xc5,0x10,0xc5,0x10,
    0xa5,0x08,0x84,0x08,0xa4,0x08,0xc5,0x10,0xc5,0x10,0xa5,0x08,0xa5,0x08,0xa5,0x08,
    0xa5,0x08,0xa5,0x08,0xc5,0x10,0xc5,0x10,0xc5,0x10,0xc5,0x10,0xa5,0x08,0xa5,0x08,
    0xa5,0x08,0xa5,0x10,0xc5,0x10,0xc5,0x10,0xc5,0x10,0xa5,0x08,0xa5,0x08,0xa5,0x08,
    0xa5,0x08,0xa5,0x08,0xa5,0x08,0xc5,0x10,0xc5,0x10,0xc5,0x10,0xc5,0x10,0xa5,0x08,
    0xa5,0x08,0xa5,0x08,0xa5,0x08,0xa5,0x08,0xa5,0x08,0xc5,0x10,0xc5,0x10,0xc5,0x10,
    0xc5,0x10,0xa5,0x08,0xa5,0x08,0xa5,0x08,0xa5,0x08,0xc5,0x10,0xc5,0x10,0xc5,0x10,
    0xa5,0x08,0xa5,0x08,0xc5,0x10,0xc5,0x10,0xc5,0x10,0xc5,0x10,0xc5,0x10,0xc5,0x10,
    0xc5,0x10,0xc5,0x10,0xc5,0x10,0xc5,0x10,0xa5,0x08,0xa5,0x08,0xc5,0x10,0xc5,0x10,
    0xc5,0x10,0xc5,0x10,0xa5,0x08,0xa5,0x08,0xa5,0x08,0xa5,0x10,0xc5,0x10,0xc5,0x10,
    0xc5,0x10,0xa5,0x08,0xa5,0x08,0xa5,0x08,0xc5,0x10,0xc5,0x10,0xc5,0x10,0xc5,0x10,
    0xa5,0x08,0xa5,0x08,0xa5,0x08,0xa5,0x08,0xc5,0x10,0xc5,0x10,0xc5,0x10,0xc5,0x10,
    0xa5,0x08,0xa5,0x08,0xa5,0x08,0xa5,0x08,0xa5,0x08,0xa5,0x08,0xa5,0x08,0xa5,0x08,
    0xa5,0x08,0xa5,0x08,0xa5,0x08,0xa5,0x08,0xa5,0x08,0xa5,0x08,0xa5,0x08,0xa5,0x08,
    0xa5,0x08,0xa5,0x08,0xa5,0x08,0xa5,0x08,0xa5,0x08,0xa5,0x08,0xa5,0x08,0xa5,0x08,
    0xa5,0x08,0xa5,0x08,0xa5,0x08,0xa5,0x08,0xa5,0x08,0xa5,0x08,0xa5,0x08,0xa5,0x08,
    0xa5,0x08,0xa5,0x08,0xa5,0x08,0xa5,0x08,0xa5,0x08,0xa5,0x08,0xa5,0x08,0xa5,0x08,
    0xa5,0x08,0xa5,0x08,0xa5,0x08,0xa5,0x08,0xa5,0x08,0xa5,0x08,0xa5,0x08,0xa5,0x08,
    0xa5,0x08,0xa5,0x08,0xa5,0x08,0xa5,0x08,0xa5,0x08,0xa5,0x08,0xa5,0x08,0xa5,0x08,
    0xa5,0x08,0xa5,0x08,0xa5,0x08,0xa5,0x08,0xa5,0x08,0xa5,0x08,0xa5,0x08,0xa5,0x08,
    0xa5,0x08,0xa5,0x08,0xa5,0x08,0xa5,0x08,0xa5,0x08,0xa5,0x08,0xa5,0x08,0xa5,0x08,
    0xa5,0x08,0xa5,0x08,0xa5,0x08,0xa5,0x08,0xa5,0x08,0xa5,0x08,0xa5,0x08,0xa5,0x08,
    0xa5,0x08,0xa5,0x08,0xa5,0x08,0xa5,0x08,0xa5,0x08,0xa5,0x08,0xa5,0x08,0xa5,0x08,
    0xa5,0x08,0xa5,0x08,0xa5,0x08,0xa5,0x08,0xa5,0x08,0xa5,0x08,0xa5,0x08,0xa5,0x08,
    0xa5,0x08,0xa5,0x08,0xa5,0x08,0xa5,0x08,0xa5,0x08,0xa5,0x08,0xa5,0x08,0xa5,0x08,
    0xa5,0x08,0xa5,0x08,0xa5,0x08,0xa5,0x08,0xa5,0x08,0xa5,0x08,0xa5,0x08,0xa5,0x08,
    0xa5,0x08,0xa5,0x08,0xa5,0x08,0xa5,0x08,0xa5,0x08,0xa5,0x08,0xa5,0x08,0xa5,0x08,
    0xa5,0x08,0xa5,0x08,0xa5,0x08,0xa5,0x08,0xa5,0x08,0xa5,0x08,0xa5,0x08,0xa5,0x08,
    0xa5,0x08,0xc5,0x10,0x84,0x08,0x43,0x00,0xc5,0x10,0x26,0x19,0x06,0x19,0x64,0x00,
    0x43,0x00,0xc5,0x10,0xc5,0x10,0xa5,0x08,0xa5,0x08,0xc5,0x10,0xa5,0x08,0x64,0x00,
    0x64,0x00,0xa4,0x08,0xc5,0x10,0xa5,0x08,0xa5,0x10,0xa5,0x08,0x64,0x00,0x64,0x00,
    0xa4,0x08,0xc5,0x10,0xa5,0x08,0xa5,0x08,0xa5,0x08,0xa5,0x08,0xc5,0x10,0x84,0x08,
    0x64,0x00,0x64,0x00,0x84,0x00,0xc5,0x10,0xa5,0x08,0xa5,0x08,0xa5,0x08,0xa5,0x08,
    0xc5,0x10,0xa4,0x08,0x64,0x00,0x64,0x00,0x64,0x00,0xc5,0x10,0xa5,0x08,0xa5,0x08,
    0xa5,0x08,0x64,0x00,0x64,0x00,0x84,0x08,0xc5,0x10,0xa5,0x08,0x64,0x00,0x64,0x00,
    0x64,0x00,0x64,0x00,0x64,0x00,0x64,0x00,0x64,0x00,0x64,0x00,0x64,0x00,0x64,0x00,
    0xa5,0x08,0xc5,0x10,0xa5,0x08,0x64,0x00,0x64,0x00,0xa4,0x08,0xc5,0x10,0xa5,0x08,
    0xa5,0x10,0xa5,0x08,0x64,0x00,0x64,0x00,0xa4,0x08,0xc5,0x10,0xa5,0x08,0xa5,0x08,
    0x64,0x00,0x64,0x00,0x64,0x00,0x64,0x00,0xa5,0x08,0xa5,0x08,0xa5,0x08,0xa5,0x08,
    0x64,0x00,0x64,0x00,0x64,0x00,0x84,0x08,0xc5,0x10,0xa5,0x08,0xa5,0x08,0xa5,0x08,
    0xa5,0x08,0xa5,0x08,0xa5,0x08,0xa5,0x08,0xa5,0x08,0xa5,0x08,0xa5,0x08,0xa5,0x08,
    0xa5,0x08,0xa5,0x08,0xa5,0x08,0xa5,0x08,0xa5,0x08,0xa5,0x08,0xa5,0x08,0xa5,0x08,
    0xa5,0x08,0xa5,0x08,0xa5,0x08,0xa5,0x08,0xa5,0x08,0xa5,0x08,0xa5,0x08,0xa5,0x08,
    0xa5,0x08,0xa5,0x08,0xa5,0x08,0xa5,0x08,0xa5,0x08,0xa5,0x08,0xa5,0x08,0xa5,0x08,
    0xa5,0x08,0xa5,0x08,0xa5,0x08,0xa5,0x08,0xa5,0x08,0xa5,0x08,0xa5,0x08,0xa5,0x08,
    0xa5,0x08,0xa5,0x08,0xa5,0x08,0xa5,0x08,0xa5,0x08,0xa5,0x08,0xa5,0x08,0xa5,0x08,
    0xa5,0x08,0xa5,0x08,0xa5,0x08,0xa5,0x08,0xa5,0x08,0xa5,0x08,0xa5,0x08,0xa5,0x08,
    0xa5,0x08,0xa5,0x08,0xa5,0x08,0xa5,0x08,0xa5,0x08,0xa5,0x08,0xa5,0x08,0xa5,0x08,
    0xa5,0x08,0xa5,0x08,0xa5,0x08,0xa5,0x08,0xa5,0x08,0xa5,0x08,0xa5,0x08,0xa5,0x08,
    0xa5,0x08,0xa5,0x08,0xa5,0x08,0xa5,0x08,0xa5,0x08,0xa5,0x08,0xa5,0x08,0xa5,0x08,
    0xa5,0x08,0xa5,0x08,0xa5,0x08,0xa5,0x08,0xa5,0x08,0xa5,0x08,0xa5,0x08,0xa5,0x08,
    0xa5,0x08,0xa5,0x08,0xa5,0x08,0xa5,0x08,0xa5,0x08,0xa5,0x08,0xa5,0x08,0xa5,0x08,
    0xa5,0x08,0xa5,0x08,0xa5,0x08,0xa5,0x08,0xa5,0x08,0xa5,0x08,0xa5,0x08,0xa5,0x08,
    0xa5,0x08,0xa5,0x08,0xa5,0x08,0xa5,0x08,0xa5,0x08,0xa5,0x08,0xa5,0x08,0xa5,0x08,
    0xa5,0x08,0xa5,0x08,0xa5,0x08,0xa5,0x08,0xa5,0x08,0xa5,0x08,0xa5,0x08,0xa5,0x08,
    0xa5,0x08,0xa5,0x08,0xa5,0x08,0xa5,0x08,0xc5,0x10,0x64,0x00,0x88,0x29,0xd4,0x94,
    0xbb,0xd6,0x7e,0xef,0x3d,0xe7,0xf8,0xbd,0x4e,0x63,0x84,0x00,0xa5,0x08,0xc5,0x10,
    0xc5,0x10,0x64,0x00,0x0a,0x3a,0x39,0xc6,0x39,0xc6,0x2a,0x42,0x64,0x00,0xc5,0x10,
    0x64,0x00,0xe9,0x31,0x39,0xc6,0x39,0xc6,0x4b,0x42,0x64,0x00,0xc5,0x10,0xa5,0x08,
    0xa5,0x08,0xc5,0x10,0x43,0x00,0x2e,0x63,0x19,0xc6,0x39,0xc6,0xd0,0x73,0x43,0x00,
    0xc5,0x10,0xa5,0x08,0xa5,0x08,0xc5,0x10,0x64,0x00,0x4a,0x42,0x39,0xc6,0x39,0xc6,
    0x6f,0x6b,0x43,0x00,0xc5,0x10,0xa5,0x08,0xe6,0x10,0x76,0xad,0x39,0xc6,0x8c,0x4a,
    0x64,0x00,0x84,0x08,0x93,0x8c,0x18,0xbe,0xd8,0xbd,0xf8,0xbd,0x18,0xbe,0x18,0xbe,
    0xf8,0xbd,0xf8,0xbd,0x18,0xbe,0x35,0xa5,0xc5,0x10,0x64,0x00,0x0a,0x3a,0x39,0xc6,
    0x39,0xc6,0x2a,0x42,0x64,0x00,0xc5,0x10,0x64,0x00,0xe9,0x31,0x39,0xc6,0x39,0xc6,
    0x4b,0x42,0x64,0x00,0xc5,0x10,0x84,0x08,0xd4,0x94,0x39,0xc6,0x19,0xc6,0x56,0xa5,
    0xc5,0x10,0xa5,0x08,0xa5,0x08,0xe6,0x10,0x76,0xad,0x18,0xbe,0x39,0xc6,0x72,0x84,
    0x64,0x00,0xc5,0x10,0xa5,0x08,0xa5,0x08,0xa5,0x08,0xa5,0x08,0xa5,0x08,0xa5,0x08,
    0xa5,0x08,0xa5,0x08,0xa5,0x08,0xa5,0x08,0xa5,0x08,0xa5,0x08,0xa5,0x08,0xa5,0x08,
    0xa5,0x08,0xa5,0x08,0xa5,0x08,0xa5,0x08,0xa5,0x08,0xa5,0x08,0xa5,0x08,0xa5,0x08,
    0xa5,0x08,0xa5,0x08,0xa5,0x08,0xa5,0x08,0xa5,0x08,0xa5,0x08,0xa5,0x08,0xa5,0x08,
    0xa5,0x08,0xa5,0x08,0xa5,0x08,0xa5,0x08,0xa5,0x08,0xa5,0x08,0xa5,0x08,0xa5,0x08,
    0xa5,0x08,0xa5,0x08,0xa5,0x08,0xa5,0x08,0xa5,0x08,0xa5,0x08,0xa5,0x08,0xa5,0x08,
    0xa5,0x08,0xa5,0x08,0xa5,0x08,0xa5,0x08,0xa5,0x08,0xa5,0x08,0xa5,0x08,0xa5,0x08,
    0xa5,0x08,0xa5,0x08,0xa5,0x08,0xa5,0x08,0xa5,0x08,0xa5,0x08,0xa5,0x08,0xa5,0x08,
    0xa5,0x08,0xa5,0x08,0xa5,0x08,0xa5,0x08,0xa5,0x08,0xa5,0x08,0xa5,0x08,0xa5,0x08,
    0xa5,0x08,0xa5,0x08,0xa5,0x08,0xa5,0x08,0xa5,0x08,0xa5,0x08,0xa5,0x08,0xa5,0x08,
    0xa5,0x08,0xa5,0x08,0xa5,0x08,0xa5,0x08,0xa5,0x08,0xa5,0x08,0xa5,0x08,0xa5,0x08,
    0xa5,0x08,0xa5,0x08,0xa5,0x08,0xa5,0x08,0xa5,0x08,0xa5,0x08,0xa5,0x08,0xa5,0x08,
    0xa5,0x08,0xa5,0x08,0xa5,0x08,0xa5,0x08,0xa5,0x08,0xa5,0x08,0xa5,0x08,0xa5,0x08,
    0xa5,0x08,0xa5,0x08,0xa5,0x08,0xa5,0x08,0xa5,0x08,0xa5,0x08,0xa5,0x08,0xa5,0x08,
    0xa5,0x08,0xa5,0x08,0xa5,0x08,0xa5,0x08,0xa5,0x08,0xa5,0x08,0xa5,0x08,0xa5,0x08,
    0xa5,0x08,0xa5,0x08,0xa5,0x08,0xa5,0x08,0xa5,0x08,0xa5,0x08,0xa5,0x08,0xc5,0x10,
    0x64,0x00,0x6b,0x42,0x5d,0xef,0xff,0xff,0xff,0xff,0x9e,0xef,0xdf,0xf7,0xff,0xff,
    0xff,0xff,0x56,0xa5,0xa4,0x08,0xa5,0x08,0xc5,0x10,0x43,0x00,0x8c,0x4a,0xff,0xff,
    0xff,0xff,0xcd,0x52,0x43,0x00,0xe5,0x10,0x43,0x00,0x6b,0x4a,0xff,0xff,0xff,0xff,
    0x0d,0x5b,0x43,0x00,0xc5,0x10,0xa5,0x08,0xa5,0x08,0xc5,0x10,0x84,0x08,0x5a,0xc6,
    0xff,0xff,0xff,0xff,0x1c,0xdf,0xc5,0x10,0xa5,0x08,0xa5,0x08,0xa5,0x08,0xc5,0x10,
    0x43,0x00,0xed,0x52,0xff,0xff,0xff,0xff,0x7e,0xef,0x47,0x21,0x84,0x08,0xa5,0x08,
    0x06,0x19,0x5d,0xef,0xff,0xff,0x6f,0x63,0x43,0x00,0x64,0x00,0x7a,0xce,0xff,0xff,
    0xff,0xff,0xff,0xff,0xff,0xff,0xff,0xff,0xff,0xff,0xff,0xff,0xff,0xff,0x5d,0xef,
    0xe6,0x10,0x43,0x00,0xac,0x4a,0xff,0xff,0xff,0xff,0xcd,0x52,0x43,0x00,0xe5,0x10,
    0x43,0x00,0x6b,0x4a,0xff,0xff,0xff,0xff,0x0d,0x5b,0x43,0x00,0xc5,0x10,0x84,0x08,
    0x7a,0xce,0xff,0xff,0xff,0xff,0xff,0xff,0xc9,0x31,0x84,0x08,0x84,0x00,0x0a,0x3a,
    0xff,0xff,0xff,0xff,0xff,0xff,0xf8,0xbd,0x43,0x00,0xc5,0x10,0xa5,0x08,0xa5,0x08,
    0xa5,0x08,0xa5,0x08,0xa5,0x08,0xa5,0x08,0xa5,0x08,0xa5,0x08,0xa5,0x08,0xa5,0x08,
    0xa5,0x08,0xa5,0x08,0xa5,0x08,0xa5,0x08,0xa5,0x08,0xa5,0x08,0xa5,0x08,0xa5,0x08,
    0xa5,0x08,0xa5,0x08,0xa5,0x08,0xa5,0x08,0xa5,0x08,0xa5,0x08,0xa5,0x08,0xa5,0x08,
    0xa5,0x08,0xa5,0x08,0xa5,0x08,0xa5,0x08,0xa5,0x08,0xa5,0x08,0xa5,0x08,0xa5,0x08,
    0xa5,0x08,0xa5,0x08,0xa5,0x08,0xa5,0x08,0xa5,0x08,0xa5,0x08,0xa5,0x08,0xa5,0x08,
    0xa5,0x08,0xa5,0x08,0xa5,0x08,0xa5,0x08,0xa5,0x08,0xa5,0x08,0xa5,0x08,0xa5,0x08,
    0xa5,0x08,0xa5,0x08,0xa5,0x08,0xa5,0x08,0xa5,0x08,0xa5,0x08,0xa5,0x08,0xa5,0x08,
    0xa5,0x08,0xa5,0x08,0xa5,0x08,0xa5,0x08,0xa5,0x08,0xa5,0x08,0xa5,0x08,0xa5,0x08,
    0xa5,0x08,0xa5,0x08,0xa5,0x08,0xa5,0x08,0xa5,0x08,0xa5,0x08,0xa5,0x08,0xa5,0x08,
    0xa5,0x08,0xa5,0x08,0xa5,0x08,0xa5,0x08,0xa5,0x08,0xa5,0x08,0xa5,0x08,0xa5,0x08,
    0xa5,0x08,0xa5,0x08,0xa5,0x08,0xa5,0x08,0xa5,0x08,0xa5,0x08,0xa5,0x08,0xa5,0x08,
    0xa5,0x08,0xa5,0x08,0xa5,0x08,0xa5,0x08,0xa5,0x08,0xa5,0x08,0xa5,0x08,0xa5,0x08,
    0xa5,0x08,0xa5,0x08,0xa5,0x08,0xa5,0x08,0xa5,0x08,0xa5,0x08,0xa5,0x08,0xa5,0x08,
    0xa5,0x08,0xa5,0x08,0xa5,0x08,0xa5,0x08,0xa5,0x08,0xa5,0x08,0xa5,0x08,0xa5,0x08,
    0xa5,0x08,0xa5,0x08,0xa5,0x08,0xa5,0x08,0xa5,0x08,0xa5,0x08,0xa5,0x08,0xa5,0x08,
    0xa5,0x08,0xa5,0x08,0xc5,0x10,0x84,0x08,0x47,0x21,0x5d,0xe7,0xff,0xff,0xbb,0xd6,
    0x8c,0x4a,0x27,0x19,0x67,0x21,0x72,0x84,0xdf,0xff,0xff,0xff,0x52,0x84,0x43,0x00,
    0xe5,0x10,0x43,0x00,0x6b,0x4a,0xff,0xff,0xff,0xff,0xac,0x52,0x43,0x00,0xe5,0x10,
    0x64,0x00,0x4b,0x42,0xff,0xff,0xff,0xff,0xed,0x52,0x43,0x00,0xc5,0x10,0xa5,0x08,
    0xc5,0x10,0x64,0x00,0xe9,0x31,0xdf,0xf7,0xdf,0xff,0xdf,0xf7,0xff,0xff,0x8c,0x4a,
    0x43,0x00,0xc5,0x10,0xa5,0x08,0xc5,0x10,0x43,0x00,0xcc,0x52,0xff,0xff,0x9e,0xef,
    0xff,0xff,0xf4,0x9c,0x43,0x00,0xc5,0x10,0x06,0x19,0xfc,0xde,0xff,0xff,0x2e,0x63,
    0x43,0x00,0xc5,0x08,0x09,0x3a,0x8c,0x4a,0x2a,0x42,0x6f,0x6b,0xbf,0xf7,0xdf,0xff,
    0x32,0x84,0x2a,0x3a,0x8c,0x4a,0x2a,0x3a,0xc5,0x10,0x43,0x00,0x8b,0x4a,0xff,0xff,
    0xff,0xff,0xac,0x52,0x43,0x00,0xe5,0x10,0x64,0x00,0x4b,0x42,0xff,0xff,0xff,0xff,
    0xed,0x52,0x43,0x00,0xc5,0x10,0x84,0x08,0x19,0xc6,0xff,0xff,0x1c,0xe7,0xff,0xff,
    0x2e,0x5b,0x64,0x00,0x43,0x00,0x6f,0x6b,0xff,0xff,0x1c,0xdf,0xff,0xff,0x97,0xad,
    0x43,0x00,0xc5,0x10,0xa5,0x08,0xa5,0x08,0xa5,0x08,0xa5,0x08,0xa5,0x08,0xa5,0x08,
    0xa5,0x08,0xa5,0x08,0xa5,0x08,0xa5,0x08,0xa5,0x08,0xa5,0x08,0xa5,0x08,0xa5,0x08,
    0xa5,0x08,0xa5,0x08,0xa5,0x08,0xa5,0x08,0xa5,0x08,0xa5,0x08,0xa5,0x08,0xa5,0x08,
    0xa5,0x08,0xa5,0x08,0xa5,0x08,0xa5,0x08,0xa5,0x08,0xa5,0x08,0xa5,0x08,0xa5,0x08,
    0xa5,0x08,0xa5,0x08,0xa5,0x08,0xa5,0x08,0xa5,0x08,0xa5,0x08,0xa5,0x08,0xa5,0x08,
    0xa5,0x08,0xa5,0x08,0xa5,0x08,0xa5,0x08,0xa5,0x08,0xa5,0x08,0xa5,0x08,0xa5,0x08,
    0xa5,0x08,0xa5,0x08,0xa5,0x08,0xa5,0x08,0xa5,0x08,0xa5,0x08,0xa5,0x08,0xa5,0x08,
    0xa5,0x08,0xa5,0x08,0xa5,0x08,0xa5,0x08,0xa5,0x08,0xa5,0x08,0xa5,0x08,0xa5,0x08,
    0xa5,0x08,0xa5,0x08,0xa5,0x08,0xa5,0x08,0xa5,0x08,0xa5,0x08,0xa5,0x08,0xa5,0x08,
    0xa5,0x08,0xa5,0x08,0xa5,0x08,0xa5,0x08,0xa5,0x08,0xa5,0x08,0xa5,0x08,0xa5,0x08,
    0xa5,0x08,0xa5,0x08,0xa5,0x08,0xa5,0x08,0xa5,0x08,0xa5,0x08,0xa5,0x08,0xa5,0x08,
    0xa5,0x08,0xa5,0x08,0xa5,0x08,0xa5,0x08,0xa5,0x08,0xa5,0x08,0xa5,0x08,0xa5,0x08,
    0xa5,0x08,0xa5,0x08,0xa5,0x08,0xa5,0x08,0xa5,0x08,0xa5,0x08,0xa5,0x08,0xa5,0x08,
    0xa5,0x08,0xa5,0x08,0xa5,0x08,0xa5,0x08,0xa5,0x08,0xa5,0x08,0xa5,0x08,0xa5,0x08,
    0xa5,0x08,0xa5,0x08,0xa5,0x08,0xa5,0x08,0xa5,0x08,0xa5,0x08,0xa5,0x08,0xa5,0x08,
    0xa5,0x08,0xa5,0x08,0xa5,0x08,0xa5,0x08,0xa5,0x08,0xa5,0x08,0xc5,0x10,0x23,0x00,
    0x32,0x84,0xff,0xff,0x9e,0xef,0xe9,0x31,0x02,0x00,0xa5,0x08,0x84,0x08,0x02,0x00,
    0x35,0xa5,0xff,0xff,0x7d,0xef,0x47,0x21,0xa5,0x08,0x64,0x00,0x8b,0x4a,0xff,0xff,
    0xff,0xff,0xac,0x52,0x43,0x00,0xe5,0x10,0x64,0x00,0x6b,0x42,0xff,0xff,0xff,0xff,
    0xed,0x52,0x43,0x00,0xc5,0x10,0xa5,0x08,0xc5,0x10,0x23,0x00,0x32,0x84,0xff,0xff,
    0xbb,0xd6,0x9a,0xce,0xff,0xff,0xf4,0x9c,0x43,0x00,0xc5,0x10,0xa5,0x08,0xc5,0x10,
    0x43,0x00,0xcc,0x52,0xff,0xff,0xbe,0xf7,0xdf,0xff,0xbf,0xf7,0x0a,0x3a,0x43,0x00,
    0x26,0x19,0x1c,0xdf,0xff,0xff,0x4e,0x63,0x43,0x00,0xc5,0x10,0x64,0x00,0x64,0x00,
    0x02,0x00,0xc9,0x31,0xdf,0xf7,0xff,0xff,0xcd,0x52,0x02,0x00,0x64,0x00,0x64,0x00,
    0xc5,0x10,0x43,0x00,0x8b,0x4a,0xff,0xff,0xff,0xff,0xac,0x52,0x43,0x00,0xe5,0x10,
    0x64,0x00,0x6b,0x42,0xff,0xff,0xff,0xff,0xed,0x52,0x43,0x00,0xc5,0x10,0x84,0x08,
    0x39,0xc6,0xff,0xff,0xd7,0xb5,0xff,0xff,0xd4,0x94,0x43,0x00,0x43,0x00,0x35,0xa5,
    0xbf,0xf7,0xd8,0xb5,0xff,0xff,0x97,0xad,0x43,0x00,0xc5,0x10,0xa5,0x08,0xa5,0x08,
    0xa5,0x08,0xa5,0x08,0xa5,0x08,0xa5,0x08,0xa5,0x08,0xa5,0x08,0xa5,0x08,0xa5,0x08,
    0xa5,0x08,0xa5,0x08,0xa5,0x08,0xa5,0x08,0xa5,0x08,0xa5,0x08,0xa5,0x08,0xa5,0x08,
    0xa5,0x08,0xa5,0x08,0xa5,0x08,0xa5,0x08,0xa5,0x08,0xa5,0x08,0xa5,0x08,0xa5,0x08,
    0xa5,0x08,0xa5,0x08,0xa5,0x08,0xa5,0x08,0xa5,0x08,0xa5,0x08,0xa5,0x08,0xa5,0x08,
    0xa5,0x08,0xa5,0x08,0xa5,0x08,0xa5,0x08,0xa5,0x08,0xa5,0x08,0xa5,0x08,0xa5,0x08,
    0xa5,0x08,0xa5,0x08,0xa5,0x08,0xa5,0x08,0xa5,0x08,0xa5,0x08,0xa5,0x08,0xa5,0x08,
    0xa5,0x08,0xa5,0x08,0xa5,0x08,0xa5,0x08,0xa5,0x08,0xa5,0x08,0xa5,0x08,0xa5,0x08,
    0xa5,0x08,0xa5,0x08,0xa5,0x08,0xa5,0x08,0xa5,0x08,0xa5,0x08,0xa5,0x08,0xa5,0x08,
    0xa5,0x08,0xa5,0x08,0xa5,0x08,0xa5,0x08,0xa5,0x08,0xa5,0x08,0xa5,0x08,0xa5,0x08,
    0xa5,0x08,0xa5,0x08,0xa5,0x08,0xa5,0x08,0xa5,0x08,0xa5,0x08,0xa5,0x08,0xa5,0x08,
    0xa5,0x08,0xa5,0x08,0xa5,0x08,0xa5,0x08,0xa5,0x08,0xa5,0x08,0xa5,0x08,0xa5,0x08,
    0xa5,0x08,0xa5,0x08,0xa5,0x08,0xa5,0x08,0xa5,0x08,0xa5,0x08,0xa5,0x08,0xa5,0x08,
    0xa5,0x08,0xa5,0x08,0xa5,0x08,0xa5,0x08,0xa5,0x08,0xa5,0x08,0xa5,0x08,0xa5,0x08,
    0xa5,0x08,0xa5,0x08,0xa5,0x08,0xa5,0x08,0xa5,0x08,0xa5,0x08,0xa5,0x08,0xa5,0x08,
    0xa5,0x08,0xa5,0x08,0xa5,0x08,0xa5,0x08,0xa5,0x08,0xa5,0x08,0xa5,0x08,0xa5,0x08,
    0xa5,0x08,0xa5,0x08,0xc5,0x10,0x84,0x08,0x18,0xbe,0xff,0xff,0xb7,0xb5,0x43,0x00,
    0xe5,0x10,0xc5,0x10,0xe5,0x10,0x64,0x00,0x6b,0x42,0xff,0xff,0xff,0xff,0xed,0x52,
    0x64,0x00,0x64,0x00,0x8b,0x4a,0xff,0xff,0xff,0xff,0xac,0x52,0x43,0x00,0xe5,0x10,
    0x64,0x00,0x6b,0x42,0xff,0xff,0xff,0xff,0xed,0x52,0x43,0x00,0xc5,0x10,0xa5,0x08,
    0xa5,0x08,0xa5,0x08,0x7a,0xce,0xff,0xff,0x32,0x84,0xd0,0x73,0xff,0xff,0x1c,0xdf,
    0x06,0x19,0xa4,0x08,0xc5,0x10,0xc5,0x10,0x43,0x00,0xcc,0x52,0xff,0xff,0xfc,0xde,
    0x15,0x9d,0xff,0xff,0xd7,0xb5,0x43,0x00,0x06,0x19,0x1c,0xdf,0xff,0xff,0x4e,0x63,
    0x43,0x00,0xc5,0x10,0xc5,0x10,0xe5,0x10,0x84,0x08,0x2a,0x3a,0xdf,0xf7,0xff,0xff,
    0x2e,0x5b,0x64,0x00,0xe6,0x10,0xc5,0x10,0xc5,0x10,0x43,0x00,0x8b,0x4a,0xff,0xff,
    0xff,0xff,0xac,0x52,0x43,0x00,0xe5,0x10,0x64,0x00,0x6b,0x42,0xff,0xff,0xff,0xff,
    0xed,0x52,0x43,0x00,0xc5,0x10,0x84,0x08,0x19,0xc6,0xff,0xff,0xb4,0x94,0x1c,0xdf,
    0x9a,0xce,0x84,0x08,0xa4,0x08,0xfc,0xde,0x9b,0xd6,0xf5,0x9c,0xff,0xff,0x97,0xad,
    0x43,0x00,0xc5,0x10,0xa5,0x08,0xa5,0x08,0xa5,0x08,0xa5,0x08,0xa5,0x08,0xa5,0x08,
    0xa5,0x08,0xa5,0x08,0xa5,0x08,0xa5,0x08,0xa5,0x08,0xa5,0x08,0xa5,0x08,0xa5,0x08,
    0xa5,0x08,0xa5,0x08,0xa5,0x08,0xa5,0x08,0xa5,0x08,0xa5,0x08,0xa5,0x08,0xa5,0x08,
    0xa5,0x08,0xa5,0x08,0xa5,0x08,0xa5,0x08,0xa5,0x08,0xa5,0x08,0xa5,0x08,0xa5,0x08,
    0xa5,0x08,0xa5,0x08,0xa5,0x08,0xa5,0x08,0xa5,0x08,0xa5,0x08,0xa5,0x08,0xa5,0x08,
    0xa5,0x08,0xa5,0x08,0xa5,0x08,0xa5,0x08,0xa5,0x08,0xa5,0x08,0xa5,0x08,0xa5,0x08,
    0xa5,0x08,0xa5,0x08,0xa5,0x08,0xa5,0x08,0xa5,0x08,0xa5,0x08,0xa5,0x08,0xa5,0x08,
    0xa5,0x08,0xa5,0x08,0xa5,0x08,0xa5,0x08,0xa5,0x08,0xa5,0x08,0xa5,0x08,0xa5,0x08,
    0xa5,0x08,0xa5,0x08,0xa5,0x08,0xa5,0x08,0xa5,0x08,0xa5,0x08,0xa5,0x08,0xa5,0x08,
    0xa5,0x08,0xa5,0x08,0xa5,0x08,0xa5,0x08,0xa5,0x08,0xa5,0x08,0xa5,0x08,0xa5,0x08,
    0xa5,0x08,0xa5,0x08,0xa5,0x08,0xa5,0x08,0xa5,0x08,0xa5,0x08,0xa5,0x08,0xa5,0x08,
    0xa5,0x08,0xa5,0x08,0xa5,0x08,0xa5,0x08,0xa5,0x08,0xa5,0x08,0xa5,0x08,0xa5,0x08,
    0xa5,0x08,0xa5,0x08,0xa5,0x08,0xa5,0x08,0xa5,0x08,0xa5,0x08,0xa5,0x08,0xa5,0x08,
    0xa5,0x08,0xa5,0x08,0xa5,0x08,0xa5,0x08,0xa5,0x08,0xa5,0x08,0xa5,0x08,0xa5,0x08,
    0xa5,0x08,0xa5,0x08,0xa5,0x08,0xa5,0x08,0xa5,0x08,0xa5,0x08,0xa5,0x08,0xa5,0x08,
    0xa5,0x08,0xa5,0x08,0xa5,0x08,0xa5,0x08,0xa5,0x08,0xc5,0x10,0xa5,0x08,0xe5,0x10,
    0xbb,0xd6,0xff,0xff,0xb3,0x8c,0x43,0x00,0xc5,0x10,0xa5,0x08,0xc5,0x10,0x84,0x08,
    0x88,0x29,0x9e,0xef,0xff,0xff,0xd0,0x73,0x43,0x00,0x64,0x00,0x8b,0x4a,0xff,0xff,
    0xff,0xff,0xac,0x52,0x43,0x00,0xe5,0x10,0x64,0x00,0x6b,0x42,0xff,0xff,0xff,0xff,
    0xed,0x52,0x43,0x00,0xc5,0x10,0xc5,0x10,0x64,0x00,0x4a,0x42,0xdf,0xff,0xff,0xff,
    0x4b,0x42,0xe9,0x39,0xff,0xff,0xff,0xff,0xed,0x52,0x43,0x00,0xc5,0x10,0xc5,0x10,
    0x43,0x00,0xcc,0x52,0xff,0xff,0x5d,0xe7,0xa8,0x29,0xfc,0xde,0xff,0xff,0xac,0x4a,
    0xa4,0x08,0x3c,0xe7,0xff,0xff,0x4e,0x63,0x43,0x00,0xc5,0x10,0xa5,0x08,0xc5,0x10,
    0x64,0x00,0x0a,0x3a,0xdf,0xf7,0xff,0xff,0x0e,0x5b,0x43,0x00,0xc5,0x10,0xa5,0x08,
    0xc5,0x10,0x43,0x00,0x8b,0x4a,0xff,0xff,0xff,0xff,0xac,0x52,0x43,0x00,0xe5,0x10,
    0x64,0x00,0x6b,0x42,0xff,0xff,0xff,0xff,0xed,0x52,0x43,0x00,0xc5,0x10,0x84,0x08,
    0x19,0xbe,0xff,0xff,0x11,0x7c,0x97,0xad,0xdf,0xff,0x06,0x19,0x47,0x21,0xff,0xff,
    0x15,0x9d,0x93,0x8c,0xff,0xff,0x97,0xad,0x43,0x00,0xc5,0x10,0xa5,0x08,0xa5,0x08,
    0xa5,0x08,0xa5,0x08,0xa5,0x08,0xa5,0x08,0xa5,0x08,0xa5,0x08,0xa5,0x08,0xa5,0x08,
    0xa5,0x08,0xa5,0x08,0xa5,0x08,0xa5,0x08,0xa5,0x08,0xa5,0x08,0xa5,0x08,0xa5,0x08,
    0xa5,0x08,0xa5,0x08,0xa5,0x08,0xa5,0x08,0xa5,0x08,0xa5,0x08,0xa5,0x08,0xa5,0x08,
    0xa5,0x08,0xa5,0x08,0xa5,0x08,0xa5,0x08,0xa5,0x08,0xa5,0x08,0xa5,0x08,0xa5,0x08,
    0xa5,0x08,0xa5,0x08,0xa5,0x08,0xa5,0x08,0xa5,0x08,0xa5,0x08,0xa5,0x08,0xa5,0x08,
    0xa5,0x08,0xa5,0x08,0xa5,0x08,0xa5,0x08,0xa5,0x08,0xa5,0x08,0xa5,0x08,0xa5,0x08,
    0xa5,0x08,0xa5,0x08,0xa5,0x08,0xa5,0x08,0xa5,0x08,0xa5,0x08,0xa5,0x08,0xa5,0x08,
    0xa5,0x08,0xa5,0x08,0xa5,0x08,0xa5,0x08,0xa5,0x08,0xa5,0x08,0xa5,0x08,0xa5,0x08,
    0xa5,0x08,0xa5,0x08,0xa5,0x08,0xa5,0x08,0xa5,0x08,0xa5,0x08,0xa5,0x08,0xa5,0x08,
    0xa5,0x08,0xa5,0x08,0xa5,0x08,0xa5,0x08,0xa5,0x08,0xa5,0x08,0xa5,0x08,0xa5,0x08,
    0xa5,0x08,0xa5,0x08,0xa5,0x08,0xa5,0x08,0xa5,0x08,0xa5,0x08,0xa5,0x08,0xa5,0x08,
    0xa5,0x08,0xa5,0x08,0xa5,0x08,0xa5,0x08,0xa5,0x08,0xa5,0x08,0xa5,0x08,0xa5,0x08,
    0xa5,0x08,0xa5,0x08,0xa5,0x08,0xa5,0x08,0xa5,0x08,0xa5,0x08,0xa5,0x08,0xa5,0x08,
    0xa5,0x08,0xa5,0x08,0xa5,0x08,0xa5,0x08,0xa5,0x08,0xa5,0x08,0xa5,0x08,0xa5,0x08,
    0xa5,0x08,0xa5,0x08,0xa5,0x08,0xa5,0x08,0xa5,0x08,0xa5,0x08,0xa5,0x08,0xa5,0x08,
    0xa5,0x08,0xc5,0x10,0xa5,0x08,0xe6,0x10,0xdb,0xde,0xff,0xff,0x73,0x8c,0x23,0x00,
    0xc5,0x10,0xc5,0x10,0xa5,0x08,0x64,0x00,0x88,0x29,0x7d,0xef,0xff,0xff,0xd0,0x73,
    0x43,0x00,0x64,0x00,0x8b,0x4a,0xff,0xff,0xff,0xff,0xac,0x52,0x43,0x00,0xe5,0x10,
    0x64,0x00,0x6b,0x42,0xff,0xff,0xff,0xff,0xed,0x52,0x43,0x00,0xc5,0x10,0xc5,0x10,
    0x23,0x00,0x93,0x8c,0xff,0xff,0xbb,0xd6,0x64,0x00,0x43,0x00,0x7a,0xce,0xff,0xff,
    0x56,0xa5,0x43,0x00,0xc5,0x10,0xc5,0x10,0x43,0x00,0xcc,0x52,0xff,0xff,0x9e,0xef,
    0xc5,0x10,0x4e,0x63,0xff,0xff,0x7a,0xce,0xe6,0x18,0x1c,0xdf,0xff,0xff,0x4e,0x63,
    0x43,0x00,0xc5,0x10,0xa5,0x08,0xc5,0x10,0x64,0x00,0x0a,0x3a,0xdf,0xf7,0xff,0xff,
    0x0e,0x5b,0x43,0x00,0xc5,0x10,0xa5,0x08,0xc5,0x10,0x43,0x00,0x8b,0x4a,0xff,0xff,
    0xff,0xff,0xac,0x52,0x43,0x00,0xe5,0x10,0x64,0x00,0x6b,0x42,0xff,0xff,0xff,0xff,
    0xed,0x52,0x43,0x00,0xc5,0x10,0x84,0x08,0x19,0xbe,0xff,0xff,0xf0,0x73,0xf1,0x7b,
    0xff,0xff,0x0a,0x3a,0x4b,0x42,0xff,0xff,0x4e,0x63,0x73,0x8c,0xff,0xff,0x97,0xad,
    0x43,0x00,0xc5,0x10,0xa5,0x08,0xa5,0x08,0xa5,0x08,0xa5,0x08,0xa5,0x08,0xa5,0x08,
    0xa5,0x08,0xa5,0x08,0xa5,0x08,0xa5,0x08,0xa5,0x08,0xa5,0x08,0xa5,0x08,0xa5,0x08,
    0xa5,0x08,0xa5,0x08,0xa5,0x08,0xa5,0x08,0xa5,0x08,0xa5,0x08,0xa5,0x08,0xa5,0x08,
    0xa5,0x08,0xa5,0x08,0xa5,0x08,0xa5,0x08,0xa5,0x08,0xa5,0x08,0xa5,0x08,0xa5,0x08,
    0xa5,0x08,0xa5,0x08,0xa5,0x08,0xa5,0x08,0xa5,0x08,0xa5,0x08,0xa5,0x08,0xa5,0x08,
    0xa5,0x08,0xa5,0x08,0xa5,0x08,0xa5,0x08,0xa5,0x08,0xa5,0x08,0xa5,0x08,0xa5,0x08,
    0xa5,0x08,0xa5,0x08,0xa5,0x08,0xa5,0x08,0xa5,0x08,0xa5,0x08,0xa5,0x08,0xa5,0x08,
    0xa5,0x08,0xa5,0x08,0xa5,0x08,0xa5,0x08,0xa5,0x08,0xa5,0x08,0xa5,0x08,0xa5,0x08,
    0xa5,0x08,0xa5,0x08,0xa5,0x08,0xa5,0x08,0xa5,0x08,0xa5,0x08,0xa5,0x08,0xa5,0x08,
    0xa5,0x08,0xa5,0x08,0xa5,0x08,0xa5,0x08,0xa5,0x08,0xa5,0x08,0xa5,0x08,0xa5,0x08,
    0xa5,0x08,0xa5,0x08,0xa5,0x08,0xa5,0x08,0xa5,0x08,0xa5,0x08,0xa5,0x08,0xa5,0x08,
    0xa5,0x08,0xa5,0x08,0xa5,0x08,0xa5,0x08,0xa5,0x08,0xa5,0x08,0xa5,0x08,0xa5,0x08,
    0xa5,0x08,0xa5,0x08,0xa5,0x08,0xa5,0x08,0xa5,0x08,0xa5,0x08,0xa5,0x08,0xa5,0x08,
    0xa5,0x08,0xa5,0x08,0xa5,0x08,0xa5,0x08,0xa5,0x08,0xa5,0x08,0xa5,0x08,0xa5,0x08,
    0xa5,0x08,0xa5,0x08,0xa5,0x08,0xa5,0x08,0xa5,0x08,0xa5,0x08,0xa5,0x08,0xa5,0x08,
    0xa5,0x08,0xa5,0x08,0xa5,0x08,0xa5,0x08,0xa5,0x08,0xa5,0x08,0xa5,0x08,0xa5,0x08,
    0x7a,0xce,0xff,0xff,0x15,0x9d,0x43,0x00,0xe5,0x10,0x84,0x08,0xe6,0x10,0x47,0x21,
    0xa9,0x31,0xdf,0xf7,0xff,0xff,0x2e,0x63,0x43,0x00,0x64,0x00,0x8b,0x4a,0xff,0xff,
    0xff,0xff,0xac,0x52,0x43,0x00,0xe5,0x10,0x64,0x00,0x6b,0x42,0xff,0xff,0xff,0xff,
    0xed,0x52,0x43,0x00,0xc5,0x10,0xa5,0x08,0xe5,0x10,0xdb,0xd6,0xff,0xff,0xb7,0xb5,
    0x2a,0x3a,0x2a,0x3a,0x97,0xad,0xff,0xff,0x5d,0xe7,0x47,0x21,0x84,0x08,0xc5,0x10,
    0x43,0x00,0xcc,0x52,0xff,0xff,0x7d,0xef,0x47,0x21,0x64,0x08,0x7a,0xce,0xff,0xff,
    0xf1,0x73,0x9a,0xce,0xff,0xff,0x4e,0x63,0x43,0x00,0xc5,0x10,0xa5,0x08,0xc5,0x10,
    0x64,0x00,0x0a,0x3a,0xdf,0xf7,0xff,0xff,0x0e,0x5b,0x43,0x00,0xc5,0x10,0xa5,0x08,
    0xc5,0x10,0x43,0x00,0x8b,0x4a,0xff,0xff,0xff,0xff,0xac,0x52,0x43,0x00,0xe5,0x10,
    0x64,0x00,0x6b,0x42,0xff,0xff,0xff,0xff,0xed,0x52,0x43,0x00,0xc5,0x10,0x84,0x08,
    0x19,0xbe,0xff,0xff,0xf1,0x7b,0x4b,0x42,0xff,0xff,0x8f,0x6b,0xd0,0x73,0xff,0xff,
    0xc9,0x31,0xb3,0x8c,0xff,0xff,0x97,0xad,0x43,0x00,0xc5,0x10,0xa5,0x08,0xa5,0x08,
    0xa5,0x08,0xa5,0x08,0xa5,0x08,0xa5,0x08,0xa5,0x08,0xa5,0x08,0xa5,0x08,0xa5,0x08,
    0xa5,0x08,0xa5,0x08,0xa5,0x08,0xa5,0x08,0xa5,0x08,0xa5,0x08,0xa5,0x08,0xa5,0x08,
    0xa5,0x08,0xa5,0x08,0xa5,0x08,0xa5,0x08,0xa5,0x08,0xa5,0x08,0xa5,0x08,0xa5,0x08,
    0xa5,0x08,0xa5,0x08,0xa5,0x08,0xa5,0x08,0xa5,0x08,0xa5,0x08,0xa5,0x08,0xa5,0x08,
    0xa5,0x08,0xa5,0x08,0xa5,0x08,0xa5,0x08,0xa5,0x08,0xa5,0x08,0xa5,0x08,0xa5,0x08,
    0xa5,0x08,0xa5,0x08,0xa5,0x08,0xa5,0x08,0xa5,0x08,0xa5,0x08,0xa5,0x08,0xa5,0x08,
    0xa5,0x08,0xa5,0x08,0xa5,0x08,0xa5,0x08,0xa5,0x08,0xa5,0x08,0xa5,0x08,0xa5,0x08,
    0xa5,0x08,0xa5,0x08,0xa5,0x08,0xa5,0x08,0xa5,0x08,0xa5,0x08,0xa5,0x08,0xa5,0x08,
    0xa5,0x08,0xa5,0x08,0xa5,0x08,0xa5,0x08,0xa5,0x08,0xa5,0x08,0xa5,0x08,0xa5,0x08,
    0xa5,0x08,0xa5,0x08,0xa5,0x08,0xa5,0x08,0xa5,0x08,0xa5,0x08,0xa5,0x08,0xa5,0x08,
    0xa5,0x08,0xa5,0x08,0xa5,0x08,0xa5,0x08,0xa5,0x08,0xa5,0x08,0xa5,0x08,0xa5,0x08,
    0xa5,0x08,0xa5,0x08,0xa5,0x08,0xa5,0x08,0xa5,0x08,0xa5,0x08,0xa5,0x08,0xa5,0x08,
    0xa5,0x08,0xa5,0x08,0xa5,0x08,0xa5,0x08,0xa5,0x08,0xa5,0x08,0xa5,0x08,0xa5,0x08,
    0xa5,0x08,0xa5,0x08,0xa5,0x08,0xa5,0x08,0xa5,0x08,0xa5,0x08,0xa5,0x08,0xa5,0x08,
    0xa5,0x08,0xa5,0x08,0xa5,0x08,0xa5,0x08,0xa5,0x08,0xa5,0x08,0xa5,0x08,0xa5,0x08,
    0xa5,0x08,0xa5,0x08,0xc5,0x10,0x43,0x00,0x56,0xa5,0xff,0xff,0xdb,0xd6,0xa5,0x08,
    0xa5,0x08,0xa5,0x08,0xb7,0xb5,0x3c,0xe7,0x35,0xa5,0xff,0xff,0xdf,0xff,0xc9,0x31,
    0x84,0x08,0x64,0x00,0x4b,0x42,0xff,0xff,0xff,0xff,0xed,0x5a,0x43,0x00,0x06,0x19,
    0x64,0x00,0x8c,0x4a,0xff,0xff,0xff,0xff,0xac,0x4a,0x43,0x00,0xe5,0x10,0x43,0x00,
    0xac,0x4a,0xff,0xff,0xdf,0xff,0xff,0xff,0xff,0xff,0xff,0xff,0xff,0xff,0xdf,0xff,
    0xff,0xff,0x4e,0x63,0x43,0x00,0xe6,0x10,0x43,0x00,0xcc,0x52,0xff,0xff,0x7d,0xef,
    0x67,0x21,0x23,0x00,0xac,0x4a,0xff,0xff,0x5d,0xef,0x5d,0xe7,0xff,0xff,0x4e,0x63,
    0x43,0x00,0xc5,0x10,0xa5,0x08,0xc5,0x10,0x64,0x00,0x0a,0x3a,0xdf,0xf7,0xff,0xff,
    0x0e,0x5b,0x43,0x00,0xc5,0x10,0xa5,0x08,0xc5,0x10,0x64,0x00,0x4b,0x42,0xff,0xff,
    0xff,0xff,0xed,0x5a,0x43,0x00,0x06,0x19,0x64,0x00,0x8c,0x4a,0xff,0xff,0xff,0xff,
    0xac,0x4a,0x43,0x00,0xc5,0x10,0x84,0x08,0x19,0xbe,0xff,0xff,0x32,0x84,0x06,0x19,
    0xff,0xff,0x76,0xad,0xd7,0xb5,0xdf,0xf7,0xa5,0x08,0xd4,0x94,0xff,0xff,0x97,0xad,
    0x43,0x00,0xc5,0x10,0xa5,0x08,0xa5,0x08,0xa5,0x08,0xa5,0x08,0xa5,0x08,0xa5,0x08,
    0xa5,0x08,0xa5,0x08,0xa5,0x08,0xa5,0x08,0xa5,0x08,0xa5,0x08,0xa5,0x08,0xa5,0x08,
    0xa5,0x08,0xa5,0x08,0xa5,0x08,0xa5,0x08,0xa5,0x08,0xa5,0x08,0xa5,0x08,0xa5,0x08,
    0xa5,0x08,0xa5,0x08,0xa5,0x08,0xa5,0x08,0xa5,0x08,0xa5,0x08,0xa5,0x08,0xa5,0x08,
    0xa5,0x08,0xa5,0x08,0xa5,0x08,0xa5,0x08,0xa5,0x08,0xa5,0x08,0xa5,0x08,0xa5,0x08,
    0xa5,0x08,0xa5,0x08,0xa5,0x08,0xa5,0x08,0xa5,0x08,0xa5,0x08,0xa5,0x08,0xa5,0x08,
    0xa5,0x08,0xa5,0x08,0xa5,0x08,0xa5,0x08,0xa5,0x08,0xa5,0x08,0xa5,0x08,0xa5,0x08,
    0xa5,0x08,0xa5,0x08,0xa5,0x08,0xa5,0x08,0xa5,0x08,0xa5,0x08,0xa5,0x08,0xa5,0x08,
    0xa5,0x08,0xa5,0x08,0xa5,0x08,0xa5,0x08,0xa5,0x08,0xa5,0x08,0xa5,0x08,0xa5,0x08,
    0xa5,0x08,0xa5,0x08,0xa5,0x08,0xa5,0x08,0xa5,0x08,0xa5,0x08,0xa5,0x08,0xa5,0x08,
    0xa5,0x08,0xa5,0x08,0xa5,0x08,0xa5,0x08,0xa5,0x08,0xa5,0x08,0xa5,0x08,0xa5,0x08,
    0xa5,0x08,0xa5,0x08,0xa5,0x08,0xa5,0x08,0xa5,0x08,0xa5,0x08,0xa5,0x08,0xa5,0x08,
    0xa5,0x08,0xa5,0x08,0xa5,0x08,0xa5,0x08,0xa5,0x08,0xa5,0x08,0xa5,0x08,0xa5,0x08,
    0xa5,0x08,0xa5,0x08,0xa5,0x08,0xa5,0x08,0xa5,0x08,0xa5,0x08,0xa5,0x08,0xa5,0x08,
    0xa5,0x08,0xa5,0x08,0xa5,0x08,0xa5,0x08,0xa5,0x08,0xa5,0x08,0xa5,0x08,0xa5,0x08,
    0xa5,0x08,0xa5,0x08,0xa5,0x08,0xa5,0x08,0xa5,0x08,0xa5,0x08,0xc5,0x10,0x43,0x00,
    0xcc,0x52,0xff,0xff,0xff,0xff,0x73,0x8c,0x43,0x00,0x02,0x00,0x52,0x84,0xff,0xff,
    0xff,0xff,0xff,0xff,0x97,0xad,0x64,0x08,0xc5,0x10,0x84,0x08,0x67,0x21,0x7e,0xef,
    0xff,0xff,0x15,0x9d,0x02,0x00,0x43,0x00,0x02,0x00,0xb3,0x94,0xff,0xff,0xbe,0xf7,
    0xa8,0x29,0x84,0x08,0xe5,0x10,0x43,0x00,0x15,0x9d,0xff,0xff,0x5d,0xef,0xf8,0xbd,
    0xf8,0xbd,0xf8,0xbd,0xf8,0xbd,0x5d,0xe7,0xff,0xff,0xb7,0xb5,0x43,0x00,0xe5,0x10,
    0x43,0x00,0xcc,0x52,0xff,0xff,0x7d,0xef,0x47,0x21,0xa5,0x08,0x64,0x00,0x97,0xad,
    0xff,0xff,0xbf,0xf7,0xff,0xff,0x4e,0x63,0x43,0x00,0xc5,0x10,0xa5,0x08,0xc5,0x10,
    0x64,0x00,0x0a,0x3a,0xdf,0xf7,0xff,0xff,0x0e,0x5b,0x43,0x00,0xc5,0x10,0xa5,0x08,
    0xc5,0x10,0x84,0x08,0x67,0x21,0x7e,0xef,0xff,0xff,0x15,0x9d,0x02,0x00,0x43,0x00,
    0x02,0x00,0xb3,0x94,0xff,0xff,0xbe,0xf7,0xa8,0x29,0x84,0x08,0xc5,0x10,0x84,0x08,
    0x19,0xbe,0xff,0xff,0x52,0x84,0x23,0x00,0xfc,0xde,0x9e,0xef,0xbe,0xf7,0x59,0xc6,
    0x02,0x00,0x15,0x9d,0xff,0xff,0x97,0xad,0x43,0x00,0xc5,0x10,0xa5,0x08,0xa5,0x08,
    0xa5,0x08,0xa5,0x08,0xa5,0x08,0xa5,0x08,0xa5,0x08,0xa5,0x08,0xa5,0x08,0xa5,0x08,
    0xa5,0x08,0xa5,0x08,0xa5,0x08,0xa5,0x08,0xa5,0x08,0xa5,0x08,0xa5,0x08,0xa5,0x08,
    0xa5,0x08,0xa5,0x08,0xa5,0x08,0xa5,0x08,0xa5,0x08,0xa5,0x08,0xa5,0x08,0xa5,0x08,
    0xa5,0x08,0xa5,0x08,0xa5,0x08,0xa5,0x08,0xa5,0x08,0xa5,0x08,0xa5,0x08,0xa5,0x08,
    0xa5,0x08,0xa5,0x08,0xa5,0x08,0xa5,0x08,0xa5,0x08,0xa5,0x08,0xa5,0x08,0xa5,0x08,
    0xa5,0x08,0xa5,0x08,0xa5,0x08,0xa5,0x08,0xa5,0x08,0xa5,0x08,0xa5,0x08,0xa5,0x08,
    0xa5,0x08,0xa5,0x08,0xa5,0x08,0xa5,0x08,0xa5,0x08,0xa5,0x08,0xa5,0x08,0xa5,0x08,
    0xa5,0x08,0xa5,0x08,0xa5,0x08,0xa5,0x08,0xa5,0x08,0xa5,0x08,0xa5,0x08,0xa5,0x08,
    0xa5,0x08,0xa5,0x08,0xa5,0x08,0xa5,0x08,0xa5,0x08,0xa5,0x08,0xa5,0x08,0xa5,0x08,
    0xa5,0x08,0xa5,0x08,0xa5,0x08,0xa5,0x08,0xa5,0x08,0xa5,0x08,0xa5,0x08,0xa5,0x08,
    0xa5,0x08,0xa5,0x08,0xa5,0x08,0xa5,0x08,0xa5,0x08,0xa5,0x08,0xa5,0x08,0xa5,0x08,
    0xa5,0x08,0xa5,0x08,0xa5,0x08,0xa5,0x08,0xa5,0x08,0xa5,0x08,0xa5,0x08,0xa5,0x08,
    0xa5,0x08,0xa5,0x08,0xa5,0x08,0xa5,0x08,0xa5,0x08,0xa5,0x08,0xa5,0x08,0xa5,0x08,
    0xa5,0x08,0xa5,0x08,0xa5,0x08,0xa5,0x08,0xa5,0x08,0xa5,0x08,0xa5,0x08,0xa5,0x08,
    0xa5,0x08,0xa5,0x08,0xa5,0x08,0xa5,0x08,0xa5,0x08,0xa5,0x08,0xa5,0x08,0xa5,0x08,
    0xa5,0x08,0xa5,0x08,0xa5,0x08,0xc5,0x10,0x64,0x00,0x56,0xa5,0xff,0xff,0xff,0xff,
    0x18,0xbe,0x11,0x7c,0xf4,0x9c,0xbe,0xf7,0xff,0xff,0xff,0xff,0x6f,0x6b,0x23,0x00,
    0xc5,0x10,0xc5,0x10,0x43,0x00,0x56,0xa5,0xff,0xff,0xdf,0xf7,0x97,0xad,0x11,0x7c,
    0x56,0xa5,0xbf,0xf7,0xff,0xff,0xb7,0xb5,0x64,0x00,0xc5,0x10,0xa4,0x08,0x06,0x19,
    0x1c,0xdf,0xff,0xff,0xd4,0x94,0x02,0x00,0x84,0x08,0x84,0x08,0x02,0x00,0xb3,0x94,
    0xff,0xff,0x5d,0xef,0x67,0x21,0xa4,0x08,0x64,0x00,0xac,0x52,0xff,0xff,0x5d,0xe7,
    0x47,0x21,0xa5,0x08,0x84,0x08,0xc9,0x31,0xbe,0xf7,0xbf,0xf7,0xff,0xff,0x4e,0x63,
    0x43,0x00,0xc5,0x10,0xa5,0x08,0xc5,0x10,0x64,0x00,0x0a,0x3a,0xbf,0xf7,0xff,0xff,
    0x0d,0x5b,0x43,0x00,0xc5,0x10,0xa5,0x08,0xa5,0x08,0xc5,0x10,0x43,0x00,0x56,0xa5,
    0xff,0xff,0xdf,0xf7,0x97,0xad,0x11,0x7c,0x56,0xa5,0xbf,0xf7,0xff,0xff,0xb7,0xb5,
    0x64,0x00,0xc5,0x10,0xc5,0x10,0x84,0x08,0x18,0xbe,0xff,0xff,0x73,0x8c,0x01,0x00,
    0x76,0xad,0xff,0xff,0xff,0xff,0xb3,0x94,0x01,0x00,0x15,0x9d,0xff,0xff,0x97,0xad,
    0x43,0x00,0xc5,0x10,0xa5,0x08,0xa5,0x08,0xa5,0x08,0xa5,0x08,0xa5,0x08,0xa5,0x08,
    0xa5,0x08,0xa5,0x08,0xa5,0x08,0xa5,0x08,0xa5,0x08,0xa5,0x08,0xa5,0x08,0xa5,0x08,
    0xa5,0x08,0xa5,0x08,0xa5,0x08,0xa5,0x08,0xa5,0x08,0xa5,0x08,0xa5,0x08,0xa5,0x08,
    0xa5,0x08,0xa5,0x08,0xa5,0x08,0xa5,0x08,0xa5,0x08,0xa5,0x08,0xa5,0x08,0xa5,0x08,
    0xa5,0x08,0xa5,0x08,0xa5,0x08,0xa5,0x08,0xa5,0x08,0xa5,0x08,0xa5,0x08,0xa5,0x08,
    0xa5,0x08,0xa5,0x08,0xa5,0x08,0xa5,0x08,0xa5,0x08,0xa5,0x08,0xa5,0x08,0xa5,0x08,
    0xa5,0x08,0xa5,0x08,0xa5,0x08,0xa5,0x08,0xa5,0x08,0xa5,0x08,0xa5,0x08,0xa5,0x08,
    0xa5,0x08,0xa5,0x08,0xa5,0x08,0xa5,0x08,0xa5,0x08,0xa5,0x08,0xa5,0x08,0xa5,0x08,
    0xa5,0x08,0xa5,0x08,0xa5,0x08,0xa5,0x08,0xa5,0x08,0xa5,0x08,0xa5,0x08,0xa5,0x08,
    0xa5,0x08,0xa5,0x08,0xa5,0x08,0xa5,0x08,0xa5,0x08,0xa5,0x08,0xa5,0x08,0xa5,0x08,
    0xa5,0x08,0xa5,0x08,0xa5,0x08,0xa5,0x08,0xa5,0x08,0xa5,0x08,0xa5,0x08,0xa5,0x08,
    0xa5,0x08,0xa5,0x08,0xa5,0x08,0xa5,0x08,0xa5,0x08,0xa5,0x08,0xa5,0x08,0xa5,0x08,
    0xa5,0x08,0xa5,0x08,0xa5,0x08,0xa5,0x08,0xa5,0x08,0xa5,0x08,0xa5,0x08,0xa5,0x08,
    0xa5,0x08,0xa5,0x08,0xa5,0x08,0xa5,0x08,0xa5,0x08,0xa5,0x08,0xa5,0x08,0xa5,0x08,
    0xa5,0x08,0xa5,0x08,0xa5,0x08,0xa5,0x08,0xa5,0x08,0xa5,0x08,0xa5,0x08,0xa5,0x08,
    0xa5,0x08,0xa5,0x08,0xa5,0x08,0xa5,0x08,0xa5,0x08,0xa5,0x08,0xa5,0x08,0xc5,0x10,
    0xa5,0x08,0xa5,0x08,0xb4,0x94,0xbe,0xf7,0xff,0xff,0xff,0xff,0xff,0xff,0xff,0xff,
    0xbb,0xd6,0xdf,0xff,0xff,0xff,0x4b,0x42,0x64,0x00,0xc5,0x10,0x84,0x08,0x06,0x19,
    0xd7,0xb5,0xff,0xff,0xff,0xff,0xff,0xff,0xff,0xff,0xff,0xff,0x19,0xbe,0x47,0x21,
    0x84,0x08,0xe5,0x10,0x43,0x00,0x4e,0x63,0xff,0xff,0xff,0xff,0x8c,0x4a,0x64,0x00,
    0xe5,0x10,0xe5,0x10,0x64,0x00,0x8c,0x4a,0xff,0xff,0xff,0xff,0xf0,0x73,0x43,0x00,
    0x64,0x00,0xcd,0x52,0xff,0xff,0xbf,0xf7,0x47,0x21,0x84,0x08,0xe5,0x10,0x23,0x00,
    0x93,0x8c,0xff,0xff,0xff,0xff,0x6f,0x6b,0x43,0x00,0xc5,0x10,0xa5,0x08,0xc5,0x10,
    0x64,0x00,0x2a,0x3a,0xff,0xff,0xff,0xff,0x2e,0x63,0x43,0x00,0xc5,0x10,0xa5,0x08,
    0xa5,0x08,0xc5,0x10,0x84,0x08,0x06,0x19,0xd7,0xb5,0xff,0xff,0xff,0xff,0xff,0xff,
    0xff,0xff,0xff,0xff,0x19,0xbe,0x47,0x21,0x84,0x08,0xc5,0x10,0xc5,0x10,0x84,0x08,
    0x59,0xc6,0xff,0xff,0xb3,0x94,0x01,0x00,0xf1,0x73,0xff,0xff,0xff,0xff,0x2e,0x5b,
    0x02,0x00,0x56,0xa5,0xff,0xff,0xd7,0xb5,0x43,0x00,0xc5,0x10,0xa5,0x08,0xa5,0x08,
    0xa5,0x08,0xa5,0x08,0xa5,0x08,0xa5,0x08,0xa5,0x08,0xa5,0x08,0xa5,0x08,0xa5,0x08,
    0xa5,0x08,0xa5,0x08,0xa5,0x08,0xa5,0x08,0xa5,0x08,0xa5,0x08,0xa5,0x08,0xa5,0x08,
    0xa5,0x08,0xa5,0x08,0xa5,0x08,0xa5,0x08,0xa5,0x08,0xa5,0x08,0xa5,0x08,0xa5,0x08,
    0xa5,0x08,0xa5,0x08,0xa5,0x08,0xa5,0x08,0xa5,0x08,0xa5,0x08,0xa5,0x08,0xa5,0x08,
    0xa5,0x08,0xa5,0x08,0xa5,0x08,0xa5,0x08,0xa5,0x08,0xa5,0x08,0xa5,0x08,0xa5,0x08,
    0xa5,0x08,0xa5,0x08,0xa5,0x08,0xa5,0x08,0xa5,0x08,0xa5,0x08,0xa5,0x08,0xa5,0x08,
    0xa5,0x08,0xa5,0x08,0xa5,0x08,0xa5,0x08,0xa5,0x08,0xa5,0x08,0xa5,0x08,0xa5,0x08,
    0xa5,0x08,0xa5,0x08,0xa5,0x08,0xa5,0x08,0xa5,0x08,0xa5,0x08,0xa5,0x08,0xa5,0x08,
    0xa5,0x08,0xa5,0x08,0xa5,0x08,0xa5,0x08,0xa5,0x08,0xa5,0x08,0xa5,0x08,0xa5,0x08,
    0xa5,0x08,0xa5,0x08,0xa5,0x08,0xa5,0x08,0xa5,0x08,0xa5,0x08,0xa5,0x08,0xa5,0x08,
    0xa5,0x08,0xa5,0x08,0xa5,0x08,0xa5,0x08,0xa5,0x08,0xa5,0x08,0xa5,0x08,0xa5,0x08,
    0xa5,0x08,0xa5,0x08,0xa5,0x08,0xa5,0x08,0xa5,0x08,0xa5,0x08,0xa5,0x08,0xa5,0x08,
    0xa5,0x08,0xa5,0x08,0xa5,0x08,0xa5,0x08,0xa5,0x08,0xa5,0x08,0xa5,0x08,0xa5,0x08,
    0xa5,0x08,0xa5,0x08,0xa5,0x08,0xa5,0x08,0xa5,0x08,0xa5,0x08,0xa5,0x08,0xa5,0x08,
    0xa5,0x08,0xa5,0x08,0xa5,0x08,0xa5,0x08,0xa5,0x08,0xa5,0x08,0xa5,0x08,0xa5,0x08,
    0xa5,0x08,0xa5,0x08,0xa5,0x08,0xa5,0x08,0xc5,0x10,0xa5,0x08,0x43,0x00,0xa8,0x29,
    0x6f,0x63,0x11,0x7c,0xf1,0x7b,0xac,0x52,0x84,0x08,0xb0,0x73,0x97,0xb5,0xe6,0x18,
    0xa5,0x08,0xc5,0x10,0xc5,0x10,0x84,0x08,0x84,0x08,0x4b,0x42,0xb0,0x73,0x31,0x7c,
    0xd0,0x73,0x6b,0x4a,0xa4,0x08,0x84,0x08,0xc5,0x10,0xc5,0x10,0x84,0x08,0xc9,0x31,
    0x8c,0x4a,0x6b,0x42,0xe5,0x10,0xa5,0x08,0xa5,0x08,0xa5,0x08,0xa5,0x08,0xe5,0x10,
    0x6b,0x42,0x8c,0x4a,0xe9,0x31,0xa4,0x08,0xa5,0x08,0x47,0x21,0x8c,0x4a,0x6b,0x42,
    0xe5,0x10,0xa5,0x08,0xc5,0x10,0xa5,0x08,0x06,0x19,0x8c,0x4a,0x8c,0x4a,0x67,0x21,
    0x84,0x08,0xc5,0x10,0xa5,0x08,0xc5,0x10,0xa5,0x08,0x06,0x19,0x8c,0x4a,0x8c,0x4a,
    0x47,0x21,0x84,0x08,0xc5,0x10,0xa5,0x08,0xa5,0x08,0xa5,0x08,0xc5,0x10,0x84,0x08,
    0x84,0x08,0x4b,0x42,0xb0,0x73,0x31,0x7c,0xd0,0x73,0x6b,0x4a,0xa4,0x08,0x84,0x08,
    0xc5,0x10,0xa5,0x08,0xa5,0x08,0xa5,0x08,0x0a,0x3a,0x8c,0x4a,0xa8,0x29,0x84,0x08,
    0x47,0x21,0x8c,0x4a,0x8c,0x4a,0x06,0x19,0x84,0x08,0xc9,0x31,0x8c,0x4a,0xe9,0x39,
    0xa4,0x08,0xc5,0x10,0xa5,0x08,0xa5,0x08,0xa5,0x08,0xa5,0x08,0xa5,0x08,0xa5,0x08,
    0xa5,0x08,0xa5,0x08,0xa5,0x08,0xa5,0x08,0xa5,0x08,0xa5,0x08,0xa5,0x08,0xa5,0x08,
    0xa5,0x08,0xa5,0x08,0xa5,0x08,0xa5,0x08,0xa5,0x08,0xa5,0x08,0xa5,0x08,0xa5,0x08,
    0xa5,0x08,0xa5,0x08,0xa5,0x08,0xa5,0x08,0xa5,0x08,0xa5,0x08,0xa5,0x08,0xa5,0x08,
    0xa5,0x08,0xa5,0x08,0xa5,0x08,0xa5,0x08,0xa5,0x08,0xa5,0x08,0xa5,0x08,0xa5,0x08,
    0xa5,0x08,0xa5,0x08,0xa5,0x08,0xa5,0x08,0xa5,0x08,0xa5,0x08,0xa5,0x08,0xa5,0x08,
    0xa5,0x08,0xa5,0x08,0xa5,0x08,0xa5,0x08,0xa5,0x08,0xa5,0x08,0xa5,0x08,0xa5,0x08,
    0xa5,0x08,0xa5,0x08,0xa5,0x08,0xa5,0x08,0xa5,0x08,0xa5,0x08,0xa5,0x08,0xa5,0x08,
    0xa5,0x08,0xa5,0x08,0xa5,0x08,0xa5,0x08,0xa5,0x08,0xa5,0x08,0xa5,0x08,0xa5,0x08,
    0xa5,0x08,0xa5,0x08,0xa5,0x08,0xa5,0x08,0xa5,0x08,0xa5,0x08,0xa5,0x08,0xa5,0x08,
    0xa5,0x08,0xa5,0x08,0xa5,0x08,0xa5,0x08,0xa5,0x08,0xa5,0x08,0xa5,0x08,0xa5,0x08,
    0xa5,0x08,0xa5,0x08,0xa5,0x08,0xa5,0x08,0xa5,0x08,0xa5,0x08,0xa5,0x08,0xa5,0x08,
    0xa5,0x08,0xa5,0x08,0xa5,0x08,0xa5,0x08,0xa5,0x08,0xa5,0x08,0xa5,0x08,0xa5,0x08,
    0xa5,0x08,0xa5,0x08,0xa5,0x08,0xa5,0x08,0xa5,0x08,0xa5,0x08,0xa5,0x08,0xa5,0x08,
    0xa5,0x08,0xa5,0x08,0xa5,0x08,0xa5,0x08,0xa5,0x08,0xa5,0x08,0xa5,0x08,0xa5,0x08,
    0xa5,0x08,0xa5,0x08,0xa5,0x08,0xa5,0x08,0xa5,0x08,0xa5,0x08,0xa5,0x08,0xa5,0x08,
    0xa5,0x08,0xc5,0x10,0xc5,0x10,0x84,0x08,0x43,0x00,0x23,0x00,0x23,0x00,0x43,0x00,
    0xa5,0x08,0x84,0x08,0x84,0x08,0x84,0x08,0xc5,0x10,0xa5,0x08,0xa5,0x08,0xc5,0x10,
    0xc5,0x10,0x64,0x00,0x23,0x00,0x23,0x00,0x23,0x00,0x64,0x00,0xa5,0x08,0xc5,0x10,
    0xa5,0x08,0xa5,0x08,0xc5,0x10,0x84,0x08,0x43,0x00,0x63,0x00,0xc5,0x10,0xc5,0x10,
    0xa5,0x08,0xc5,0x10,0xa5,0x08,0xa5,0x08,0x43,0x00,0x43,0x00,0x84,0x08,0xc5,0x10,
    0xc5,0x10,0x84,0x08,0x43,0x00,0x43,0x00,0xa5,0x08,0xc5,0x10,0xc5,0x10,0xc5,0x10,
    0xa5,0x08,0x43,0x00,0x43,0x00,0x84,0x08,0xc5,0x10,0xc5,0x10,0xc5,0x10,0xc5,0x10,
    0xc5,0x10,0xa5,0x08,0x43,0x00,0x43,0x00,0xa4,0x08,0xc5,0x10,0xa5,0x08,0xc5,0x10,
    0xc5,0x10,0xa5,0x08,0xa5,0x08,0xc5,0x10,0xc5,0x10,0x64,0x00,0x23,0x00,0x23,0x00,
    0x23,0x00,0x64,0x00,0xa5,0x08,0xc5,0x10,0xa5,0x08,0xa5,0x08,0xa5,0x08,0xa5,0x08,
    0x64,0x00,0x43,0x00,0x84,0x08,0xc5,0x10,0xa4,0x08,0x43,0x00,0x43,0x00,0xa5,0x08,
    0xc5,0x10,0x84,0x00,0x43,0x00,0x64,0x00,0xc5,0x10,0xa5,0x08,0xa5,0x08,0xa5,0x08,
    0xa5,0x08,0xa5,0x08,0xa5,0x08,0xa5,0x08,0xa5,0x08,0xa5,0x08,0xa5,0x08,0xa5,0x08,
    0xa5,0x08,0xa5,0x08,0xa5,0x08,0xa5,0x08,0xa5,0x08,0xa5,0x08,0xa5,0x08,0xa5,0x08,
    0xa5,0x08,0xa5,0x08,0xa5,0x08,0xa5,0x08,0xa5,0x08,0xa5,0x08,0xa5,0x08,0xa5,0x08,
    0xa5,0x08,0xa5,0x08,0xa5,0x08,0xa5,0x08,0xa5,0x08,0xa5,0x08,0xa5,0x08,0xa5,0x08,
    0xa5,0x08,0xa5,0x08,0xa5,0x08,0xa5,0x08,0xa5,0x08,0xa5,0x08,0xa5,0x08,0xa5,0x08,
    0xa5,0x08,0xa5,0x08,0xa5,0x08,0xa5,0x08,0xa5,0x08,0xa5,0x08,0xa5,0x08,0xa5,0x08,
    0xa5,0x08,0xa5,0x08,0xa5,0x08,0xa5,0x08,0xa5,0x08,0xa5,0x08,0xa5,0x08,0xa5,0x08,
    0xa5,0x08,0xa5,0x08,0xa5,0x08,0xa5,0x08,0xa5,0x08,0xa5,0x08,0xa5,0x08,0xa5,0x08,
    0xa5,0x08,0xa5,0x08,0xa5,0x08,0xa5,0x08,0xa5,0x08,0xa5,0x08,0xa5,0x08,0xa5,0x08,
    0xa5,0x08,0xa5,0x08,0xa5,0x08,0xa5,0x08,0xa5,0x08,0xa5,0x08,0xa5,0x08,0xa5,0x08,
    0xa5,0x08,0xa5,0x08,0xa5,0x08,0xa5,0x08,0xa5,0x08,0xa5,0x08,0xa5,0x08,0xa5,0x08,
    0xa5,0x08,0xa5,0x08,0xa5,0x08,0xa5,0x08,0xa5,0x08,0xa5,0x08,0xa5,0x08,0xa5,0x08,
    0xa5,0x08,0xa5,0x08,0xa5,0x08,0xa5,0x08,0xa5,0x08,0xa5,0x08,0xa5,0x08,0xa5,0x08,
    0xa5,0x08,0xa5,0x08,0xa5,0x08,0xa5,0x08,0xa5,0x08,0xa5,0x08,0xa5,0x08,0xa5,0x08,
    0xa5,0x08,0xa5,0x08,0xa5,0x08,0xa5,0x08,0xa5,0x08,0xa5,0x08,0xa5,0x08,0xa5,0x08,
    0xa5,0x08,0xa5,0x08,0xa5,0x08,0xa5,0x08,0xa5,0x08,0xa5,0x08,0xa5,0x08,0xc5,0x10,
    0xc5,0x10,0xc5,0x10,0xc5,0x10,0xc5,0x10,0xc5,0x10,0xc5,0x10,0xc5,0x10,0xc5,0x10,
    0xa5,0x08,0xa5,0x08,0xa5,0x08,0xa5,0x08,0xa5,0x08,0xc5,0x10,0xc5,0x10,0xc5,0x10,
    0xc5,0x10,0xc5,0x10,0xa5,0x08,0xa5,0x08,0xa5,0x08,0xa5,0x08,0xa5,0x08,0x84,0x08,
    0xa5,0x08,0xc5,0x10,0x84,0x08,0xa5,0x08,0xa5,0x08,0x84,0x08,0xa5,0x08,0xa5,0x08,
    0xc5,0x10,0xc5,0x10,0xa4,0x08,0x84,0x08,0xa5,0x08,0xc5,0x10,0xc5,0x10,0xc5,0x10,
    0xa4,0x08,0x64,0x00,0x84,0x08,0x84,0x08,0x84,0x08,0xc5,0x10,0xc5,0x10,0xc5,0x10,
    0xa4,0x08,0x64,0x00,0x64,0x00,0x64,0x00,0xa5,0x08,0xc5,0x10,0xc5,0x10,0xc5,0x10,
    0x84,0x08,0xa5,0x08,0xc5,0x10,0x84,0x08,0xa4,0x08,0xa5,0x08,0xa5,0x08,0xa5,0x08,
    0xa5,0x08,0xc5,0x10,0xc5,0x10,0xc5,0x10,0xc5,0x10,0xc5,0x10,0xa5,0x08,0xa5,0x08,
    0xa5,0x08,0xa5,0x08,0xa5,0x08,0xa5,0x08,0xc5,0x10,0xc5,0x10,0xc5,0x10,0xa5,0x08,
    0xc5,0x10,0xc5,0x10,0xc5,0x10,0xc5,0x10,0xa5,0x08,0xc5,0x10,0xc5,0x10,0xc5,0x10,
    0xa5,0x08,0xa5,0x08,0xa5,0x08,0xa5,0x08,0xa5,0x08,0xa5,0x08,0xa5,0x08,0xa5,0x08,
    0xa5,0x08,0xa5,0x08,0xa5,0x08,0xa5,0x08,0xa5,0x08,0xa5,0x08,0xa5,0x08,0xa5,0x08,
    0xa5,0x08,0xa5,0x08,0xa5,0x08,0xa5,0x08,0xa5,0x08,0xa5,0x08,0xa5,0x08,0xa5,0x08,
    0xa5,0x08,0xa5,0x08,0xa5,0x08,0xa5,0x08,0xa5,0x08,0xa5,0x08,0xa5,0x08,0xa5,0x08,
    0xa5,0x08,0xa5,0x08,0xa5,0x08,0xa5,0x08,0xa5,0x08,0xa5,0x08,0xa5,0x08,0xa5,0x08,
    0xa5,0x08,0xa5,0x08,0xa5,0x08,0xa5,0x08,0xa5,0x08,0xa5,0x08,0xa5,0x08,0xa5,0x08,
    0xa5,0x08,0xa5,0x08,0xa5,0x08,0xa5,0x08,0xa5,0x08,0xa5,0x08,0xa5,0x08,0xa5,0x08,
    0xa5,0x08,0xa5,0x08,0xa5,0x08,0xa5,0x08,0xa5,0x08,0xa5,0x08,0xa5,0x08,0xa5,0x08,
    0xa5,0x08,0xa5,0x08,0xa5,0x08,0xa5,0x08,0xa5,0x08,0xa5,0x08,0xa5,0x08,0xa5,0x08,
    0xa5,0x08,0xa5,0x08,0xa5,0x08,0xa5,0x08,0xa5,0x08,0xa5,0x08,0xa5,0x08,0xa5,0x08,
    0xa5,0x08,0xa5,0x08,0xa5,0x08,0xa5,0x08,0xa5,0x08,0xa5,0x08,0xa5,0x08,0xa5,0x08,
    0xa5,0x08,0xa5,0x08,0xa5,0x08,0xa5,0x08,0xa5,0x08,0xa5,0x08,0xa5,0x08,0xa5,0x08,
    0xa5,0x08,0xa5,0x08,0xa5,0x08,0xa5,0x08,0xa5,0x08,0xa5,0x08,0xa5,0x08,0xa5,0x08,
    0xa5,0x08,0xa5,0x08,0xa5,0x08,0xa5,0x08,0xa5,0x08,0xa5,0x08,0xa5,0x08,0xa5,0x08,
    0xa5,0x08,0xa5,0x08,0xa5,0x08,0xa5,0x08,0xa5,0x08,0xa5,0x08,0xa5,0x08,0xa5,0x08,
    0xa5,0x08,0xa5,0x08,0xa5,0x08,0xa5,0x08,0xa5,0x08,0xa5,0x08,0xa5,0x08,0xa5,0x08,
    0xa5,0x08,0xa5,0x08,0xa5,0x08,0xa5,0x08,0xa5,0x08,0xa5,0x08,0xa5,0x08,0xa5,0x08,
    0xa5,0x08,0xa5,0x08,0xa5,0x08,0xa5,0x08,0xa5,0x08,0xa5,0x08,0xa5,0x08,0xa5,0x08,
    0xa5,0x08,0xa5,0x08,0xa5,0x08,0xa5,0x08,0xa5,0x08,0xa5,0x08,0xa5,0x08,0xa5,0x08,
    0xa5,0x08,0xc5,0x10,0x84,0x08,0x70,0x63,0x0a,0x32,0xe6,0x10,0x33,0x74,0x47,0x19,
    0x88,0x29,0xb1,0x63,0xa5,0x08,0xa5,0x08,0xc5,0x10,0x64,0x00,0x6c,0x42,0x12,0x74,
    0xe6,0x10,0xa5,0x08,0xc5,0x10,0x84,0x08,0x0a,0x32,0x74,0x7c,0xf2,0x73,0x33,0x74,
    0xf2,0x73,0xe6,0x10,0xa5,0x08,0xa4,0x08,0x27,0x19,0xb1,0x63,0x53,0x7c,0xcd,0x4a,
    0xa4,0x08,0xc5,0x08,0xa5,0x08,0xc5,0x10,0xb1,0x6b,0x88,0x29,0x63,0x00,0x4f,0x5b,
    0x4b,0x3a,0x64,0x00,0xc5,0x10,0xa5,0x08,0xa5,0x08,0xa5,0x08,0xa5,0x08,0xa5,0x08,
    0xa5,0x08,0xa5,0x08,0xa5,0x08,0xa5,0x08,0xa5,0x08,0xa5,0x08,0xa5,0x08,0xa5,0x08,
    0xa5,0x08,0xa5,0x08,0xa5,0x08,0xa5,0x08,0xa5,0x08,0xa5,0x08,0xa5,0x08,0xa5,0x08,
    0xa5,0x08,0xa5,0x08,0xa5,0x08,0xa5,0x08,0xa5,0x08,0xa5,0x08,0xa5,0x08,0xa5,0x08,
    0xa5,0x08,0xa5,0x08,0xa5,0x08,0xa5,0x08,0xa5,0x08,0xa5,0x08,0xa5,0x08,0xa5,0x08,
    0xa5,0x08,0xa5,0x08,0xa5,0x08,0xa5,0x08,0xa5,0x08,0xa5,0x08,0xa5,0x08,0xa5,0x08,
    0xa5,0x08,0xa5,0x08,0xa5,0x08,0xa5,0x08,0xa5,0x08,0xa5,0x08,0xa5,0x08,0xa5,0x08,
    0xa5,0x08,0xa5,0x08,0xa5,0x08,0xa5,0x08,0xa5,0x08,0xa5,0x08,0xa5,0x08,0xa5,0x08,
    0xa5,0x08,0xa5,0x08,0xa5,0x08,0xa5,0x08,0xa5,0x08,0xa5,0x08,0xa5,0x08,0xa5,0x08,
    0xa5,0x08,0xa5,0x08,0xa5,0x08,0xa5,0x08,0xa5,0x08,0xa5,0x08,0xa5,0x08,0xa5,0x08,
    0xa5,0x08,0xa5,0x08,0xa5,0x08,0xa5,0x08,0xa5,0x08,0xa5,0x08,0xa5,0x08,0xa5,0x08,
    0xa5,0x08,0xa5,0x08,0xa5,0x08,0xa5,0x08,0xa5,0x08,0xa5,0x08,0xa5,0x08,0xa5,0x08,
    0xa5,0x08,0xa5,0x08,0xa5,0x08,0xa5,0x08,0xa5,0x08,0xa5,0x08,0xa5,0x08,0xa5,0x08,
    0xa5,0x08,0xa5,0x08,0xa5,0x08,0xa5,0x08,0xa5,0x08,0xa5,0x08,0xa5,0x08,0xa5,0x08,
    0xa5,0x08,0xa5,0x08,0xa5,0x08,0xa5,0x08,0xa5,0x08,0xa5,0x08,0xa5,0x08,0xa5,0x08,
    0xa5,0x08,0xa5,0x08,0xa5,0x08,0xa5,0x08,0xa5,0x08,0xa5,0x08,0xa5,0x08,0xa5,0x08,
    0xa5,0x08,0xa5,0x08,0xa5,0x08,0xa5,0x08,0xa5,0x08,0xa5,0x08,0xa5,0x08,0xa5,0x08,
    0xa5,0x08,0xa5,0x08,0xa5,0x08,0xa5,0x08,0xa5,0x08,0xa5,0x08,0xa5,0x08,0xa5,0x08,
    0xa5,0x08,0xa5,0x08,0xa5,0x08,0xa5,0x08,0xa5,0x08,0xa5,0x08,0xa5,0x08,0xa5,0x08,
    0xa5,0x08,0xa5,0x08,0xa5,0x08,0xa5,0x08,0xa5,0x08,0xa5,0x08,0xa5,0x08,0xa5,0x08,
    0xa5,0x08,0xa5,0x08,0xa5,0x08,0xa5,0x08,0xa5,0x08,0xa5,0x08,0xa5,0x08,0xa5,0x08,
    0xa5,0x08,0xa5,0x08,0xa5,0x08,0xa5,0x08,0xa5,0x08,0xa5,0x08,0xa5,0x08,0xa5,0x08,
    0xa5,0x08,0xa5,0x08,0xa5,0x08,0xa5,0x08,0xa5,0x08,0xc5,0x10,0x43,0x00,0xb1,0x6b,
    0x70,0x63,0xa9,0x29,0xd9,0xad,0x0a,0x32,0xcd,0x4a,0x12,0x74,0x63,0x00,0xc5,0x10,
    0xc5,0x10,0xa4,0x08,0x53,0x7c,0xb9,0xa5,0x2b,0x3a,0x64,0x00,0xc5,0x10,0xa4,0x08,
    0x47,0x21,0xea,0x31,0xb5,0x8c,0x90,0x63,0xa9,0x29,0xe5,0x10,0xa5,0x08,0xa5,0x08,
    0x53,0x7c,0xf2,0x6b,0xea,0x31,0xf6,0x8c,0xcd,0x4a,0x64,0x00,0xa5,0x08,0xe5,0x10,
    0xf6,0x8c,0xa9,0x29,0x02,0x00,0x53,0x7c,0xee,0x52,0x43,0x00,0xc5,0x10,0xa5,0x08,
    0xa5,0x08,0xa5,0x08,0xa5,0x08,0xa5,0x08,0xa5,0x08,0xa5,0x08,0xa5,0x08,0xa5,0x08,
    0xa5,0x08,0xa5,0x08,0xa5,0x08,0xa5,0x08,0xa5,0x08,0xa5,0x08,0xa5,0x08,0xa5,0x08,
    0xa5,0x08,0xa5,0x08,0xa5,0x08,0xa5,0x08,0xa5,0x08,0xa5,0x08,0xa5,0x08,0xa5,0x08,
    0xa5,0x08,0xa5,0x08,0xa5,0x08,0xa5,0x08,0xa5,0x08,0xa5,0x08,0xa5,0x08,0xa5,0x08,
    0xa5,0x08,0xa5,0x08,0xa5,0x08,0xa5,0x08,0xa5,0x08,0xa5,0x08,0xa5,0x08,0xa5,0x08,
    0xa5,0x08,0xa5,0x08,0xa5,0x08,0xa5,0x08,0xa5,0x08,0xa5,0x08,0xa5,0x08,0xa5,0x08,
    0xa5,0x08,0xa5,0x08,0xa5,0x08,0xa5,0x08,0xa5,0x08,0xa5,0x08,0xa5,0x08,0xa5,0x08,
    0xa5,0x08,0xa5,0x08,0xa5,0x08,0xa5,0x08,0xa5,0x08,0xa5,0x08,0xa5,0x08,0xa5,0x08,
    0xa5,0x08,0xa5,0x08,0xa5,0x08,0xa5,0x08,0xa5,0x08,0xa5,0x08,0xa5,0x08,0xa5,0x08,
    0xa5,0x08,0xa5,0x08,0xa5,0x08,0xa5,0x08,0xa5,0x08,0xa5,0x08,0xa5,0x08,0xa5,0x08,
    0xa5,0x08,0xa5,0x08,0xa5,0x08,0xa5,0x08,0xa5,0x08,0xa5,0x08,0xa5,0x08,0xa5,0x08,
    0xa5,0x08,0xa5,0x08,0xa5,0x08,0xa5,0x08,0xa5,0x08,0xa5,0x08,0xa5,0x08,0xa5,0x08,
    0xa5,0x08,0xa5,0x08,0xa5,0x08,0xa5,0x08,0xa5,0x08,0xa5,0x08,0xa5,0x08,0xa5,0x08,
    0xa5,0x08,0xa5,0x08,0xa5,0x08,0xa5,0x08,0xa5,0x08,0xa5,0x08,0xa5,0x08,0xa5,0x08,
    0xa5,0x08,0xa5,0x08,0xa5,0x08,0xa5,0x08,0xa5,0x08,0xa5,0x08,0xa5,0x08,0xa5,0x08,
    0xa5,0x08,0xa5,0x08,0xa5,0x08,0xa5,0x08,0xa5,0x08,0xa5,0x08,0xa5,0x08,0xa5,0x08,
    0xa5,0x08,0xa5,0x08,0xa5,0x08,0xa5,0x08,0xa5,0x08,0xa5,0x08,0xa5,0x08,0xa5,0x08,
    0xa5,0x08,0xa5,0x08,0xa5,0x08,0xa5,0x08,0xa5,0x08,0xa5,0x08,0xa5,0x08,0xa5,0x08,
    0xa5,0x08,0xa5,0x08,0xa5,0x08,0xa5,0x08,0xa5,0x08,0xa5,0x08,0xa5,0x08,0xa5,0x08,
    0xa5,0x08,0xa5,0x08,0xa5,0x08,0xa5,0x08,0xa5,0x08,0xa5,0x08,0xa5,0x08,0xa5,0x08,
    0xa5,0x08,0xa5,0x08,0xa5,0x08,0xa5,0x08,0xa5,0x08,0xa5,0x08,0xa5,0x08,0xa5,0x08,
    0xa5,0x08,0xa5,0x08,0xa5,0x08,0xa5,0x08,0xa5,0x08,0xa5,0x08,0xa5,0x08,0xa5,0x08,
    0xa5,0x08,0xc5,0x10,0x64,0x00,0x2a,0x3a,0x12,0x74,0xad,0x4a,0x33,0x74,0xcd,0x52,
    0xb1,0x6b,0x8c,0x42,0x63,0x00,0xc5,0x10,0x84,0x08,0xc9,0x29,0x33,0x7c,0x0e,0x53,
    0xf2,0x6b,0x64,0x00,0xc5,0x10,0xc5,0x10,0xa4,0x08,0x23,0x00,0x33,0x7c,0x6c,0x42,
    0x02,0x00,0xc5,0x10,0x84,0x08,0x68,0x21,0xf6,0x8c,0xe6,0x10,0x43,0x00,0x06,0x19,
    0x47,0x21,0xa5,0x08,0xa5,0x08,0xe5,0x10,0x94,0x84,0x74,0x84,0x12,0x74,0x16,0x95,
    0x8c,0x42,0x64,0x00,0xc5,0x10,0xa5,0x08,0xa5,0x08,0xa5,0x08,0xa5,0x08,0xa5,0x08,
    0xa5,0x08,0xa5,0x08,0xa5,0x08,0xa5,0x08,0xa5,0x08,0xa5,0x08,0xa5,0x08,0xa5,0x08,
    0xa5,0x08,0xa5,0x08,0xa5,0x08,0xa5,0x08,0xa5,0x08,0xa5,0x08,0xa5,0x08,0xa5,0x08,
    0xa5,0x08,0xa5,0x08,0xa5,0x08,0xa5,0x08,0xa5,0x08,0xa5,0x08,0xa5,0x08,0xa5,0x08,
    0xa5,0x08,0xa5,0x08,0xa5,0x08,0xa5,0x08,0xa5,0x08,0xa5,0x08,0xa5,0x08,0xa5,0x08,
    0xa5,0x08,0xa5,0x08,0xa5,0x08,0xa5,0x08,0xa5,0x08,0xa5,0x08,0xa5,0x08,0xa5,0x08,
    0xa5,0x08,0xa5,0x08,0xa5,0x08,0xa5,0x08,0xa5,0x08,0xa5,0x08,0xa5,0x08,0xa5,0x08,
    0xa5,0x08,0xa5,0x08,0xa5,0x08,0xa5,0x08,0xa5,0x08,0xa5,0x08,0xa5,0x08,0xa5,0x08,
    0xa5,0x08,0xa5,0x08,0xa5,0x08,0xa5,0x08,0xa5,0x08,0xa5,0x08,0xa5,0x08,0xa5,0x08,
    0xa5,0x08,0xa5,0x08,0xa5,0x08,0xa5,0x08,0xa5,0x08,0xa5,0x08,0xa5,0x08,0xa5,0x08,
    0xa5,0x08,0xa5,0x08,0xa5,0x08,0xa5,0x08,0xa5,0x08,0xa5,0x08,0xa5,0x08,0xa5,0x08,
    0xa5,0x08,0xa5,0x08,0xa5,0x08,0xa5,0x08,0xa5,0x08,0xa5,0x08,0xa5,0x08,0xa5,0x08,
    0xa5,0x08,0xa5,0x08,0xa5,0x08,0xa5,0x08,0xa5,0x08,0xa5,0x08,0xa5,0x08,0xa5,0x08,
    0xa5,0x08,0xa5,0x08,0xa5,0x08,0xa5,0x08,0xa5,0x08,0xa5,0x08,0xa5,0x08,0xa5,0x08,
    0xa5,0x08,0xa5,0x08,0xa5,0x08,0xa5,0x08,0xa5,0x08,0xa5,0x08,0xa5,0x08,0xa5,0x08,
    0xa5,0x08,0xa5,0x08,0xa5,0x08,0xa5,0x08,0xa5,0x08,0xa5,0x08,0xa5,0x08,0xa5,0x08,
    0xa5,0x08,0xa5,0x08,0xa5,0x08,0xa5,0x08,0xa5,0x08,0xa5,0x08,0xa5,0x08,0xa5,0x08,
    0xa5,0x08,0xa5,0x08,0xa5,0x08,0xa5,0x08,0xa5,0x08,0xa5,0x08,0xa5,0x08,0xa5,0x08,
    0xa5,0x08,0xa5,0x08,0xa5,0x08,0xa5,0x08,0xa5,0x08,0xa5,0x08,0xa5,0x08,0xa5,0x08,
    0xa5,0x08,0xa5,0x08,0xa5,0x08,0xa5,0x08,0xa5,0x08,0xa5,0x08,0xa5,0x08,0xa5,0x08,
    0xa5,0x08,0xa5,0x08,0xa5,0x08,0xa5,0x08,0xa5,0x08,0xa5,0x08,0xa5,0x08,0xa5,0x08,
    0xa5,0x08,0xa5,0x08,0xa5,0x08,0xa5,0x08,0xa5,0x08,0xa5,0x08,0xa5,0x08,0xa5,0x08,
    0xa5,0x08,0xa5,0x08,0xa5,0x08,0xa5,0x08,0xa5,0x08,0xc5,0x08,0xa4,0x08,0x06,0x19,
    0x53,0x7c,0x12,0x74,0x4b,0x42,0xf2,0x73,0x54,0x7c,0x67,0x21,0x84,0x08,0xc5,0x10,
    0x43,0x00,0x2f,0x5b,0x53,0x7c,0x8c,0x42,0xf6,0x94,0x06,0x19,0xa4,0x08,0xc5,0x10,
    0xc5,0x10,0x84,0x08,0x33,0x7c,0xad,0x4a,0x64,0x00,0xc5,0x10,0x84,0x08,0x88,0x21,
    0xf6,0x8c,0xe6,0x10,0x43,0x00,0x47,0x21,0x68,0x21,0xa4,0x08,0xa5,0x08,0xe5,0x10,
    0x95,0x84,0xcd,0x4a,0xa9,0x29,0x74,0x84,0xad,0x4a,0x63,0x00,0xc5,0x10,0xa5,0x08,
    0xa5,0x08,0xa5,0x08,0xa5,0x08,0xa5,0x08,0xa5,0x08,0xa5,0x08,0xa5,0x08,0xa5,0x08,
    0xa5,0x08,0xa5,0x08,0xa5,0x08,0xa5,0x08,0xa5,0x08,0xa5,0x08,0xa5,0x08,0xa5,0x08,
    0xa5,0x08,0xa5,0x08,0xa5,0x08,0xa5,0x08,0xa5,0x08,0xa5,0x08,0xa5,0x08,0xa5,0x08,
    0xa5,0x08,0xa5,0x08,0xa5,0x08,0xa5,0x08,0xa5,0x08,0xa5,0x08,0xa5,0x08,0xa5,0x08,
    0xa5,0x08,0xa5,0x08,0xa5,0x08,0xa5,0x08,0xa5,0x08,0xa5,0x08,0xa5,0x08,0xa5,0x08,
    0xa5,0x08,0xa5,0x08,0xa5,0x08,0xa5,0x08,0xa5,0x08,0xa5,0x08,0xa5,0x08,0xa5,0x08,
    0xa5,0x08,0xa5,0x08,0xa5,0x08,0xa5,0x08,0xa5,0x08,0xa5,0x08,0xa5,0x08,0xa5,0x08,
    0xa5,0x08,0xa5,0x08,0xa5,0x08,0xa5,0x08,0xa5,0x08,0xa5,0x08,0xa5,0x08,0xa5,0x08,
    0xa5,0x08,0xa5,0x08,0xa5,0x08,0xa5,0x08,0xa5,0x08,0xa5,0x08,0xa5,0x08,0xa5,0x08,
    0xa5,0x08,0xa5,0x08,0xa5,0x08,0xa5,0x08,0xa5,0x08,0xa5,0x08,0xa5,0x08,0xa5,0x08,
    0xa5,0x08,0xa5,0x08,0xa5,0x08,0xa5,0x08,0xa5,0x08,0xa5,0x08,0xa5,0x08,0xa5,0x08,
    0xa5,0x08,0xa5,0x08,0xa5,0x08,0xa5,0x08,0xa5,0x08,0xa5,0x08,0xa5,0x08,0xa5,0x08,
    0xa5,0x08,0xa5,0x08,0xa5,0x08,0xa5,0x08,0xa5,0x08,0xa5,0x08,0xa5,0x08,0xa5,0x08,
    0xa5,0x08,0xa5,0x08,0xa5,0x08,0xa5,0x08,0xa5,0x08,0xa5,0x08,0xa5,0x08,0xa5,0x08,
    0xa5,0x08,0xa5,0x08,0xa5,0x08,0xa5,0x08,0xa5,0x08,0xa5,0x08,0xa5,0x08,0xa5,0x08,
    0xa5,0x08,0xa5,0x08,0xa5,0x08,0xa5,0x08,0xa5,0x08,0xa5,0x08,0xa5,0x08,0xa5,0x08,
    0xa5,0x08,0xa5,0x08,0xa5,0x08,0xa5,0x08,0xa5,0x08,0xa5,0x08,0xa5,0x08,0xa5,0x08,
    0xa5,0x08,0xa5,0x08,0xa5,0x08,0xa5,0x08,0xa5,0x08,0xa5,0x08,0xa5,0x08,0xa5,0x08,
    0xa5,0x08,0xa5,0x08,0xa5,0x08,0xa5,0x08,0xa5,0x08,0xa5,0x08,0xa5,0x08,0xa5,0x08,
    0xa5,0x08,0xa5,0x08,0xa5,0x08,0xa5,0x08,0xa5,0x08,0xa5,0x08,0xa5,0x08,0xa5,0x08,
    0xa5,0x08,0xa5,0x08,0xa5,0x08,0xa5,0x08,0xa5,0x08,0xa5,0x08,0xa5,0x08,0xa5,0x08,
    0xa5,0x08,0xa5,0x08,0xa5,0x08,0xa5,0x08,0xa5,0x08,0xa5,0x08,0xa5,0x08,0xa5,0x08,
    0xa5,0x08,0xa5,0x08,0xc5,0x10,0x64,0x00,0x12,0x74,0x16,0x95,0xc5,0x10,0xb5,0x8c,
    0x74,0x7c,0x84,0x08,0xc5,0x10,0xa5,0x08,0xc5,0x10,0xb5,0x84,0x74,0x84,0xf2,0x73,
    0x37,0x95,0xad,0x4a,0x64,0x00,0xc5,0x10,0xc5,0x10,0x64,0x08,0x74,0x84,0xad,0x4a,
    0x43,0x00,0xc5,0x10,0xa5,0x08,0xa5,0x08,0x74,0x7c,0xd1,0x6b,0xea,0x31,0x16,0x95,
    0x8c,0x4a,0x64,0x00,0xa5,0x08,0xe5,0x10,0xf6,0x8c,0xa8,0x29,0x01,0x00,0x33,0x7c,
    0xee,0x52,0x43,0x00,0xc5,0x10,0xa5,0x08,0xa5,0x08,0xa5,0x08,0xa5,0x08,0xa5,0x08,
    0xa5,0x08,0xa5,0x08,0xa5,0x08,0xa5,0x08,0xa5,0x08,0xa5,0x08,0xa5,0x08,0xa5,0x08,
    0xa5,0x08,0xa5,0x08,0xa5,0x08,0xa5,0x08,0xa5,0x08,0xa5,0x08,0xa5,0x08,0xa5,0x08,
    0xa5,0x08,0xa5,0x08,0xa5,0x08,0xa5,0x08,0xa5,0x08,0xa5,0x08,0xa5,0x08,0xa5,0x08,
    0xa5,0x08,0xa5,0x08,0xa5,0x08,0xa5,0x08,0xa5,0x08,0xa5,0x08,0xa5,0x08,0xa5,0x08,
    0xa5,0x08,0xa5,0x08,0xa5,0x08,0xa5,0x08,0xa5,0x08,0xa5,0x08,0xa5,0x08,0xa5,0x08,
    0xa5,0x08,0xa5,0x08,0xa5,0x08,0xa5,0x08,0xa5,0x08,0xa5,0x08,0xa5,0x08,0xa5,0x08,
    0xa5,0x08,0xa5,0x08,0xa5,0x08,0xa5,0x08,0xa5,0x08,0xa5,0x08,0xa5,0x08,0xa5,0x08,
    0xa5,0x08,0xa5,0x08,0xa5,0x08,0xa5,0x08,0xa5,0x08,0xa5,0x08,0xa5,0x08,0xa5,0x08,
    0xa5,0x08,0xa5,0x08,0xa5,0x08,0xa5,0x08,0xa5,0x08,0xa5,0x08,0xa5,0x08,0xa5,0x08,
    0xa5,0x08,0xa5,0x08,0xa5,0x08,0xa5,0x08,0xa5,0x08,0xa5,0x08,0xa5,0x08,0xa5,0x08,
    0xa5,0x08,0xa5,0x08,0xa5,0x08,0xa5,0x08,0xa5,0x08,0xa5,0x08,0xa5,0x08,0xa5,0x08,
    0xa5,0x08,0xa5,0x08,0xa5,0x08,0xa5,0x08,0xa5,0x08,0xa5,0x08,0xa5,0x08,0xa5,0x08,
    0xa5,0x08,0xa5,0x08,0xa5,0x08,0xa5,0x08,0xa5,0x08,0xa5,0x08,0xa5,0x08,0xa5,0x08,
    0xa5,0x08,0xa5,0x08,0xa5,0x08,0xa5,0x08,0xa5,0x08,0xa5,0x08,0xa5,0x08,0xa5,0x08,
    0xa5,0x08,0xa5,0x08,0xa5,0x08,0xa5,0x08,0xa5,0x08,0xa5,0x08,0xa5,0x08,0xa5,0x08,
    0xa5,0x08,0xa5,0x08,0xa5,0x08,0xa5,0x08,0xa5,0x08,0xa5,0x08,0xa5,0x08,0xa5,0x08,
    0xa5,0x08,0xa5,0x08,0xa5,0x08,0xa5,0x08,0xa5,0x08,0xa5,0x08,0xa5,0x08,0xa5,0x08,
    0xa5,0x08,0xa5,0x08,0xa5,0x08,0xa5,0x08,0xa5,0x08,0xa5,0x08,0xa5,0x08,0xa5,0x08,
    0xa5,0x08,0xa5,0x08,0xa5,0x08,0xa5,0x08,0xa5,0x08,0xa5,0x08,0xa5,0x08,0xa5,0x08,
    0xa5,0x08,0xa5,0x08,0xa5,0x08,0xa5,0x08,0xa5,0x08,0xa5,0x08,0xa5,0x08,0xa5,0x08,
    0xa5,0x08,0xa5,0x08,0xa5,0x08,0xa5,0x08,0xa5,0x08,0xa5,0x08,0xa5,0x08,0xa5,0x08,
    0xa5,0x08,0xa5,0x08,0xa5,0x08,0xa5,0x08,0xa5,0x08,0xa5,0x08,0xc5,0x10,0x64,0x00,
    0x6c,0x42,0x70,0x63,0x43,0x00,0x4f,0x5b,0xad,0x4a,0x64,0x00,0xc5,0x10,0x84,0x08,
    0x68,0x21,0xd1,0x6b,0xe5,0x10,0x23,0x00,0xad,0x4a,0x2f,0x5b,0x84,0x08,0xc5,0x10,
    0xc5,0x10,0x84,0x08,0x50,0x5b,0x2b,0x3a,0x64,0x08,0xc5,0x10,0xc5,0x10,0x84,0x08,
    0x27,0x19,0xb1,0x63,0x53,0x7c,0xad,0x4a,0x84,0x08,0xc5,0x10,0xa5,0x08,0xc5,0x10,
    0xb1,0x6b,0x88,0x29,0x64,0x00,0x4f,0x5b,0x4b,0x3a,0x64,0x00,0xc5,0x10,0xa5,0x08,
    0xa5,0x08,0xa5,0x08,0xa5,0x08,0xa5,0x08,0xa5,0x08,0xa5,0x08,0xa5,0x08,0xa5,0x08,
    0xa5,0x08,0xa5,0x08,0xa5,0x08,0xa5,0x08,0xa5,0x08,0xa5,0x08,0xa5,0x08,0xa5,0x08,
    0xa5,0x08,0xa5,0x08,0xa5,0x08,0xa5,0x08,0xa5,0x08,0xa5,0x08,0xa5,0x08,0xa5,0x08,
    0xa5,0x08,0xa5,0x08,0xa5,0x08,0xa5,0x08,0xa5,0x08,0xa5,0x08,0xa5,0x08,0xa5,0x08,
    0xa5,0x08,0xa5,0x08,0xa5,0x08,0xa5,0x08,0xa5,0x08,0xa5,0x08,0xa5,0x08,0xa5,0x08,
    0xa5,0x08,0xa5,0x08,0xa5,0x08,0xa5,0x08,0xa5,0x08,0xa5,0x08,0xa5,0x08,0xa5,0x08,
    0xa5,0x08,0xa5,0x08,0xa5,0x08,0xa5,0x08,0xa5,0x08,0xa5,0x08,0xa5,0x08,0xa5,0x08,
    0xa5,0x08,0xa5,0x08,0xa5,0x08,0xa5,0x08,0xa5,0x08,0xa5,0x08,0xa5,0x08,0xa5,0x08,
    0xa5,0x08,0xa5,0x08,0xa5,0x08,0xa5,0x08,0xa5,0x08,0xa5,0x08,0xa5,0x08,0xa5,0x08,
    0xa5,0x08,0xa5,0x08,0xa5,0x08,0xa5,0x08,0xa5,0x08,0xa5,0x08,0xa5,0x08,0xa5,0x08,
    0xa5,0x08,0xa5,0x08,0xa5,0x08,0xa5,0x08,0xa5,0x08,0xa5,0x08,0xa5,0x08,0xa5,0x08,
    0xa5,0x08,0xa5,0x08,0xa5,0x08,0xa5,0x08,0xa5,0x08,0xa5,0x08,0xa5,0x08,0xa5,0x08,
    0xa5,0x08,0xa5,0x08,0xa5,0x08,0xa5,0x08,0xa5,0x08,0xa5,0x08,0xa5,0x08,0xa5,0x08,
    0xa5,0x08,0xa5,0x08,0xa5,0x08,0xa5,0x08,0xa5,0x08,0xa5,0x08,0xa5,0x08,0xa5,0x08,
    0xa5,0x08,0xa5,0x08,0xa5,0x08,0xa5,0x08,0xa5,0x08,0xa5,0x08,0xa5,0x08,0xa5,0x08,
    0xa5,0x08,0xa5,0x08,0xa5,0x08,0xa5,0x08,0xa5,0x08,0xa5,0x08,0xa5,0x08,0xa5,0x08,
    0xa5,0x08,0xa5,0x08,0xa5,0x08,0xa5,0x08,0xa5,0x08,0xa5,0x08,0xa5,0x08,0xa5,0x08,
    0xa5,0x08,0xa5,0x08,0xa5,0x08,0xa5,0x08,0xa5,0x08,0xa5,0x08,0xa5,0x08,0xa5,0x08,
    0xa5,0x08,0xa5,0x08,0xa5,0x08,0xa5,0x08,0xa5,0x08,0xa5,0x08,0xa5,0x08,0xa5,0x08,
    0xa5,0x08,0xa5,0x08,0xa5,0x08,0xa5,0x08,0xa5,0x08,0xa5,0x08,0xa5,0x08,0xa5,0x08,
    0xa5,0x08,0xa5,0x08,0xa5,0x08,0xa5,0x08,0xa5,0x08,0xa5,0x08,0xa5,0x08,0xa5,0x08,
    0xa5,0x08,0xa5,0x08,0xa5,0x08,0xa5,0x08,0xa5,0x08,0xa5,0x08,0xa5,0x08,0xa5,0x08,
    0xa5,0x08,0xa5,0x08,0xa5,0x08,0xc5,0x10,0x84,0x08,0x84,0x08,0xc5,0x10,0x84,0x08,
    0x84,0x08,0xc5,0x10,0xa5,0x08,0xa5,0x08,0xa5,0x08,0x84,0x08,0xa5,0x08,0xc5,0x10,
    0x84,0x08,0x84,0x08,0xc5,0x10,0xa5,0x08,0xa5,0x08,0xa5,0x08,0x84,0x08,0xa4,0x08,
    0xa5,0x08,0xa5,0x08,0xa5,0x08,0xc5,0x10,0xa4,0x08,0x64,0x00,0x64,0x00,0x64,0x00,
    0xa5,0x08,0xa5,0x08,0xa5,0x08,0xa5,0x08,0x84,0x08,0xa5,0x08,0xc5,0x10,0x84,0x08,
    0xa4,0x08,0xa5,0x08,0xa5,0x08,0xa5,0x08,0xa5,0x08,0xa5,0x08,0xa5,0x08,0xa5,0x08,
    0xa5,0x08,0xa5,0x08,0xa5,0x08,0xa5,0x08,0xa5,0x08,0xa5,0x08,0xa5,0x08,0xa5,0x08,
    0xa5,0x08,0xa5,0x08,0xa5,0x08,0xa5,0x08,0xa5,0x08,0xa5,0x08,0xa5,0x08,0xa5,0x08,
    0xa5,0x08,0xa5,0x08,0xa5,0x08,0xa5,0x08,0xa5,0x08,0xa5,0x08,0xa5,0x08,0xa5,0x08,
    0xa5,0x08,0xa5,0x08,0xa5,0x08,0xa5,0x08,0xa5,0x08,0xa5,0x08,0xa5,0x08,0xa5,0x08,
    0xa5,0x08,0xa5,0x08,0xa5,0x08,0xa5,0x08,0xa5,0x08,0xa5,0x08,0xa5,0x08,0xa5,0x08,
    0xa5,0x08,0xa5,0x08,0xa5,0x08,0xa5,0x08,0xa5,0x08,0xa5,0x08,0xa5,0x08,0xa5,0x08,
    0xa5,0x08,0xa5,0x08,0xa5,0x08,0xa5,0x08,0xa5,0x08,0xa5,0x08,0xa5,0x08,0xa5,0x08,
    0xa5,0x08,0xa5,0x08,0xa5,0x08,0xa5,0x08,0xa5,0x08,0xa5,0x08,0xa5,0x08,0xa5,0x08,
    0xa5,0x08,0xa5,0x08,0xa5,0x08,0xa5,0x08,0xa5,0x08,0xa5,0x08,0xa5,0x08,0xa5,0x08,
    0xa5,0x08,0xa5,0x08,0xa5,0x08,0xa5,0x08,0xa5,0x08,0xa5,0x08,0xa5,0x08,0xa5,0x08,
    0xa5,0x08,0xa5,0x08,0xa5,0x08,0xa5,0x08,0xa5,0x08,0xa5,0x08,0xa5,0x08,0xa5,0x08,
    0xa5,0x08,0xa5,0x08,0xa5,0x08,0xa5,0x08,0xa5,0x08,0xa5,0x08,0xa5,0x08,0xa5,0x08,
    0xa5,0x08,0xa5,0x08,0xa5,0x08,0xa5,0x08,0xa5,0x08,0xa5,0x08,0xa5,0x08,0xa5,0x08,
    0xa5,0x08,0xa5,0x08,0xa5,0x08,0xa5,0x08,0xa5,0x08,0xa5,0x08,0xa5,0x08,0xa5,0x08,
    0xa5,0x08,0xa5,0x08,0xa5,0x08,0xa5,0x08,0xa5,0x08,0xa5,0x08,0xa5,0x08,0xa5,0x08,
    0xa5,0x08,0xa5,0x08,0xa5,0x08,0xa5,0x08,0xa5,0x08,0xa5,0x08,0xa5,0x08,0xa5,0x08,
    0xa5,0x08,0xa5,0x08,0xa5,0x08,0xa5,0x08,0xa5,0x08,0xa5,0x08,0xa5,0x08,0xa5,0x08,
    0xa5,0x08,0xa5,0x08,0xa5,0x08,0xa5,0x08,0xa5,0x08,0xa5,0x08,0xa5,0x08,0xa5,0x08,
    0xa5,0x08,0xa5,0x08,0xa5,0x08,0xa5,0x08,0xa5,0x08,0xa5,0x08,0xa5,0x08,0xa5,0x08,
    0xa5,0x08,0xa5,0x08,0xa5,0x08,0xa5,0x08,0xa5,0x08,0xa5,0x08,0xa5,0x08,0xa5,0x08,
    0xa5,0x08,0xa5,0x08,0xa5,0x08,0xa5,0x08,0xa5,0x08,0xa5,0x08,0xa5,0x08,0xa5,0x08,
    0xa5,0x08,0xa5,0x08,0xa5,0x08,0xa5,0x08,0xa5,0x08,0xa5,0x08,0xa5,0x08,0xa5,0x08,
    0xc5,0x10,0xc5,0x10,0xa5,0x08,0xc5,0x10,0xc5,0x10,0xa5,0x08,0xa5,0x08,0xa5,0x08,
    0xa5,0x08,0xc5,0x10,0xa5,0x08,0xa5,0x08,0xc5,0x10,0xc5,0x10,0xa5,0x08,0xa5,0x08,
    0xa5,0x08,0xa5,0x08,0xc5,0x10,0xc5,0x10,0xa5,0x08,0xa5,0x08,0xa5,0x08,0xa5,0x08,
    0xc5,0x10,0xc5,0x10,0xc5,0x10,0xc5,0x10,0xa5,0x08,0xa5,0x08,0xa5,0x08,0xa5,0x08,
    0xc5,0x10,0xa5,0x08,0xa5,0x08,0xc5,0x10,0xc5,0x10,0xa5,0x08,0xa5,0x08,0xa5,0x08,
    0xa5,0x08,0xa5,0x08,0xa5,0x08,0xa5,0x08,0xa5,0x08,0xa5,0x08,0xa5,0x08,0xa5,0x08,
    0xa5,0x08,0xa5,0x08,0xa5,0x08,0xa5,0x08,0xa5,0x08,0xa5,0x08,0xa5,0x08,0xa5,0x08,
    0xa5,0x08,0xa5,0x08,0xa5,0x08,0xa5,0x08,0xa5,0x08,0xa5,0x08,0xa5,0x08,0xa5,0x08,
    0xa5,0x08,0xa5,0x08,0xa5,0x08,0xa5,0x08,0xa5,0x08,0xa5,0x08,0xa5,0x08,0xa5,0x08,
    0xa5,0x08,0xa5,0x08,0xa5,0x08,0xa5,0x08,0xa5,0x08,0xa5,0x08,0xa5,0x08,0xa5,0x08,
    0xa5,0x08,0xa5,0x08,0xa5,0x08,0xa5,0x08,0xa5,0x08,0xa5,0x08,0xa5,0x08,0xa5,0x08,
    0xa5,0x08,0xa5,0x08,0xa5,0x08,0xa5,0x08,0xa5,0x08,0xa5,0x08,0xa5,0x08,0xa5,0x08,
    0xa5,0x08,0xa5,0x08,0xa5,0x08,0xa5,0x08,0xa5,0x08,0xa5,0x08,0xa5,0x08,0xa5,0x08,
    0xa5,0x08,0xa5,0x08,0xa5,0x08,0xa5,0x08,0xa5,0x08,0xa5,0x08,0xa5,0x08,0xa5,0x08,
    0xa5,0x08,0xa5,0x08,0xa5,0x08,0xa5,0x08,0xa5,0x08,0xa5,0x08,0xa5,0x08,0xa5,0x08,
    0xa5,0x08,0xa5,0x08,0xa5,0x08,0xa5,0x08,0xa5,0x08,0xa5,0x08,0xa5,0x08,0xa5,0x08,
    0xa5,0x08,0xa5,0x08,0xa5,0x08,0xa5,0x08,0xa5,0x08,0xa5,0x08,0xa5,0x08,0xa5,0x08,
    0xa5,0x08,0xa5,0x08,0xa5,0x08,0xa5,0x08,0xa5,0x08,0xa5,0x08,0xa5,0x08,0xa5,0x08,
    0xa5,0x08,0xa5,0x08,0xa5,0x08,0xa5,0x08,0xa5,0x08,0xa5,0x08,0xa5,0x08,0xa5,0x08,
    0xa5,0x08,0xa5,0x08,0xa5,0x08,0xa5,0x08,0xa5,0x08,0xa5,0x08,0xa5,0x08,0xa5,0x08,
    0xa5,0x08,0xa5,0x08,0xa5,0x08,0xa5,0x08,0xa5,0x08,0xa5,0x08,0xa5,0x08,0xa5,0x08,
    0xa5,0x08,0xa5,0x08,0xa5,0x08,0xa5,0x08,0xa5,0x08,0xa5,0x08,0xa5,0x08,0xa5,0x08,
    0xa5,0x08,0xa5,0x08,0xa5,0x08,0xa5,0x08,0xa5,0x08,0xa5,0x08,0xa5,0x08,0xa5,0x08,
    0xa5,0x08,0xa5,0x08,0xa5,0x08,0xa5,0x08,0xa5,0x08,0xa5,0x08,0xa5,0x08,0xa5,0x08,
    0xa5,0x08,0xa5,0x08,0xa5,0x08,0xa5,0x08,0xa5,0x08,0xa5,0x08,0xa5,0x08,0xa5,0x08,
    0xa5,0x08,0xa5,0x08,0xa5,0x08,0xa5,0x08,0xa5,0x08,0xa5,0x08,0xa5,0x08,0xa5,0x08,
    0xa5,0x08,0xa5,0x08,0xa5,0x08,0xa5,0x08,0xa5,0x08,0xa5,0x08,0xa5,0x08,0xa5,0x08,
    0xa5,0x08,0xa5,0x08,0xa5,0x08,0xa5,0x08,0xa5,0x08,0xa5,0x08,0xa5,0x08,0xa5,0x08,
    0xa5,0x08,0xa5,0x08,0xa5,0x08,0xa5,0x08,0xa5,0x08,0xa5,0x08,0xa5,0x08,0xa5,0x08,
    0xa5,0x08,0xa5,0x08,0xa5,0x08,0xa5,0x08,0xa5,0x08,0xa5,0x08,0xa5,0x08,0xa5,0x08,
    0xa5,0x08,0xa5,0x08,0xa5,0x08,0xa5,0x08,0xa5,0x08,0xa5,0x08,0xa5,0x08,0xa5,0x08,
    0xa5,0x08,0xa5,0x08,0xa5,0x08,0xa5,0x08,0xa5,0x08,0xa5,0x08,0xa5,0x08,0xa5,0x08,
    0xa5,0x08,0xa5,0x08,0xa5,0x08,0xa5,0x08,0xa5,0x08,0xa5,0x08,0xa5,0x08,0xa5,0x08,
    0xa5,0x08,0xa5,0x08,0xa5,0x08,0xa5,0x08,0xa5,0x08,0xa5,0x08,0xa5,0x08,0xa5,0x08,
    0xa5,0x08,0xa5,0x08,0xa5,0x08,0xa5,0x08,0xa5,0x08,0xa5,0x08,0xa5,0x08,0xa5,0x08,
    0xa5,0x08,0xa5,0x08,0xa5,0x08,0xa5,0x08,0xa5,0x08,0xa5,0x08,0xa5,0x08,0xa5,0x08,
    0xa5,0x08,0xa5,0x08,0xa5,0x08,0xa5,0x08,0xa5,0x08,0xa5,0x08,0xa5,0x08,0xa5,0x08,
    0xa5,0x08,0xa5,0x08,0xa5,0x08,0xa5,0x08,0xa5,0x08,0xa5,0x08,0xa5,0x08,0xa5,0x08,
    0xa5,0x08,0xa5,0x08,0xa5,0x08,0xa5,0x08,0xa5,0x08,0xa5,0x08,0xa5,0x08,0xa5,0x08,
    0xa5,0x08,0xa5,0x08,0xa5,0x08,0xa5,0x08,0xa5,0x08,0xa5,0x08,0xa5,0x08,0xa5,0x08,
    0xa5,0x08,0xa5,0x08,0xa5,0x08,0xa5,0x08,0xa5,0x08,0xa5,0x08,0xa5,0x08,0xa5,0x08,
    0xa5,0x08,0xa5,0x08,0xa5,0x08,0xa5,0x08,0xa5,0x08,0xa5,0x08,0xa5,0x08,0xa5,0x08,
    0xa5,0x08,0xa5,0x08,0xa5,0x08,0xa5,0x08,0xa5,0x08,0xa5,0x08,0xa5,0x08,0xa5,0x08,
    0xa5,0x08,0xa5,0x08,0xa5,0x08,0xa5,0x08,0xa5,0x08,0xa5,0x08,0xa5,0x08,0xa5,0x08,
    0xa5,0x08,0xa5,0x08,0xa5,0x08,0xa5,0x08,0xa5,0x08,0xa5,0x08,0xa5,0x08,0xa5,0x08,
    0xa5,0x08,0xa5,0x08,0xa5,0x08,0xa5,0x08,0xa5,0x08,0xa5,0x08,0xa5,0x08,0xa5,0x08,
    0xa5,0x08,0xa5,0x08,0xa5,0x08,0xa5,0x08,0xa5,0x08,0xa5,0x08,0xa5,0x08,0xa5,0x08,
    0xa5,0x08,0xa5,0x08,0xa5,0x08,0xa5,0x08,0xa5,0x08,0xa5,0x08,0xa5,0x08,0xa5,0x08,
    0xa5,0x08,0xa5,0x08,0xa5,0x08,0xa5,0x08,0xa5,0x08,0xa5,0x08,0xa5,0x08,0xa5,0x08,
    0xa5,0x08,0xa5,0x08,0xa5,0x08,0xa5,0x08,0xa5,0x08,0xa5,0x08,0xa5,0x08,0xa5,0x08,
    0xa5,0x08,0xa5,0x08,0xa5,0x08,0xa5,0x08,0xa5,0x08,0xa5,0x08,0xa5,0x08,0xa5,0x08,
    0xa5,0x08,0xa5,0x08,0xa5,0x08,0xa5,0x08,0xa5,0x08,0xa5,0x08,0xa5,0x08,0xa5,0x08,
    0xa5,0x08,0xa5,0x08,0xa5,0x08,0xa5,0x08,0xa5,0x08,0xa5,0x08,0xa5,0x08,0xa5,0x08,
    0xa5,0x08,0xa5,0x08,0xa5,0x08,0xa5,0x08,0xa5,0x08,0xa5,0x08,0xa5,0x08,0xa5,0x08,
    0xa5,0x08,0xa5,0x08,0xa5,0x08,0xa5,0x08,0xa5,0x08,0xa5,0x08,0xa5,0x08,0xa5,0x08,
    0xa5,0x08,0xa5,0x08,0xa5,0x08,0xa5,0x08,0xa5,0x08,0xa5,0x08,0xa5,0x08,0xa5,0x08,
    0xa5,0x08,0xa5,0x08,0xa5,0x08,0xa5,0x08,0xa5,0x08,0xa5,0x08,0xa5,0x08,0xa5,0x08,
    0xa5,0x08,0xa5,0x08,0xa5,0x08,0xa5,0x08,0xa5,0x08,0xa5,0x08,0xa5,0x08,0xa5,0x08,
    0xa5,0x08,0xa5,0x08,0xa5,0x08,0xa5,0x08,0xa5,0x08,0xa5,0x08,0xa5,0x08,0xa5,0x08,
    0xa5,0x08,0xa5,0x08,0xa5,0x08,0xa5,0x08,0xa5,0x08,0xa5,0x08,0xa5,0x08,0xa5,0x08,
    0xa5,0x08,0xa5,0x08,0xa5,0x08,0xa5,0x08,0xa5,0x08,0xa5,0x08,0xa5,0x08,0xa5,0x08,
    0xa5,0x08,0xa5,0x08,0xa5,0x08,0xa5,0x08,0xa5,0x08,0xa5,0x08,0xa5,0x08,0xa5,0x08,
    0xa5,0x08,0xa5,0x08,0xa5,0x08,0xa5,0x08,0xa5,0x08,0xa5,0x08,0xa5,0x08,0xa5,0x08,
    0xa5,0x08,0xa5,0x08,0xa5,0x08,0xa5,0x08,0xa5,0x08,0xa5,0x08,0xa5,0x08,0xa5,0x08,
    0xa5,0x08,0xa5,0x08,0xa5,0x08,0xa5,0x08,0xa5,0x08,0xa5,0x08,0xa5,0x08,0xa5,0x08,
    0xa5,0x08,0xa5,0x08,0xa5,0x08,0xa5,0x08,0xa5,0x08,0xa5,0x08,0xa5,0x08,0xa5,0x08,
    0xa5,0x08,0xa5,0x08,0xa5,0x08,0xa5,0x08,0xa5,0x08,0xa5,0x08,0xa5,0x08,0xa5,0x08,
    0xa5,0x08,0xa5,0x08,0xa5,0x08,0xa5,0x08,0xa5,0x08,0xa5,0x08,0xa5,0x08,0xa5,0x08,
    0xa5,0x08,0xa5,0x08,0xa5,0x08,0xa5,0x08,0xa5,0x08,0xa5,0x08,0xa5,0x08,0xa5,0x08,
    0xa5,0x08,0xa5,0x08,0xa5,0x08,0xa5,0x08,0xa5,0x08,0xa5,0x08,0xa5,0x08,0xa5,0x08,
    0xa5,0x08,0xa5,0x08,0xa5,0x08,0xa5,0x08,0xa5,0x08,0xa5,0x08,0xa5,0x08,0xa5,0x08,
    0xa5,0x08,0xa5,0x08,0xa5,0x08,0xa5,0x08,0xa5,0x08,0xa5,0x08,0xa5,0x08,0xa5,0x08,
    0xa5,0x08,0xa5,0x08,0xa5,0x08,0xa5,0x08,0xa5,0x08,0xa5,0x08,0xa5,0x08,0xa5,0x08,
    0xa5,0x08,0xa5,0x08,0xa5,0x08,0xa5,0x08,0xa5,0x08,0xa5,0x08,0xa5,0x08,0xa5,0x08,
    0xa5,0x08,0xa5,0x08,0xa5,0x08,0xa5,0x08,0xa5,0x08,0xa5,0x08,0xa5,0x08,0xa5,0x08,
    0xa5,0x08,0xa5,0x08,0xa5,0x08,0xa5,0x08,0xa5,0x08,0xa5,0x08,0xa5,0x08,0xa5,0x08,
    0xa5,0x08,0xa5,0x08,0xa5,0x08,0xa5,0x08,0xa5,0x08,0xa5,0x08,0xa5,0x08,0xa5,0x08,
    0xa5,0x08,0xa5,0x08,0xa5,0x08,0xa5,0x08,0xa5,0x08,0xa5,0x08,0xa5,0x08,0xa5,0x08,
    0xa5,0x08,0xa5,0x08,0xa5,0x08,0xa5,0x08,0xa5,0x08,0xa5,0x08,0xa5,0x08,0xa5,0x08,
    0xa5,0x08,0xa5,0x08,0xa5,0x08,0xa5,0x08,0xa5,0x08,0xa5,0x08,0xa5,0x08,0xa5,0x08,
    0xa5,0x08,0xa5,0x08,0xa5,0x08,0xa5,0x08,0xa5,0x08,0xa5,0x08,0xa5,0x08,0xa5,0x08,
    0xa5,0x08,0xa5,0x08,0xa5,0x08,0xa5,0x08,0xa5,0x08,0xa5,0x08,0xa5,0x08,0xa5,0x08,
    0xa5,0x08,0xa5,0x08,0xa5,0x08,0xa5,0x08,0xa5,0x08,0xa5,0x08,0xa5,0x08,0xa5,0x08,
    0xa5,0x08,0xa5,0x08,0xa5,0x08,0xa5,0x08,0xa5,0x08,0xa5,0x08,0xa5,0x08,0xa5,0x08,
    0xa5,0x08,0xa5,0x08,0xa5,0x08,0xa5,0x08,0xa5,0x08,0xa5,0x08,0xa5,0x08,0xa5,0x08,
    0xa5,0x08,0xa5,0x08,0xa5,0x08,0xa5,0x08,0xa5,0x08,0xa5,0x08,0xa5,0x08,0xa5,0x08,
    0xa5,0x08,0xa5,0x08,0xa5,0x08,0xa5,0x08,0xa5,0x08,0xa5,0x08,0xa5,0x08,0xa5,0x08,
    0xa5,0x08,0xa5,0x08,0xa5,0x08,0xa5,0x08,0xa5,0x08,0xa5,0x08,0xa5,0x08,0xa5,0x08,
    0xa5,0x08,0xa5,0x08,0xa5,0x08,0xa5,0x08,0xa5,0x08,0xa5,0x08,0xa5,0x08,0xa5,0x08,
    0xa5,0x08,0xa5,0x08,0xa5,0x08,0xa5,0x08,0xa5,0x08,0xa5,0x08,0xa5,0x08,0xa5,0x08,
    0xa5,0x08,0xa5,0x08,0xa5,0x08,0xa5,0x08,0xa5,0x08,0xa5,0x08,0xa5,0x08,0xa5,0x08,
    0xa5,0x08,0xa5,0x08,0xa5,0x08,0xa5,0x08,0xa5,0x08,0xa5,0x08,0xa5,0x08,0xa5,0x08,
    0xa5,0x08,0xa5,0x08,0xa5,0x08,0xa5,0x08,0xa5,0x08,0xa5,0x08,0xa5,0x08,0xa5,0x08,
    0xa5,0x08,0xa5,0x08,0xa5,0x08,0xa5,0x08,0xa5,0x08,0xa5,0x08,0xa5,0x08,0xa5,0x08,
    0xa5,0x08,0xa5,0x08,0xa5,0x08,0xa5,0x08,0xa5,0x08,0xa5,0x08,0xa5,0x08,0xa5,0x08,
    0xa5,0x08,0xa5,0x08,0xa5,0x08,0xa5,0x08,0xa5,0x08,0xa5,0x08,0xa5,0x08,0xa5,0x08,
    0xa5,0x08,0xa5,0x08,0xa5,0x08,0xa5,0x08,0xa5,0x08,0xa5,0x08,0xa5,0x08,0xa5,0x08,
    0xa5,0x08,0xa5,0x08,0xa5,0x08,0xa5,0x08,0xa5,0x08,0xa5,0x08,0xa5,0x08,0xa5,0x08,
    0xa5,0x08,0xa5,0x08,0xa5,0x08,0xa5,0x08,0xa5,0x08,0xa5,0x08,0xa5,0x08,0xa5,0x08,
    0xa5,0x08,0xa5,0x08,0xa5,0x08,0xa5,0x08,0xa5,0x08,0xa5,0x08,0xa5,0x08,0xa5,0x08,
    0xa5,0x08,0xa5,0x08,0xa5,0x08,0xa5,0x08,0xa5,0x08,0xa5,0x08,0xa5,0x08,0xa5,0x08,
    0xa5,0x08,0xa5,0x08,0xa5,0x08,0xa5,0x08,0xa5,0x08,0xa5,0x08,0xa5,0x08,0xa5,0x08,
    0xa5,0x08,0xa5,0x08,0xa5,0x08,0xa5,0x08,0xa5,0x08,0xa5,0x08,0xa5,0x08,0xa5,0x08,
    0xa5,0x08,0xa5,0x08,0xa5,0x08,0xa5,0x08,0xa5,0x08,0xa5,0x08,0xa5,0x08,0xa5,0x08,
    0xa5,0x08,0xa5,0x08,0xa5,0x08,0xa5,0x08,0xa5,0x08,0xa5,0x08,0xa5,0x08,0xa5,0x08,
    0xa5,0x08,0xa5,0x08,0xa5,0x08,0xa5,0x08,0xa5,0x08,0xa5,0x08,0xa5,0x08,0xa5,0x08,
    0xa5,0x08,0xa5,0x08,0xa5,0x08,0xa5,0x08,0xa5,0x08,0xa5,0x08,0xa5,0x08,0xa5,0x08,
    0xa5,0x08,0xa5,0x08,0xa5,0x08,0xa5,0x08,0xa5,0x08,0xa5,0x08,0xa5,0x08,0xa5,0x08,
    0xa5,0x08,0xa5,0x08,0xa5,0x08,0xa5,0x08,0xa5,0x08,0xa5,0x08,0xa5,0x08,0xa5,0x08,
    0xa5,0x08,0xa5,0x08,0xa5,0x08,0xa5,0x08,0xa5,0x08,0xa5,0x08,0xa5,0x08,0xa5,0x08,
    0xa5,0x08,0xa5,0x08,0xa5,0x08,0xa5,0x08,0xa5,0x08,0xa5,0x08,0xa5,0x08,0xa5,0x08,
    0xa5,0x08,0xa5,0x08,0xa5,0x08,0xa5,0x08,0xa5,0x08,0xa5,0x08,0xa5,0x08,0xa5,0x08,
    0xa5,0x08,0xa5,0x08,0xa5,0x08,0xa5,0x08,0xa5,0x08,0xa5,0x08,0xa5,0x08,0xa5,0x08,
    0xa5,0x08,0xa5,0x08,0xa5,0x08,0xa5,0x08,0xa5,0x08,0xa5,0x08,0xa5,0x08,0xa5,0x08,
    0xa5,0x08,0xa5,0x08,0xa5,0x08,0xa5,0x08,0xa5,0x08,0xa5,0x08,0xa5,0x08,0xa5,0x08,
    0xa5,0x08,0xa5,0x08,0xa5,0x08,0xa5,0x08,0xa5,0x08,0xa5,0x08,0xa5,0x08,0xa5,0x08,
    0xa5,0x08,0xa5,0x08,0xa5,0x08,0xa5,0x08,0xa5,0x08,0xa5,0x08,0xa5,0x08,0xa5,0x08,
    0xa5,0x08,0xa5,0x08,0xa5,0x08,0xa5,0x08,0xa5,0x08,0xa5,0x08,0xa5,0x08,0xa5,0x08,
    0xa5,0x08,0xa5,0x08,0xa5,0x08,0xa5,0x08,0xa5,0x08,0xa5,0x08,0xa5,0x08,0xa5,0x08,
    0xa5,0x08,0xa5,0x08,0xa5,0x08,0xa5,0x08,0xa5,0x08,0xa5,0x08,0xa5,0x08,0xa5,0x08,
    0xa5,0x08,0xa5,0x08,0xa5,0x08,0xa5,0x08,0xa5,0x08,0xa5,0x08,0xa5,0x08,0xa5,0x08,
    0xa5,0x08,0xa5,0x08,0xa5,0x08,0xa5,0x08,0xa5,0x08,0xa5,0x08,0xa5,0x08,0xa5,0x08,
    0xa5,0x08,0xa5,0x08,0xa5,0x08,0xa5,0x08,0xa5,0x08,0xa5,0x08,0xa5,0x08,0xa5,0x08,
    0xa5,0x08,0xa5,0x08,0xa5,0x08,0xa5,0x08,0xa5,0x08,0xa5,0x08,0xa5,0x08,0xa5,0x08,
    0xa5,0x08,0xa5,0x08,0xa5,0x08,0xa5,0x08,0xa5,0x08,0xa5,0x08,0xa5,0x08,0xa5,0x08,
    0xa5,0x08,0xa5,0x08,0xa5,0x08,0xa5,0x08,0xa5,0x08,0xa5,0x08,0xa5,0x08,0xa5,0x08,
    0xa5,0x08,0xa5,0x08,0xa5,0x08,0xa5,0x08,0xa5,0x08,0xa5,0x08,0xa5,0x08,0xa5,0x08,
    0xa5,0x08,0xa5,0x08,0xa5,0x08,0xa5,0x08,0xa5,0x08,0xa5,0x08,0xa5,0x08,0xa5,0x08,
    0xa5,0x08,0xa5,0x08,0xa5,0x08,0xa5,0x08,0xa5,0x08,0xa5,0x08,0xa5,0x08,0xa5,0x08,
    0xa5,0x08,0xa5,0x08,0xa5,0x08,0xa5,0x08,0xa5,0x08,0xa5,0x08,0xa5,0x08,0xa5,0x08,
    0xa5,0x08,0xa5,0x08,0xa5,0x08,0xa5,0x08,0xa5,0x08,0xa5,0x08,0xa5,0x08,0xa5,0x08,
    0xa5,0x08,0xa5,0x08,0xa5,0x08,0xa5,0x08,0xa5,0x08,0xa5,0x08,0xa5,0x08,0xa5,0x08,
    0xa5,0x08,0xa5,0x08,0xa5,0x08,0xa5,0x08,0xa5,0x08,0xa5,0x08,0xa5,0x08,0xa5,0x08,
    0xa5,0x08,0xa5,0x08,0xa5,0x08,0xa5,0x08,0xa5,0x08,0xa5,0x08,0xa5,0x08,0xa5,0x08,
    0xa5,0x08,0xa5,0x08,0xa5,0x08,0xa5,0x08,0xa5,0x08,0xa5,0x08,0xa5,0x08,0xa5,0x08,
    0xa5,0x08,0xa5,0x08,0xa5,0x08,0xa5,0x08,0xa5,0x08,0xa5,0x08,0xa5,0x08,0xa5,0x08,
    0xa5,0x08,0xa5,0x08,0xa5,0x08,0xa5,0x08,0xa5,0x08,0xa5,0x08,0xa5,0x08,0xa5,0x08,
    0xa5,0x08,0xa5,0x08,0xa5,0x08,0xa5,0x08,0xa5,0x08,0xa5,0x08,0xa5,0x08,0xa5,0x08,
    0xa5,0x08,0xa5,0x08,0xa5,0x08,0xa5,0x08,0xa5,0x08,0xa5,0x08,0xa5,0x08,0xa5,0x08,
    0xa5,0x08,0xa5,0x08,0xa5,0x08,0xa5,0x08,0xa5,0x08,0xa5,0x08,0xa5,0x08,0xa5,0x08,
    0xa5,0x08,0xa5,0x08,0xa5,0x08,0xa5,0x08,0xa5,0x08,0xa5,0x08,0xa5,0x08,0xa5,0x08,
    0xa5,0x08,0xa5,0x08,0xa5,0x08,0xa5,0x08,0xa5,0x08,0xa5,0x08,0xa5,0x08,0xa5,0x08,
    0xa5,0x08,0xa5,0x08,0xa5,0x08,0xa5,0x08,0xa5,0x08,0xa5,0x08,0xa5,0x08,0xa5,0x08,
    0xa5,0x08,0xa5,0x08,0xa5,0x08,0xa5,0x08,0xa5,0x08,0xa5,0x08,0xa5,0x08,0xa5,0x08,
    0xa5,0x08,0xa5,0x08,0xa5,0x08,0xa5,0x08,0xa5,0x08,0xa5,0x08,0xa5,0x08,0xa5,0x08,
    0xa5,0x08,0xa5,0x08,0xa5,0x08,0xa5,0x08,0xa5,0x08,0xa5,0x08,0xa5,0x08,0xa5,0x08,
    0xa5,0x08,0xa5,0x08,0xa5,0x08,0xa5,0x08,0xa5,0x08,0xa5,0x08,0xa5,0x08,0xa5,0x08,
    0xa5,0x08,0xa5,0x08,0xa5,0x08,0xa5,0x08,0xa5,0x08,0xa5,0x08,0xa5,0x08,0xa5,0x08,
    0xa5,0x08,0xa5,0x08,0xa5,0x08,0xa5,0x08,0xa5,0x08,0xa5,0x08,0xa5,0x08,0xa5,0x08,
    0xa5,0x08,0xa5,0x08,0xa5,0x08,0xa5,0x08,0xa5,0x08,0xa5,0x08,0xa5,0x08,0xa5,0x08,
    0xa5,0x08,0xa5,0x08,0xa5,0x08,0xa5,0x08,0xa5,0x08,0xa5,0x08,0xa5,0x08,0xa5,0x08,
    0xa5,0x08,0xa5,0x08,0xa5,0x08,0xa5,0x08,0xa5,0x08,0xa5,0x08,0xa5,0x08,0xa5,0x08,
    0xa5,0x08,0xa5,0x08,0xa5,0x08,0xa5,0x08,0xa5,0x08,0xa5,0x08,0xa5,0x08,0xa5,0x08,
    0xa5,0x08,0xa5,0x08,0xa5,0x08,0xa5,0x08,0xa5,0x08,0xa5,0x08,0xa5,0x08,0xa5,0x08,
    0xa5,0x08,0xa5,0x08,0xa5,0x08,0xa5,0x08,0xa5,0x08,0xa5,0x08,0xa5,0x08,0xa5,0x08,
    0xa5,0x08,0xa5,0x08,0xa5,0x08,0xa5,0x08,0xa5,0x08,0xa5,0x08,0xa5,0x08,0xa5,0x08,
    0xa5,0x08,0xa5,0x08,0xa5,0x08,0xa5,0x08,0xa5,0x08,0xa5,0x08,0xa5,0x08,0xa5,0x08,
    0xa5,0x08,0xa5,0x08,0xa5,0x08,0xa5,0x08,0xa5,0x08,0xa5,0x08,0xa5,0x08,0xa5,0x08,
    0xa5,0x08,0xa5,0x08,0xa5,0x08,0xa5,0x08,0xa5,0x08,0xa5,0x08,0xa5,0x08,0xa5,0x08,
    0xa5,0x08,0xa5,0x08,0xa5,0x08,0xa5,0x08,0xa5,0x08,0xa5,0x08,0xa5,0x08,0xa5,0x08,
    0xa5,0x08,0xa5,0x08,0xa5,0x08,0xa5,0x08,0xa5,0x08,0xa5,0x08,0xa5,0x08,0xa5,0x08,
    0xa5,0x08,0xa5,0x08,0xa5,0x08,0xa5,0x08,0xa5,0x08,0xa5,0x08,0xa5,0x08,0xa5,0x08,
    0xa5,0x08,0xa5,0x08,0xa5,0x08,0xa5,0x08,0xa5,0x08,0xa5,0x08,0xa5,0x08,0xa5,0x08,
    0xa5,0x08,0xa5,0x08,0xa5,0x08,0xa5,0x08,0xa5,0x08,0xa5,0x08,0xa5,0x08,0xa5,0x08,
    0xa5,0x08,0xa5,0x08,0xa5,0x08,0xa5,0x08,0xa5,0x08,0xa5,0x08,0xa5,0x08,0xa5,0x08,
    0xa5,0x08,0xa5,0x08,0xa5,0x08,0xa5,0x08,0xa5,0x08,0xa5,0x08,0xa5,0x08,0xa5,0x08,
    0xa5,0x08,0xa5,0x08,0xa5,0x08,0xa5,0x08,0xa5,0x08,0xa5,0x08,0xa5,0x08,0xa5,0x08,
    0xa5,0x08,0xa5,0x08,0xa5,0x08,0xa5,0x08,0xa5,0x08,0xa5,0x08,0xa5,0x08,0xa5,0x08,
    0xa5,0x08,0xa5,0x08,0xa5,0x08,0xa5,0x08,0xa5,0x08,0xa5,0x08,0xa5,0x08,0xa5,0x08,
    0xa5,0x08,0xa5,0x08,0xa5,0x08,0xa5,0x08,0xa5,0x08,0xa5,0x08,0xa5,0x08,0xa5,0x08,
    0xa5,0x08,0xa5,0x08,0xa5,0x08,0xa5,0x08,0xa5,0x08,0xa5,0x08,0xa5,0x08,0xa5,0x08,
    0xa5,0x08,0xa5,0x08,0xa5,0x08,0xa5,0x08,0xa5,0x08,0xa5,0x08,0xa5,0x08,0xa5,0x08,
    0xa5,0x08,0xa5,0x08,0xa5,0x08,0xa5,0x08,0xa5,0x08,0xa5,0x08,0xa5,0x08,0xa5,0x08,
    0xa5,0x08,0xa5,0x08,0xa5,0x08,0xa5,0x08,0xa5,0x08,0xa5,0x08,0xa5,0x08,0xa5,0x08,
    0xa5,0x08,0xa5,0x08,0xa5,0x08,0xa5,0x08,0xa5,0x08,0xa5,0x08,0xa5,0x08,0xa5,0x08,
    0xa5,0x08,0xa5,0x08,0xa5,0x08,0xa5,0x08,0xa5,0x08,0xa5,0x08,0xa5,0x08,0xa5,0x08,
    0xa5,0x08,0xa5,0x08,0xa5,0x08,0xa5,0x08,0xa5,0x08,0xa5,0x08,0xa5,0x08,0xa5,0x08,
    0xa5,0x08,0xa5,0x08,0xa5,0x08,0xa5,0x08,0xa5,0x08,0xa5,0x08,0xa5,0x08,0xa5,0x08,
    0xa5,0x08,0xa5,0x08,0xa5,0x08,0xa5,0x08,0xa5,0x08,0xa5,0x08,0xa5,0x08,0xa5,0x08,
    0xa5,0x08,0xa5,0x08,0xa5,0x08,0xa5,0x08,0xa5,0x08,0xa5,0x08,0xa5,0x08,0xa5,0x08,
    0xa5,0x08,0xa5,0x08,0xa5,0x08,0xa5,0x08,0xa5,0x08,0xa5,0x08,0xa5,0x08,0xa5,0x08,
    0xa5,0x08,0xa5,0x08,0xa5,0x08,0xa5,0x08,0xa5,0x08,0xa5,0x08,0xa5,0x08,0xa5,0x08,
    0xa5,0x08,0xa5,0x08,0xa5,0x08,0xa5,0x08,0xa5,0x08,0xa5,0x08,0xa5,0x08,0xa5,0x08,
    0xa5,0x08,0xa5,0x08,0xa5,0x08,0xa5,0x08,0xa5,0x08,0xa5,0x08,0xa5,0x08,0xa5,0x08,
    0xa5,0x08,0xa5,0x08,0xa5,0x08,0xa5,0x08,0xa5,0x08,0xa5,0x08,0xa5,0x08,0xa5,0x08,
    0xa5,0x08,0xa5,0x08,0xa5,0x08,0xa5,0x08,0xa5,0x08,0xa5,0x08,0xa5,0x08,0xa5,0x08,
    0xa5,0x08,0xa5,0x08,0xa5,0x08,0xa5,0x08,0xa5,0x08,0xa5,0x08,0xa5,0x08,0xa5,0x08,
    0xa5,0x08,0xa5,0x08,0xa5,0x08,0xa5,0x08,0xa5,0x08,0xa5,0x08,0xa5,0x08,0xa5,0x08,
    0xa5,0x08,0xa5,0x08,0xa5,0x08,0xa5,0x08,0xa5,0x08,0xa5,0x08,0xa5,0x08,0xa5,0x08,
    0xa5,0x08,0xa5,0x08,0xa5,0x08,0xa5,0x08,0xa5,0x08,0xa5,0x08,0xa5,0x08,0xa5,0x08,
    0xa5,0x08,0xa5,0x08,0xa5,0x08,0xa5,0x08,0xa5,0x08,0xa5,0x08,0xa5,0x08,0xa5,0x08,
    0xa5,0x08,0xa5,0x08,0xa5,0x08,0xa5,0x08,0xa5,0x08,0xa5,0x08,0xa5,0x08,0xa5,0x08,
    0xa5,0x08,0xa5,0x08,0xa5,0x08,0xa5,0x08,0xa5,0x08,0xa5,0x08,0xa5,0x08,0xa5,0x08,
    0xa5,0x08,0xa5,0x08,0xa5,0x08,0xa5,0x08,0xa5,0x08,0xa5,0x08,0xa5,0x08,0xa5,0x08,
    0xa5,0x08,0xa5,0x08,0xa5,0x08,0xa5,0x08,0xa5,0x08,0xa5,0x08,0xa5,0x08,0xa5,0x08,
    0xa5,0x08,0xa5,0x08,0xa5,0x08,0xa5,0x08,0xa5,0x08,0xa5,0x08,0xa5,0x08,0xa5,0x08,
    0xa5,0x08,0xa5,0x08,0xa5,0x08,0xa5,0x08,0xa5,0x08,0xa5,0x08,0xa5,0x08,0xa5,0x08,
    0xa5,0x08,0xa5,0x08,0xa5,0x08,0xa5,0x08,0xa5,0x08,0xa5,0x08,0xa5,0x08,0xa5,0x08,
    0xa5,0x08,0xa5,0x08,0xa5,0x08,0xa5,0x08,0xa5,0x08,0xa5,0x08,0xa5,0x08,0xa5,0x08,
    0xa5,0x08,0xa5,0x08,0xa5,0x08,0xa5,0x08,0xa5,0x08,0xa5,0x08,0xa5,0x08,0xa5,0x08,
    0xa5,0x08,0xa5,0x08,0xa5,0x08,0xa5,0x08,0xa5,0x08,0xa5,0x08,0xa5,0x08,0xa5,0x08,
    0xa5,0x08,0xa5,0x08,0xa5,0x08,0xa5,0x08,0xa5,0x08,0xa5,0x08,0xa5,0x08,0xa5,0x08,
    0xa5,0x08,0xa5,0x08,0xa5,0x08,0xa5,0x08,0xa5,0x08,0xa5,0x08,0xa5,0x08,0xa5,0x08,
    0xa5,0x08,0xa5,0x08,0xa5,0x08,0xa5,0x08,0xa5,0x08,0xa5,0x08,0xa5,0x08,0xa5,0x08,
    0xa5,0x08,0xa5,0x08,0xa5,0x08,0xa5,0x08,0xa5,0x08,0xa5,0x08,0xa5,0x08,0xa5,0x08,
    0xa5,0x08,0xa5,0x08,0xa5,0x08,0xa5,0x08,0xa5,0x08,0xa5,0x08,0xa5,0x08,0xa5,0x08,
    0xa5,0x08,0xa5,0x08,0xa5,0x08,0xa5,0x08,0xa5,0x08,0xa5,0x08,0xa5,0x08,0xa5,0x08,
    0xa5,0x08,0xa5,0x08,0xa5,0x08,0xa5,0x08,0xa5,0x08,0xa5,0x08,0xa5,0x08,0xa5,0x08,
    0xa5,0x08,0xa5,0x08,0xa5,0x08,0xa5,0x08,0xa5,0x08,0xa5,0x08,0xa5,0x08,0xa5,0x08,
    0xa5,0x08,0xa5,0x08,0xa5,0x08,0xa5,0x08,0xa5,0x08,0xa5,0x08,0xa5,0x08,0xa5,0x08,
    0xa5,0x08,0xa5,0x08,0xa5,0x08,0xa5,0x08,0xa5,0x08,0xa5,0x08,0xa5,0x08,0xa5,0x08,
    0xa5,0x08,0xa5,0x08,0xa5,0x08,0xa5,0x08,0xa5,0x08,0xa5,0x08,0xa5,0x08,0xa5,0x08,
    0xa5,0x08,0xa5,0x08,0xa5,0x08,0xa5,0x08,0xa5,0x08,0xa5,0x08,0xa5,0x08,0xa5,0x08,
    0xa5,0x08,0xa5,0x08,0xa5,0x08,0xa5,0x08,0xa5,0x08,0xa5,0x08,0xa5,0x08,0xa5,0x08,
    0xa5,0x08,0xa5,0x08,0xa5,0x08,0xa5,0x08,0xa5,0x08,0xa5,0x08,0xa5,0x08,0xa5,0x08,
    0xa5,0x08,0xa5,0x08,0xa5,0x08,0xa5,0x08,0xa5,0x08,0xa5,0x08,0xa5,0x08,0xa5,0x08,
    0xa5,0x08,0xa5,0x08,0xa5,0x08,0xa5,0x08,0xa5,0x08,0xa5,0x08,0xa5,0x08,0xa5,0x08,
    0xa5,0x08,0xa5,0x08,0xa5,0x08,0xa5,0x08,0xa5,0x08,0xa5,0x08,0xa5,0x08,0xa5,0x08,
    0xa5,0x08,0xa5,0x08,0xa5,0x08,0xa5,0x08,0xa5,0x08,0xa5,0x08,0xa5,0x08,0xa5,0x08,
    0xa5,0x08,0xa5,0x08,0xa5,0x08,0xa5,0x08,0xa5,0x08,0xa5,0x08,0xa5,0x08,0xa5,0x08,
    0xa5,0x08,0xa5,0x08,0xa5,0x08,0xa5,0x08,0xa5,0x08,0xa5,0x08,0xa5,0x08,0xa5,0x08,
    0xa5,0x08,0xa5,0x08,0xa5,0x08,0xa5,0x08,0xa5,0x08,0xa5,0x08,0xa5,0x08,0xa5,0x08,
    0xa5,0x08,0xa5,0x08,0xa5,0x08,0xa5,0x08,0xa5,0x08,0xa5,0x08,0xa5,0x08,0xa5,0x08,
    0xa5,0x08,0xa5,0x08,0xa5,0x08,0xa5,0x08,0xa5,0x08,0xa5,0x08,0xa5,0x08,0xa5,0x08,
    0xa5,0x08,0xa5,0x08,0xa5,0x08,0xa5,0x08,0xa5,0x08,0xa5,0x08,0xa5,0x08,0xa5,0x08,
    0xa5,0x08,0xa5,0x08,0xa5,0x08,0xa5,0x08,0xa5,0x08,0xa5,0x08,0xa5,0x08,0xa5,0x08,
    0xa5,0x08,0xa5,0x08,0xa5,0x08,0xa5,0x08,0xa5,0x08,0xa5,0x08,0xa5,0x08,0xa5,0x08,
    0xa5,0x08,0xa5,0x08,0xa5,0x08,0xa5,0x08,0xa5,0x08,0xa5,0x08,0xa5,0x08,0xa5,0x08,
    0xa5,0x08,0xa5,0x08,0xa5,0x08,0xa5,0x08,0xa5,0x08,0xa5,0x08,0xa5,0x08,0xa5,0x08,
    0xa5,0x08,0xa5,0x08,0xa5,0x08,0xa5,0x08,0xa5,0x08,0xa5,0x08,0xa5,0x08,0xa5,0x08,
    0xa5,0x08,0xa5,0x08,0xa5,0x08,0xa5,0x08,0xa5,0x08,0xa5,0x08,0xa5,0x08,0xa5,0x08,
    0xa5,0x08,0xa5,0x08,0xa5,0x08,0xa5,0x08,0xa5,0x08,0xa5,0x08,0xa5,0x08,0xa5,0x08,
    0xa5,0x08,0xa5,0x08,0xa5,0x08,0xa5,0x08,0xa5,0x08,0xa5,0x08,0xa5,0x08,0xa5,0x08,
    0xa5,0x08,0xa5,0x08,0xa5,0x08,0xa5,0x08,0xa5,0x08,0xa5,0x08,0xa5,0x08,0xa5,0x08,
    0xa5,0x08,0xa5,0x08,0xa5,0x08,0xa5,0x08,0xa5,0x08,0xa5,0x08,0xa5,0x08,0xa5,0x08,
    0xa5,0x08,0xa5,0x08,0xa5,0x08,0xa5,0x08,0xa5,0x08,0xa5,0x08,0xa5,0x08,0xa5,0x08,
    0xa5,0x08,0xa5,0x08,0xa5,0x08,0xa5,0x08,0xa5,0x08,0xa5,0x08,0xa5,0x08,0xa5,0x08,
    0xa5,0x08,0xa5,0x08,0xa5,0x08,0xa5,0x08,0xa5,0x08,0xa5,0x08,0xa5,0x08,0xa5,0x08,
    0xa5,0x08,0xa5,0x08,0xa5,0x08,0xa5,0x08,0xa5,0x08,0xa5,0x08,0xa5,0x08,0xa5,0x08,
    0xa5,0x08,0xa5,0x08,0xa5,0x08,0xa5,0x08,0xa5,0x08,0xa5,0x08,0xa5,0x08,0xa5,0x08,
    0xa5,0x08,0xa5,0x08,0xa5,0x08,0xa5,0x08,0xa5,0x08,0xa5,0x08,0xa5,0x08,0xa5,0x08,
    0xa5,0x08,0xa5,0x08,0xa5,0x08,0xa5,0x08,0xa5,0x08,0xa5,0x08,0xa5,0x08,0xa5,0x08,
    0xa5,0x08,0xa5,0x08,0xa5,0x08,0xa5,0x08,0xa5,0x08,0xa5,0x08,0xa5,0x08,0xa5,0x08,
    0xa5,0x08,0xa5,0x08,0xa5,0x08,0xa5,0x08,0xa5,0x08,0xa5,0x08,0xa5,0x08,0xa5,0x08,
    0xa5,0x08,0xa5,0x08,0xa5,0x08,0xa5,0x08,0xa5,0x08,0xa5,0x08,0xa5,0x08,0xa5,0x08,
    0xa5,0x08,0xa5,0x08,0xa5,0x08,0xa5,0x08,0xa5,0x08,0xa5,0x08,0xa5,0x08,0xa5,0x08,
    0xa5,0x08,0xa5,0x08,0xa5,0x08,0xa5,0x08,0xa5,0x08,0xa5,0x08,0xa5,0x08,0xa5,0x08,
    0xa5,0x08,0xa5,0x08,0xa5,0x08,0xa5,0x08,0xa5,0x08,0xa5,0x08,0xa5,0x08,0xa5,0x08,
    0xa5,0x08,0xa5,0x08,0xa5,0x08,0xa5,0x08,0xa5,0x08,0xa5,0x08,0xa5,0x08,0xa5,0x08,
    0xa5,0x08,0xa5,0x08,0xa5,0x08,0xa5,0x08,0xa5,0x08,0xa5,0x08,0xa5,0x08,0xa5,0x08,
    0xa5,0x08,0xa5,0x08,0xa5,0x08,0xa5,0x08,0xa5,0x08,0xa5,0x08,0xa5,0x08,0xa5,0x08,
    0xa5,0x08,0xa5,0x08,0xa5,0x08,0xa5,0x08,0xa5,0x08,0xa5,0x08,0xa5,0x08,0xa5,0x08,
    0xa5,0x08,0xa5,0x08,0xa5,0x08,0xa5,0x08,0xa5,0x08,0xa5,0x08,0xa5,0x08,0xa5,0x08,
    0xa5,0x08,0xa5,0x08,0xa5,0x08,0xa5,0x08,0xa5,0x08,0xa5,0x08,0xa5,0x08,0xa5,0x08,
    0xa5,0x08,0xa5,0x08,0xa5,0x08,0xa5,0x08,0xa5,0x08,0xa5,0x08,0xa5,0x08,0xa5,0x08,
    0xa5,0x08,0xa5,0x08,0xa5,0x08,0xa5,0x08,0xa5,0x08,0xa5,0x08,0xa5,0x08,0xa5,0x08,
    0xa5,0x08,0xa5,0x08,0xa5,0x08,0xa5,0x08,0xa5,0x08,0xa5,0x08,0xa5,0x08,0xa5,0x08,
    0xa5,0x08,0xa5,0x08,0xa5,0x08,0xa5,0x08,0xa5,0x08,0xa5,0x08,0xa5,0x08,0xa5,0x08,
    0xa5,0x08,0xa5,0x08,0xa5,0x08,0xa5,0x08,0xa5,0x08,0xa5,0x08,0xa5,0x08,0xa5,0x08,
    0xa5,0x08,0xa5,0x08,0xa5,0x08,0xa5,0x08,0xa5,0x08,0xa5,0x08,0xa5,0x08,0xa5,0x08,
    0xa5,0x08,0xa5,0x08,0xa5,0x08,0xa5,0x08,0xa5,0x08,0xa5,0x08,0xa5,0x08,0xa5,0x08,
    0xa5,0x08,0xa5,0x08,0xa5,0x08,0xa5,0x08,0xa5,0x08,0xa5,0x08,0xa5,0x08,0xa5,0x08,
    0xa5,0x08,0xa5,0x08,0xa5,0x08,0xa5,0x08,0xa5,0x08,0xa5,0x08,0xa5,0x08,0xa5,0x08,
    0xa5,0x08,0xa5,0x08,0xa5,0x08,0xa5,0x08,0xa5,0x08,0xa5,0x08,0xa5,0x08,0xa5,0x08,
    0xa5,0x08,0xa5,0x08,0xa5,0x08,0xa5,0x08,0xa5,0x08,0xa5,0x08,0xa5,0x08,0xa5,0x08,
    0xa5,0x08,0xa5,0x08,0xa5,0x08,0xa5,0x08,0xa5,0x08,0xa5,0x08,0xa5,0x08,0xa5,0x08,
    0xa5,0x08,0xa5,0x08,0xa5,0x08,0xa5,0x08,0xa5,0x08,0xa5,0x08,0xa5,0x08,0xa5,0x08,
    0xa5,0x08,0xa5,0x08,0xa5,0x08,0xa5,0x08,0xa5,0x08,0xa5,0x08,0xa5,0x08,0xa5,0x08,
    0xa5,0x08,0xa5,0x08,0xa5,0x08,0xa5,0x08,0xa5,0x08,0xa5,0x08,0xa5,0x08,0xa5,0x08,
    0xa5,0x08,0xa5,0x08,0xa5,0x08,0xa5,0x08,0xa5,0x08,0xa5,0x08,0xa5,0x08,0xa5,0x08,
    0xa5,0x08,0xa5,0x08,0xa5,0x08,0xa5,0x08,0xa5,0x08,0xa5,0x08,0xa5,0x08,0xa5,0x08,
    0xa5,0x08,0xa5,0x08,0xa5,0x08,0xa5,0x08,0xa5,0x08,0xa5,0x08,0xa5,0x08,0xa5,0x08,
    0xa5,0x08,0xa5,0x08,0xa5,0x08,0xa5,0x08,0xa5,0x08,0xa5,0x08,0xa5,0x08,0xa5,0x08,
    0xa5,0x08,0xa5,0x08,0xa5,0x08,0xa5,0x08,0xa5,0x08,0xa5,0x08,0xa5,0x08,0xa5,0x08,
    0xa5,0x08,0xa5,0x08,0xa5,0x08,0xa5,0x08,0xa5,0x08,0xa5,0x08,0xa5,0x08,0xa5,0x08,
    0xa5,0x08,0xa5,0x08,0xa5,0x08,0xa5,0x08,0xa5,0x08,0xa5,0x08,0xa5,0x08,0xa5,0x08,
    0xa5,0x08,0xa5,0x08,0xa5,0x08,0xa5,0x08,0xa5,0x08,0xa5,0x08,0xa5,0x08,0xa5,0x08,
    0xa5,0x08,0xa5,0x08,0xa5,0x08,0xa5,0x08,0xa5,0x08,0xa5,0x08,0xa5,0x08,0xa5,0x08,
    0xa5,0x08,0xa5,0x08,0xa5,0x08,0xa5,0x08,0xa5,0x08,0xa5,0x08,0xa5,0x08,0xa5,0x08,
    0xa5,0x08,0xa5,0x08,0xa5,0x08,0xa5,0x08,0xa5,0x08,0xa5,0x08,0xa5,0x08,0xa5,0x08,
    0xa5,0x08,0xa5,0x08,0xa5,0x08,0xa5,0x08,0xa5,0x08,0xa5,0x08,0xa5,0x08,0xa5,0x08,
    0xa5,0x08,0xa5,0x08,0xa5,0x08,0xa5,0x08,0xa5,0x08,0xa5,0x08,0xa5,0x08,0xa5,0x08,
    0xa5,0x08,0xa5,0x08,0xa5,0x08,0xa5,0x08,0xa5,0x08,0xa5,0x08,0xa5,0x08,0xa5,0x08,
    0xa5,0x08,0xa5,0x08,0xa5,0x08,0xa5,0x08,0xa5,0x08,0xa5,0x08,0xa5,0x08,0xa5,0x08,
    0xa5,0x08,0xa5,0x08,0xa5,0x08,0xa5,0x08,0xa5,0x08,0xa5,0x08,0xa5,0x08,0xa5,0x08,
    0xa5,0x08,0xa5,0x08,0xa5,0x08,0xa5,0x08,0xa5,0x08,0xa5,0x08,0xa5,0x08,0xa5,0x08,
    0xa5,0x08,0xa5,0x08,0xa5,0x08,0xa5,0x08,0xa5,0x08,0xa5,0x08,0xa5,0x08,0xa5,0x08,
    0xa5,0x08,0xa5,0x08,0xa5,0x08,0xa5,0x08,0xa5,0x08,0xa5,0x08,0xa5,0x08,0xa5,0x08,
    0xa5,0x08,0xa5,0x08,0xa5,0x08,0xa5,0x08,0xa5,0x08,0xa5,0x08,0xa5,0x08,0xa5,0x08,
    0xa5,0x08,0xa5,0x08,0xa5,0x08,0xa5,0x08,0xa5,0x08,0xa5,0x08,0xa5,0x08,0xa5,0x08,
    0xa5,0x08,0xa5,0x08,0xa5,0x08,0xa5,0x08,0xa5,0x08,0xa5,0x08,0xa5,0x08,0xa5,0x08,
    0xa5,0x08,0xa5,0x08,0xa5,0x08,0xa5,0x08,0xa5,0x08,0xa5,0x08,0xa5,0x08,0xa5,0x08,
    0xa5,0x08,0xa5,0x08,0xa5,0x08,0xa5,0x08,0xa5,0x08,0xa5,0x08,0xa5,0x08,0xa5,0x08,
    0xa5,0x08,0xa5,0x08,0xa5,0x08,0xa5,0x08,0xa5,0x08,0xa5,0x08,0xa5,0x08,0xa5,0x08,
    0xa5,0x08,0xa5,0x08,0xa5,0x08,0xa5,0x08,0xa5,0x08,0xa5,0x08,0xa5,0x08,0xa5,0x08,
    0xa5,0x08,0xa5,0x08,0xa5,0x08,0xa5,0x08,0xa5,0x08,0xa5,0x08,0xa5,0x08,0xa5,0x08,
    0xa5,0x08,0xa5,0x08,0xa5,0x08,0xa5,0x08,0xa5,0x08,0xa5,0x08,0xa5,0x08,0xa5,0x08,
    0xa5,0x08,0xa5,0x08,0xa5,0x08,0xa5,0x08,0xa5,0x08,0xa5,0x08,0xa5,0x08,0xa5,0x08,
    0xa5,0x08,0xa5,0x08,0xa5,0x08,0xa5,0x08,0xa5,0x08,0xa5,0x08,0xa5,0x08,0xa5,0x08,
    0xa5,0x08,0xa5,0x08,0xa5,0x08,0xa5,0x08,0xa5,0x08,0xa5,0x08,0xa5,0x08,0xa5,0x08,
    0xa5,0x08,0xa5,0x08,0xa5,0x08,0xa5,0x08,0xa5,0x08,0xa5,0x08,0xa5,0x08,0xa5,0x08,
    0xa5,0x08,0xa5,0x08,0xa5,0x08,0xa5,0x08,0xa5,0x08,0xa5,0x08,0xa5,0x08,0xa5,0x08,
    0xa5,0x08,0xa5,0x08,0xa5,0x08,0xa5,0x08,0xa5,0x08,0xa5,0x08,0xa5,0x08,0xa5,0x08,
    0xa5,0x08,0xa5,0x08,0xa5,0x08,0xa5,0x08,0xa5,0x08,0xa5,0x08,0xa5,0x08,0xa5,0x08,
    0xa5,0x08,0xa5,0x08,0xa5,0x08,0xa5,0x08,0xa5,0x08,0xa5,0x08,0xa5,0x08,0xa5,0x08,
    0xa5,0x08,0xa5,0x08,0xa5,0x08,0xa5,0x08,0xa5,0x08,0xa5,0x08,0xa5,0x08,0xa5,0x08,
    0xa5,0x08,0xa5,0x08,0xa5,0x08,0xa5,0x08,0xa5,0x08,0xa5,0x08,0xa5,0x08,0xa5,0x08,
    0xa5,0x08,0xa5,0x08,0xa5,0x08,0xa5,0x08,0xa5,0x08,0xa5,0x08,0xa5,0x08,0xa5,0x08,
    0xa5,0x08,0xa5,0x08,0xa5,0x08,0xa5,0x08,0xa5,0x08,0xa5,0x08,0xa5,0x08,0xa5,0x08,
    0xa5,0x08,0xa5,0x08,0xa5,0x08,0xa5,0x08,0xa5,0x08,0xa5,0x08,0xa5,0x08,0xa5,0x08,
    0xa5,0x08,0xa5,0x08,0xa5,0x08,0xa5,0x08,0xa5,0x08,0xa5,0x08,0xa5,0x08,0xa5,0x08,
    0xa5,0x08,0xa5,0x08,0xa5,0x08,0xa5,0x08,0xa5,0x08,0xa5,0x08,0xa5,0x08,0xa5,0x08,
    0xa5,0x08,0xa5,0x08,0xa5,0x08,0xa5,0x08,0xa5,0x08,0xa5,0x08,0xa5,0x08,0xa5,0x08,
    0xa5,0x08,0xa5,0x08,0xa5,0x08,0xa5,0x08,0xa5,0x08,0xa5,0x08,0xa5,0x08,0xa5,0x08,
    0xa5,0x08,0xa5,0x08,0xa5,0x08,0xa5,0x08,0xa5,0x08,0xa5,0x08,0xa5,0x08,0xa5,0x08,
    0xa5,0x08,0xa5,0x08,0xa5,0x08,0xa5,0x08,0xa5,0x08,0xa5,0x08,0xa5,0x08,0xa5,0x08,
    0xa5,0x08,0xa5,0x08,0xa5,0x08,0xa5,0x08,0xa5,0x08,0xa5,0x08,0xa5,0x08,0xa5,0x08,
    0xa5,0x08,0xa5,0x08,0xa5,0x08,0xa5,0x08,0xa5,0x08,0xa5,0x08,0xa5,0x08,0xa5,0x08,
    0xa5,0x08,0xa5,0x08,0xa5,0x08,0xa5,0x08,0xa5,0x08,0xa5,0x08,0xa5,0x08,0xa5,0x08,
    0xa5,0x08,0xa5,0x08,0xa5,0x08,0xa5,0x08,0xa5,0x08,0xa5,0x08,0xa5,0x08,0xa5,0x08,
    0xa5,0x08,0xa5,0x08,0xa5,0x08,0xa5,0x08,0xa5,0x08,0xa5,0x08,0xa5,0x08,0xa5,0x08,
    0xa5,0x08,0xa5,0x08,0xa5,0x08,0xa5,0x08,0xa5,0x08,0xa5,0x08,0xa5,0x08,0xa5,0x08,
    0xa5,0x08,0xa5,0x08,0xa5,0x08,0xa5,0x08,0xa5,0x08,0xa5,0x08,0xa5,0x08,0xa5,0x08,
    0xa5,0x08,0xa5,0x08,0xa5,0x08,0xa5,0x08,0xa5,0x08,0xa5,0x08,0xa5,0x08,0xa5,0x08,
    0xa5,0x08,0xa5,0x08,0xa5,0x08,0xa5,0x08,0xa5,0x08,0xa5,0x08,0xa5,0x08,0xa5,0x08,
    0xa5,0x08,0xa5,0x08,0xa5,0x08,0xa5,0x08,0xa5,0x08,0xa5,0x08,0xa5,0x08,0xa5,0x08,
    0xa5,0x08,0xa5,0x08,0xa5,0x08,0xa5,0x08,0xa5,0x08,0xa5,0x08,0xa5,0x08,0xa5,0x08,
    0xa5,0x08,0xa5,0x08,0xa5,0x08,0xa5,0x08,0xa5,0x08,0xa5,0x08,0xa5,0x08,0xa5,0x08,
    0xa5,0x08,0xa5,0x08,0xa5,0x08,0xa5,0x08,0xa5,0x08,0xa5,0x08,0xa5,0x08,0xa5,0x08,
    0xa5,0x08,0xa5,0x08,0xa5,0x08,0xa5,0x08,0xa5,0x08,0xa5,0x08,0xa5,0x08,0xa5,0x08,
    0xa5,0x08,0xa5,0x08,0xa5,0x08,0xa5,0x08,0xa5,0x08,0xa5,0x08,0xa5,0x08,0xa5,0x08,
    0xa5,0x08,0xa5,0x08,0xa5,0x08,0xa5,0x08,0xa5,0x08,0xa5,0x08,0xa5,0x08,0xa5,0x08,
    0xa5,0x08,0xa5,0x08,0xa5,0x08,0xa5,0x08,0xa5,0x08,0xa5,0x08,0xa5,0x08,0xa5,0x08,
    0xa5,0x08,0xa5,0x08,0xa5,0x08,0xa5,0x08,0xa5,0x08,0xa5,0x08,0xa5,0x08,0xa5,0x08,
    0xa5,0x08,0xa5,0x08,0xa5,0x08,0xa5,0x08,0xa5,0x08,0xa5,0x08,0xa5,0x08,0xa5,0x08,
    0xa5,0x08,0xa5,0x08,0xa5,0x08,0xa5,0x08,0xa5,0x08,0xa5,0x08,0xa5,0x08,0xa5,0x08,
    0xa5,0x08,0xa5,0x08,0xa5,0x08,0xa5,0x08,0xa5,0x08,0xa5,0x08,0xa5,0x08,0xa5,0x08,
    0xa5,0x08,0xa5,0x08,0xa5,0x08,0xa5,0x08,0xa5,0x08,0xa5,0x08,0xa5,0x08,0xa5,0x08,
    0xa5,0x08,0xa5,0x08,0xa5,0x08,0xa5,0x08,0xa5,0x08,0xa5,0x08,0xa5,0x08,0xa5,0x08,
    0xa5,0x08,0xa5,0x08,0xa5,0x08,0xa5,0x08,0xa5,0x08,0xa5,0x08,0xa5,0x08,0xa5,0x08,
    0xa5,0x08,0xa5,0x08,0xa5,0x08,0xa5,0x08,0xa5,0x08,0xa5,0x08,0xa5,0x08,0xa5,0x08,
    0xa5,0x08,0xa5,0x08,0xa5,0x08,0xa5,0x08,0xa5,0x08,0xa5,0x08,0xa5,0x08,0xa5,0x08,
    0xa5,0x08,0xa5,0x08,0xa5,0x08,0xa5,0x08,0xa5,0x08,0xa5,0x08,0xa5,0x08,0xa5,0x08,
    0xa5,0x08,0xa5,0x08,0xa5,0x08,0xa5,0x08,0xa5,0x08,0xa5,0x08,0xa5,0x08,0xa5,0x08,
    0xa5,0x08,0xa5,0x08,0xa5,0x08,0xa5,0x08,0xa5,0x08,0xa5,0x08,0xa5,0x08,0xa5,0x08,
    0xa5,0x08,0xa5,0x08,0xa5,0x08,0xa5,0x08,0xa5,0x08,0xa5,0x08,0xa5,0x08,0xa5,0x08,
    0xa5,0x08,0xa5,0x08,0xa5,0x08,0xa5,0x08,0xa5,0x08,0xa5,0x08,0xa5,0x08,0xa5,0x08,
    0xa5,0x08,0xa5,0x08,0xa5,0x08,0xa5,0x08,0xa5,0x08,0xa5,0x08,0xa5,0x08,0xa5,0x08,
    0xa5,0x08,0xa5,0x08,0xa5,0x08,0xa5,0x08,0xa5,0x08,0xa5,0x08,0xa5,0x08,0xa5,0x08,
    0xa5,0x08,0xa5,0x08,0xa5,0x08,0xa5,0x08,0xa5,0x08,0xa5,0x08,0xa5,0x08,0xa5,0x08,
    0xa5,0x08,0xa5,0x08,0xa5,0x08,0xa5,0x08,0xa5,0x08,0xa5,0x08,0xa5,0x08,0xa5,0x08,
    0xa5,0x08,0xa5,0x08,0xa5,0x08,0xa5,0x08,0xa5,0x08,0xa5,0x08,0xa5,0x08,0xa5,0x08,
    0xa5,0x08,0xa5,0x08,0xa5,0x08,0xa5,0x08,0xa5,0x08,0xa5,0x08,0xa5,0x08,0xa5,0x08,
    0xa5,0x08,0xa5,0x08,0xa5,0x08,0xa5,0x08,0xa5,0x08,0xa5,0x08,0xa5,0x08,0xa5,0x08,
    0xa5,0x08,0xa5,0x08,0xa5,0x08,0xa5,0x08,0xa5,0x08,0xa5,0x08,0xa5,0x08,0xa5,0x08,
    0xa5,0x08,0xa5,0x08,0xa5,0x08,0xa5,0x08,0xa5,0x08,0xa5,0x08,0xa5,0x08,0xa5,0x08,
    0xa5,0x08,0xa5,0x08,0xa5,0x08,0xa5,0x08,0xa5,0x08,0xa5,0x08,0xa5,0x08,0xa5,0x08,
    0xa5,0x08,0xa5,0x08,0xa5,0x08,0xa5,0x08,0xa5,0x08,0xa5,0x08,0xa5,0x08,0xa5,0x08,
    0xa5,0x08,0xa5,0x08,0xa5,0x08,0xa5,0x08,0xa5,0x08,0xa5,0x08,0xa5,0x08,0xa5,0x08,
    0xa5,0x08,0xa5,0x08,0xa5,0x08,0xa5,0x08,0xa5,0x08,0xa5,0x08,0xa5,0x08,0xa5,0x08,
    0xa5,0x08,0xa5,0x08,0xa5,0x08,0xa5,0x08,0xa5,0x08,0xa5,0x08,0xa5,0x08,0xa5,0x08,
    0xa5,0x08,0xa5,0x08,0xa5,0x08,0xa5,0x08,0xa5,0x08,0xa5,0x08,0xa5,0x08,0xa5,0x08,
    0xa5,0x08,0xa5,0x08,0xa5,0x08,0xa5,0x08,0xa5,0x08,0xa5,0x08,0xa5,0x08,0xa5,0x08,
    0xa5,0x08,0xa5,0x08,0xa5,0x08,0xa5,0x08,0xa5,0x08,0xa5,0x08,0xa5,0x08,0xa5,0x08,
    0xa5,0x08,0xa5,0x08,0xa5,0x08,0xa5,0x08,0xa5,0x08,0xa5,0x08,0xa5,0x08,0xa5,0x08,
    0xa5,0x08,0xa5,0x08,0xa5,0x08,0xa5,0x08,0xa5,0x08,0xa5,0x08,0xa5,0x08,0xa5,0x08,
    0xa5,0x08,0xa5,0x08,0xa5,0x08,0xa5,0x08,0xa5,0x08,0xa5,0x08,0xa5,0x08,0xa5,0x08,
    0xa5,0x08,0xa5,0x08,0xa5,0x08,0xa5,0x08,0xa5,0x08,0xa5,0x08,0xa5,0x08,0xa5,0x08,
    0xa5,0x08,0xa5,0x08,0xa5,0x08,0xa5,0x08,0xa5,0x08,0xa5,0x08,0xa5,0x08,0xa5,0x08,
    0xa5,0x08,0xa5,0x08,0xa5,0x08,0xa5,0x08,0xa5,0x08,0xa5,0x08,0xa5,0x08,0xa5,0x08,
    0xa5,0x08,0xa5,0x08,0xa5,0x08,0xa5,0x08,0xa5,0x08,0xa5,0x08,0xa5,0x08,0xa5,0x08,
    0xa5,0x08,0xa5,0x08,0xa5,0x08,0xa5,0x08,0xa5,0x08,0xa5,0x08,0xa5,0x08,0xa5,0x08,
    0xa5,0x08,0xa5,0x08,0xa5,0x08,0xa5,0x08,0xa5,0x08,0xa5,0x08,0xa5,0x08,0xa5,0x08,
    0xa5,0x08,0xa5,0x08,0xa5,0x08,0xa5,0x08,0xa5,0x08,0xa5,0x08,0xa5,0x08,0xa5,0x08,
    0xa5,0x08,0xa5,0x08,0xa5,0x08,0xa5,0x08,0xa5,0x08,0xa5,0x08,0xa5,0x08,0xa5,0x08,
    0xa5,0x08,0xa5,0x08,0xa5,0x08,0xa5,0x08,0xa5,0x08,0xa5,0x08,0xa5,0x08,0xa5,0x08,
    0xa5,0x08,0xa5,0x08,0xa5,0x08,0xa5,0x08,0xa5,0x08,0xa5,0x08,0xa5,0x08,0xa5,0x08,
    0xa5,0x08,0xa5,0x08,0xa5,0x08,0xa5,0x08,0xa5,0x08,0xa5,0x08,0xa5,0x08,0xa5,0x08,
    0xa5,0x08,0xa5,0x08,0xa5,0x08,0xa5,0x08,0xa5,0x08,0xa5,0x08,0xa5,0x08,0xa5,0x08,
    0xa5,0x08,0xa5,0x08,0xa5,0x08,0xa5,0x08,0xa5,0x08,0xa5,0x08,0xa5,0x08,0xa5,0x08,
    0xa5,0x08,0xa5,0x08,0xa5,0x08,0xa5,0x08,0xa5,0x08,0xa5,0x08,0xa5,0x08,0xa5,0x08,
    0xa5,0x08,0xa5,0x08,0xa5,0x08,0xa5,0x08,0xa5,0x08,0xa5,0x08,0xa5,0x08,0xa5,0x08,
    0xa5,0x08,0xa5,0x08,0xa5,0x08,0xa5,0x08,0xa5,0x08,0xa5,0x08,0xa5,0x08,0xa5,0x08,
    0xa5,0x08,0xa5,0x08,0xa5,0x08,0xa5,0x08,0xa5,0x08,0xa5,0x08,0xa5,0x08,0xa5,0x08,
    0xa5,0x08,0xa5,0x08,0xa5,0x08,0xa5,0x08,0xa5,0x08,0xa5,0x08,0xa5,0x08,0xa5,0x08,
    0xa5,0x08,0xa5,0x08,0xa5,0x08,0xa5,0x08,0xa5,0x08,0xa5,0x08,0xa5,0x08,0xa5,0x08,
    0xa5,0x08,0xa5,0x08,0xa5,0x08,0xa5,0x08,0xa5,0x08,0xa5,0x08,0xa5,0x08,0xa5,0x08,
    0xa5,0x08,0xa5,0x08,0xa5,0x08,0xa5,0x08,0xa5,0x08,0xa5,0x08,0xa5,0x08,0xa5,0x08,
    0xa5,0x08,0xa5,0x08,0xa5,0x08,0xa5,0x08,0xa5,0x08,0xa5,0x08,0xa5,0x08,0xa5,0x08,
    0xa5,0x08,0xa5,0x08,0xa5,0x08,0xa5,0x08,0xa5,0x08,0xa5,0x08,0xa5,0x08,0xa5,0x08,
    0xa5,0x08,0xa5,0x08,0xa5,0x08,0xa5,0x08,0xa5,0x08,0xa5,0x08,0xa5,0x08,0xa5,0x08,
    0xa5,0x08,0xa5,0x08,0xa5,0x08,0xa5,0x08,0xa5,0x08,0xa5,0x08,0xa5,0x08,0xa5,0x08,
    0xa5,0x08,0xa5,0x08,0xa5,0x08,0xa5,0x08,0xa5,0x08,0xa5,0x08,0xa5,0x08,0xa5,0x08,
    0xa5,0x08,0xa5,0x08,0xa5,0x08,0xa5,0x08,0xa5,0x08,0xa5,0x08,0xa5,0x08,0xa5,0x08,
    0xa5,0x08,0xa5,0x08,0xa5,0x08,0xa5,0x08,0xa5,0x08,0xa5,0x08,0xa5,0x08,0xa5,0x08,
    0xa5,0x08,0xa5,0x08,0xa5,0x08,0xa5,0x08,0xa5,0x08,0xa5,0x08,0xa5,0x08,0xa5,0x08,
    0xa5,0x08,0xa5,0x08,0xa5,0x08,0xa5,0x08,0xa5,0x08,0xa5,0x08,0xa5,0x08,0xa5,0x08,
    0xa5,0x08,0xa5,0x08,0xa5,0x08,0xa5,0x08,0xa5,0x08,0xa5,0x08,0xa5,0x08,0xa5,0x08,
    0xa5,0x08,0xa5,0x08,0xa5,0x08,0xa5,0x08,0xa5,0x08,0xa5,0x08,0xa5,0x08,0xa5,0x08,
    0xa5,0x08,0xa5,0x08,0xa5,0x08,0xa5,0x08,0xa5,0x08,0xa5,0x08,0xa5,0x08,0xa5,0x08,
    0xa5,0x08,0xa5,0x08,0xa5,0x08,0xa5,0x08,0xa5,0x08,0xa5,0x08,0xa5,0x08,0xa5,0x08,
    0xa5,0x08,0xa5,0x08,0xa5,0x08,0xa5,0x08,0xa5,0x08,0xa5,0x08,0xa5,0x08,0xa5,0x08,
    0xa5,0x08,0xa5,0x08,0xa5,0x08,0xa5,0x08,0xa5,0x08,0xa5,0x08,0xa5,0x08,0xa5,0x08,
    0xa5,0x08,0xa5,0x08,0xa5,0x08,0xa5,0x08,0xa5,0x08,0xa5,0x08,0xa5,0x08,0xa5,0x08,
    0xa5,0x08,0xa5,0x08,0xa5,0x08,0xa5,0x08,0xa5,0x08,0xa5,0x08,0xa5,0x08,0xa5,0x08,
    0xa5,0x08,0xa5,0x08,0xa5,0x08,0xa5,0x08,0xa5,0x08,0xa5,0x08,0xa5,0x08,0xa5,0x08,
    0xa5,0x08,0xa5,0x08,0xa5,0x08,0xa5,0x08,0xa5,0x08,0xa5,0x08,0xa5,0x08,0xa5,0x08,
    0xa5,0x08,0xa5,0x08,0xa5,0x08,0xa5,0x08,0xa5,0x08,0xa5,0x08,0xa5,0x08,0xa5,0x08,
    0xa5,0x08,0xa5,0x08,0xa5,0x08,0xa5,0x08,0xa5,0x08,0xa5,0x08,0xa5,0x08,0xa5,0x08,
    0xa5,0x08,0xa5,0x08,0xa5,0x08,0xa5,0x08,0xa5,0x08,0xa5,0x08,0xa5,0x08,0xa5,0x08,
    0xa5,0x08,0xa5,0x08,0xa5,0x08,0xa5,0x08,0xa5,0x08,0xa5,0x08,0xa5,0x08,0xa5,0x08,
    0xa5,0x08,0xa5,0x08,0xa5,0x08,0xa5,0x08,0xa5,0x08,0xa5,0x08,0xa5,0x08,0xa5,0x08,
    0xa5,0x08,0xa5,0x08,0xa5,0x08,0xa5,0x08,0xa5,0x08,0xa5,0x08,0xa5,0x08,0xa5,0x08,
    0xa5,0x08,0xa5,0x08,0xa5,0x08,0xa5,0x08,0xa5,0x08,0xa5,0x08,0xa5,0x08,0xa5,0x08,
    0xa5,0x08,0xa5,0x08,0xa5,0x08,0xa5,0x08,0xa5,0x08,0xa5,0x08,0xa5,0x08,0xa5,0x08,
    0xa5,0x08,0xa5,0x08,0xa5,0x08,0xa5,0x08,0xa5,0x08,0xa5,0x08,0xa5,0x08,0xa5,0x08,
    0xa5,0x08,0xa5,0x08,0xa5,0x08,0xa5,0x08,0xa5,0x08,0xa5,0x08,0xa5,0x08,0xa5,0x08,
    0xa5,0x08,0xa5,0x08,0xa5,0x08,0xa5,0x08,0xa5,0x08,0xa5,0x08,0xa5,0x08,0xa5,0x08,
    0xa5,0x08,0xa5,0x08,0xa5,0x08,0xa5,0x08,0xa5,0x08,0xa5,0x08,0xa5,0x08,0xa5,0x08,
    0xa5,0x08,0xa5,0x08,0xa5,0x08,0xa5,0x08,0xa5,0x08,0xa5,0x08,0xa5,0x08,0xa5,0x08,
    0xa5,0x08,0xa5,0x08,0xa5,0x08,0xa5,0x08,0xa5,0x08,0xa5,0x08,0xa5,0x08,0xa5,0x08,
    0xa5,0x08,0xa5,0x08,0xa5,0x08,0xa5,0x08,0xa5,0x08,0xa5,0x08,0xa5,0x08,0xa5,0x08,
    0xa5,0x08,0xa5,0x08,0xa5,0x08,0xa5,0x08,0xa5,0x08,0xa5,0x08,0xa5,0x08,0xa5,0x08,
    0xa5,0x08,0xa5,0x08,0xa5,0x08,0xa5,0x08,0xa5,0x08,0xa5,0x08,0xa5,0x08,0xa5,0x08,
    0xa5,0x08,0xa5,0x08,0xa5,0x08,0xa5,0x08,0xa5,0x08,0xa5,0x08,0xa5,0x08,0xa5,0x08,
    0xa5,0x08,0xa5,0x08,0xa5,0x08,0xa5,0x08,0xa5,0x08,0xa5,0x08,0xa5,0x08,0xa5,0x08,
    0xa5,0x08,0xa5,0x08,0xa5,0x08,0xa5,0x08,0xa5,0x08,0xa5,0x08,0xa5,0x08,0xa5,0x08,
    0xa5,0x08,0xa5,0x08,0xa5,0x08,0xa5,0x08,0xa5,0x08,0xa5,0x08,0xa5,0x08,0xa5,0x08,
    0xa5,0x08,0xa5,0x08,0xa5,0x08,0xa5,0x08,0xa5,0x08,0xa5,0x08,0xa5,0x08,0xa5,0x08,
    0xa5,0x08,0xa5,0x08,0xa5,0x08,0xa5,0x08,0xa5,0x08,0xa5,0x08,0xa5,0x08,0xa5,0x08,
    0xa5,0x08,0xa5,0x08,0xa5,0x08,0xa5,0x08,0xa5,0x08,0xa5,0x08,0xa5,0x08,0xa5,0x08,
    0xa5,0x08,0xa5,0x08,0xa5,0x08,0xa5,0x08,0xa5,0x08,0xa5,0x08,0xa5,0x08,0xa5,0x08,
    0xa5,0x08,0xa5,0x08,0xa5,0x08,0xa5,0x08,0xa5,0x08,0xa5,0x08,0xa5,0x08,0xa5,0x08,
    0xa5,0x08,0xa5,0x08,0xa5,0x08,0xa5,0x08,0xa5,0x08,0xa5,0x08,0xa5,0x08,0xa5,0x08,
    0xa5,0x08,0xa5,0x08,0xa5,0x08,0xa5,0x08,0xa5,0x08,0xa5,0x08,0xa5,0x08,0xa5,0x08,
    0xa5,0x08,0xa5,0x08,0xa5,0x08,0xa5,0x08,0xa5,0x08,0xa5,0x08,0xa5,0x08,0xa5,0x08,
    0xa5,0x08,0xa5,0x08,0xa5,0x08,0xa5,0x08,0xa5,0x08,0xa5,0x08,0xa5,0x08,0xa5,0x08,
    0xa5,0x08,0xa5,0x08,0xa5,0x08,0xa5,0x08,0xa5,0x08,0xa5,0x08,0xa5,0x08,0xa5,0x08,
    0xa5,0x08,0xa5,0x08,0xa5,0x08,0xa5,0x08,0xa5,0x08,0xa5,0x08,0xa5,0x08,0xa5,0x08,
    0xa5,0x08,0xa5,0x08,0xa5,0x08,0xa5,0x08,0xa5,0x08,0xa5,0x08,0xa5,0x08,0xa5,0x08,
    0xa5,0x08,0xa5,0x08,0xa5,0x08,0xa5,0x08,0xa5,0x08,0xa5,0x08,0xa5,0x08,0xa5,0x08,
    0xa5,0x08,0xa5,0x08,0xa5,0x08,0xa5,0x08,0xa5,0x08,0xa5,0x08,0xa5,0x08,0xa5,0x08,
    0xa5,0x08,0xa5,0x08,0xa5,0x08,0xa5,0x08,0xa5,0x08,0xa5,0x08,0xa5,0x08,0xa5,0x08,
    0xa5,0x08,0xa5,0x08,0xa5,0x08,0xa5,0x08,0xa5,0x08,0xa5,0x08,0xa5,0x08,0xa5,0x08,
    0xa5,0x08,0xa5,0x08,0xa5,0x08,0xa5,0x08,0xa5,0x08,0xa5,0x08,0xa5,0x08,0xa5,0x08,
    0xa5,0x08,0xa5,0x08,0xa5,0x08,0xa5,0x08,0xa5,0x08,0xa5,0x08,0xa5,0x08,0xa5,0x08,
    0xa5,0x08,0xa5,0x08,0xa5,0x08,0xa5,0x08,0xa5,0x08,0xa5,0x08,0xa5,0x08,0xa5,0x08,
    0xa5,0x08,0xa5,0x08,0xa5,0x08,0xa5,0x08,0xa5,0x08,0xa5,0x08,0xa5,0x08,0xa5,0x08,
    0xa5,0x08,0xa5,0x08,0xa5,0x08,0xa5,0x08,0xa5,0x08,0xa5,0x08,0xa5,0x08,0xa5,0x08,
    0xa5,0x08,0xa5,0x08,0xa5,0x08,0xa5,0x08,0xa5,0x08,0xa5,0x08,0xa5,0x08,0xa5,0x08,
    0xa5,0x08,0xa5,0x08,0xa5,0x08,0xa5,0x08,0xa5,0x08,0xa5,0x08,0xa5,0x08,0xa5,0x08,
    0xa5,0x08,0xa5,0x08,0xa5,0x08,0xa5,0x08,0xa5,0x08,0xa5,0x08,0xa5,0x08,0xa5,0x08,
    0xa5,0x08,0xa5,0x08,0xa5,0x08,0xa5,0x08,0xa5,0x08,0xa5,0x08,0xa5,0x08,0xa5,0x08,
    0xa5,0x08,0xa5,0x08,0xa5,0x08,0xa5,0x08,0xa5,0x08,0xa5,0x08,0xa5,0x08,0xa5,0x08,
    0xa5,0x08,0xa5,0x08,0xa5,0x08,0xa5,0x08,0xa5,0x08,0xa5,0x08,0xa5,0x08,0xa5,0x08,
    0xa5,0x08,0xa5,0x08,0xa5,0x08,0xa5,0x08,0xa5,0x08,0xa5,0x08,0xa5,0x08,0xa5,0x08,
};

const lv_image_dsc_t quantum_watch_startup_logo_220_220 = {
  .header.magic = LV_IMAGE_HEADER_MAGIC,
  .header.cf = LV_COLOR_FORMAT_RGB565,
  .header.flags = 0,
  .header.w = 220,
  .header.h = 220,
  .header.stride = 440,
  .data_size = sizeof(quantum_watch_startup_logo_220_220_map),
  .data = quantum_watch_startup_logo_220_220_map,
};
